This is LuaHBTeX, Version 1.24.0 (TeX Live 2026)  (format=lualatex 2026.3.6)  14 JUN 2026 21:14
 system commands enabled.
**default
(./default.tex
LaTeX2e <2025-11-01>
L3 programming layer <2026-01-19>
Lua module: luaotfload 2024-12-03 v3.29 Lua based OpenType font support
Lua module: lualibs 2023-07-13 v2.76 ConTeXt Lua standard libraries.
Lua module: lualibs-extended 2023-07-13 v2.76 ConTeXt Lua libraries -- extended 
collection.
luaotfload | conf : Root cache directory is "/Users/abi.palagashvili/Library/tex
live/2026/texmf-var/luatex-cache/generic/names".
luaotfload | init : Loading fontloader "fontloader-2023-12-28.lua" from kpse-res
olved path "/usr/local/texlive/2026/texmf-dist/tex/luatex/luaotfload/fontloader-
2023-12-28.lua".
Lua-only attribute luaotfload@noligature = 1
luaotfload | init : Context OpenType loader version 3.134
Inserting `luaotfload.node_processor' in `pre_linebreak_filter'.
Inserting `luaotfload.node_processor' in `hpack_filter'.
Inserting `luaotfload.glyph_stream' in `glyph_stream_provider'.
Inserting `luaotfload.define_font' in `define_font'.
Lua-only attribute luaotfload_color_attribute = 2
luaotfload | conf : Root cache directory is "/Users/abi.palagashvili/Library/tex
live/2026/texmf-var/luatex-cache/generic/names".
Inserting `luaotfload.harf.strip_prefix' in `find_opentype_file'.
Inserting `luaotfload.harf.strip_prefix' in `find_truetype_file'.
Removing  `luaotfload.glyph_stream' from `glyph_stream_provider'.
Inserting `luaotfload.harf.glyphstream' in `glyph_stream_provider'.
Inserting `luaotfload.harf.finalize_vlist' in `post_linebreak_filter'.
Inserting `luaotfload.harf.finalize_hlist' in `hpack_filter'.
Inserting `luaotfload.cleanup_files' in `wrapup_run'.
Inserting `luaotfload.harf.finalize_unicode' in `finish_pdffile'.
Inserting `luaotfload.glyphinfo' in `glyph_info'.
Lua-only attribute luaotfload.letterspace_done = 3
Inserting `luaotfload.aux.set_sscale_dimens' in `luaotfload.patch_font'.
Inserting `luaotfload.aux.set_font_index' in `luaotfload.patch_font'.
Inserting `luaotfload.aux.patch_cambria_domh' in `luaotfload.patch_font'.
Inserting `luaotfload.aux.fixup_fontdata' in `luaotfload.patch_font_unsafe'.
Inserting `luaotfload.aux.set_capheight' in `luaotfload.patch_font'.
Inserting `luaotfload.aux.set_xheight' in `luaotfload.patch_font'.
Inserting `luaotfload.rewrite_fontname' in `luaotfload.patch_font'.
Inserting `tracingstacklevels' in `input_level_string'. (./pfuproc.cls
(/usr/local/texlive/2026/texmf-dist/tex/latex/l3kernel/expl3.sty
Package: expl3 2026-01-19 L3 programming layer (loader) 

(/usr/local/texlive/2026/texmf-dist/tex/latex/l3backend/l3backend-luatex.def
File: l3backend-luatex.def 2025-10-09 L3 backend support: PDF output (LuaTeX)
\l__color_backend_stack_int=\count273
Inserting `l3color' in `luaotfload.parse_color'.))
Document Class: pfuproc 2024-05-09 v0.1.2 Bulletin of Peoples' Friendship Unive
rsity of Russia
(/usr/local/texlive/2026/texmf-dist/tex/latex/xkeyval/xkeyval.sty
Package: xkeyval 2025/11/04 v2.10 package option processing (HA)

(/usr/local/texlive/2026/texmf-dist/tex/generic/xkeyval/xkeyval.tex
(/usr/local/texlive/2026/texmf-dist/tex/generic/xkeyval/xkvutils.tex
\XKV@toks=\toks17
\XKV@tempa@toks=\toks18
\XKV@tempb@toks=\toks19

(/usr/local/texlive/2026/texmf-dist/tex/generic/xkeyval/keyval.tex))
\XKV@depth=\count274
File: xkeyval.tex 2014/12/03 v2.7a key=value parser (HA)
))
(/usr/local/texlive/2026/texmf-dist/tex/latex/geometry/geometry.sty
Package: geometry 2020/01/02 v5.9 Page Geometry

(/usr/local/texlive/2026/texmf-dist/tex/generic/iftex/ifvtex.sty
Package: ifvtex 2019/10/25 v1.7 ifvtex legacy package. Use iftex instead.

(/usr/local/texlive/2026/texmf-dist/tex/generic/iftex/iftex.sty
Package: iftex 2024/12/12 v1.0g TeX engine tests
))
\Gm@cnth=\count275
\Gm@cntv=\count276
\c@Gm@tempcnt=\count277
\Gm@bindingoffset=\dimen147
\Gm@wd@mp=\dimen148
\Gm@odd@mp=\dimen149
\Gm@even@mp=\dimen150
\Gm@layoutwidth=\dimen151
\Gm@layoutheight=\dimen152
\Gm@layouthoffset=\dimen153
\Gm@layoutvoffset=\dimen154
\Gm@dimlist=\toks20
) (./kproc.cls
Document Class: kproc 2007/12/05 v0.0.7.3
(/usr/local/texlive/2026/texmf-dist/tex/latex/etoolbox/etoolbox.sty
Package: etoolbox 2025/10/02 v2.5m e-TeX tools for LaTeX (JAW)
\etb@tempcnta=\count278
)
(/usr/local/texlive/2026/texmf-dist/tex/generic/xstring/xstring.sty
(/usr/local/texlive/2026/texmf-dist/tex/generic/xstring/xstring.tex
\xs_counta=\count279
\xs_countb=\count280
)
Package: xstring 2023/08/22 v1.86 String manipulations (CT)
)
\c@PFUtitle=\count281
\c@subtitle=\count282
\t@glob@notes=\toks21
\t@loc@notes=\toks22
\prev@elem=\count283
\cur@elem=\count284
\note@cnt=\count285
\c@PFUauthor=\count286
\c@altauthor=\count287
\n@author=\count288
\c@collab=\count289
\n@collab=\count290
\c@address=\count291
\c@altaddress=\count292
\t@abstract=\box53
\sv@hyphenpenalty=\count293
\t@altabstract=\box54
\sv@hyp=\count294
\t@abstract=\box55
\sv@hyphenpenalty=\count295
\linespacing=\dimen155
\normalparindent=\dimen156

(/usr/local/texlive/2026/texmf-dist/tex/latex/substr/substr.sty
Package: substr 2009/10/20 v1.2 Handle substrings
\c@su@anzahl=\count296
)
(/usr/local/texlive/2026/texmf-dist/tex/latex/xifthen/xifthen.sty
Package: xifthen 2015/11/05 v1.4.0 Extended ifthen features

(/usr/local/texlive/2026/texmf-dist/tex/latex/tools/calc.sty
Package: calc 2025/03/01 v4.3b Infix arithmetic (KKT,FJ)
\calc@Acount=\count297
\calc@Bcount=\count298
\calc@Adimen=\dimen157
\calc@Bdimen=\dimen158
\calc@Askip=\skip49
\calc@Bskip=\skip50
LaTeX Info: Redefining \setlength on input line 86.
LaTeX Info: Redefining \addtolength on input line 87.
\calc@Ccount=\count299
\calc@Cskip=\skip51
)
(/usr/local/texlive/2026/texmf-dist/tex/latex/base/ifthen.sty
Package: ifthen 2024/03/16 v1.1e Standard LaTeX ifthen package (DPC)
)
(/usr/local/texlive/2026/texmf-dist/tex/latex/ifmtarg/ifmtarg.sty
Package: ifmtarg 2018/04/16 v1.2b check for an empty argument
))
(./pfuproc/style/pfu-dcm.cli (./pfuproc/style/pfu-bulletin.cli
(./pfuproc/style/journal.cli)))
(/usr/local/texlive/2026/texmf-dist/tex/latex/koma-script/scrbook.cls
Document Class: scrbook 2026/02/02 v3.49.2 KOMA-Script document class (book)
(/usr/local/texlive/2026/texmf-dist/tex/latex/koma-script/scrkbase.sty
Package: scrkbase 2026/02/02 v3.49.2 KOMA-Script package (KOMA-Script-dependent
 basics and keyval usage)

(/usr/local/texlive/2026/texmf-dist/tex/latex/koma-script/scrbase.sty
Package: scrbase 2026/02/02 v3.49.2 KOMA-Script package (KOMA-Script-independen
t basics and keyval usage)

(/usr/local/texlive/2026/texmf-dist/tex/latex/koma-script/scrlfile.sty
Package: scrlfile 2026/02/02 v3.49.2 KOMA-Script package (file load hooks)

(/usr/local/texlive/2026/texmf-dist/tex/latex/koma-script/scrlfile-hook.sty
Package: scrlfile-hook 2026/02/02 v3.49.2 KOMA-Script package (using LaTeX hook
s)

(/usr/local/texlive/2026/texmf-dist/tex/latex/koma-script/scrlogo.sty
Package: scrlogo 2026/02/02 v3.49.2 KOMA-Script package (logo)
)))
Applying: [2021/05/01] Usage of raw or classic option list on input line 254.
Already applied: [0000/00/00] Usage of raw or classic option list on input line
 370.
))
(/usr/local/texlive/2026/texmf-dist/tex/latex/koma-script/tocbasic.sty
Package: tocbasic 2026/02/02 v3.49.2 KOMA-Script package (handling toc-files)
\scr@dte@tocline@numberwidth=\skip52
\scr@dte@tocline@numbox=\box56
)
Package tocbasic Info: omitting babel extension for `toc'
(tocbasic)             because of feature `nobabel' available
(tocbasic)             for `toc' on input line 143.
Package scrbook Info: You've used standard option `10pt'.
(scrbook)             This is correct!
(scrbook)             Internally I'm using `fontsize=10pt'.
(scrbook)             If you'd like to set the option with \KOMAoptions,
(scrbook)             you'd have to use `fontsize=10pt' there
(scrbook)             instead of `10pt', too.
Class scrbook Info: File `scrsize10pt.clo' used to setup font sizes on input li
ne 2713.

(/usr/local/texlive/2026/texmf-dist/tex/latex/koma-script/scrsize10pt.clo
File: scrsize10pt.clo 2026/02/02 v3.49.2 KOMA-Script font size class option (10
pt)
luaotfload | db : Font names database loaded from /Users/abi.palagashvili/Librar
y/texlive/2026/texmf-var/luatex-cache/generic/names/luaotfload-names.luc.gz)
(/usr/local/texlive/2026/texmf-dist/tex/latex/koma-script/typearea.sty
Package: typearea 2026/02/02 v3.49.2 KOMA-Script package (type area)
\ta@bcor=\skip53
\ta@div=\count300
\ta@hblk=\skip54
\ta@vblk=\skip55
\ta@temp=\skip56
\footheight=\skip57
Package typearea Info: These are the values describing the layout:
(typearea)             DIV  = 8
(typearea)             BCOR = 0.0pt
(typearea)             \paperwidth      = 597.50793pt
(typearea)              \textwidth      = 373.44246pt
(typearea)              DIV departure   = -4%
(typearea)              \evensidemargin = 77.107pt
(typearea)              \oddsidemargin  = 2.4185pt
(typearea)             \paperheight     = 845.04694pt
(typearea)              \textheight     = 538.0pt
(typearea)              \topmargin      = 0.36087pt
(typearea)              \headheight     = 15.0pt
(typearea)              \headsep        = 18.0pt
(typearea)              \topskip        = 10.0pt
(typearea)              \footskip       = 42.0pt
(typearea)              \baselineskip   = 12.0pt
(typearea)              on input line 1810.
)
\c_scrbook_cmdhook_cctab=\catcodetable14
\c@part=\count301
\c@chapter=\count302
\c@section=\count303
\c@subsection=\count304
\c@subsubsection=\count305
\c@paragraph=\count306
\c@subparagraph=\count307
\scr@dte@chapter@maxnumwidth=\skip58
Class scrbook Info: using compatibility default `afterindent=bysign'
(scrbook)           for `\chapter on input line 5945.
\scr@dte@section@maxnumwidth=\skip59
Class scrbook Info: using compatibility default `runin=bysign'
(scrbook)           for `\section on input line 5956.
Class scrbook Info: using compatibility default `afterindent=bysign'
(scrbook)           for `\section on input line 5956.
\scr@dte@part@maxnumwidth=\skip60
Class scrbook Info: using compatibility default `afterindent=true'
(scrbook)           for `\part on input line 5965.
\scr@dte@subsection@maxnumwidth=\skip61
Class scrbook Info: using compatibility default `runin=bysign'
(scrbook)           for `\subsection on input line 5975.
Class scrbook Info: using compatibility default `afterindent=bysign'
(scrbook)           for `\subsection on input line 5975.
\scr@dte@subsubsection@maxnumwidth=\skip62
Class scrbook Info: using compatibility default `runin=bysign'
(scrbook)           for `\subsubsection on input line 5985.
Class scrbook Info: using compatibility default `afterindent=bysign'
(scrbook)           for `\subsubsection on input line 5985.
\scr@dte@paragraph@maxnumwidth=\skip63
Class scrbook Info: using compatibility default `runin=bysign'
(scrbook)           for `\paragraph on input line 5996.
Class scrbook Info: using compatibility default `afterindent=bysign'
(scrbook)           for `\paragraph on input line 5996.
\scr@dte@subparagraph@maxnumwidth=\skip64
Class scrbook Info: using compatibility default `runin=bysign'
(scrbook)           for `\subparagraph on input line 6006.
Class scrbook Info: using compatibility default `afterindent=bysign'
(scrbook)           for `\subparagraph on input line 6006.
\abovecaptionskip=\skip65
\belowcaptionskip=\skip66
\c@pti@nb@sid@b@x=\box57
Package tocbasic Info: omitting babel extension for `lof'
(tocbasic)             because of feature `nobabel' available
(tocbasic)             for `lof' on input line 7242.
\scr@dte@figure@maxnumwidth=\skip67
\c@figure=\count308
Package tocbasic Info: omitting babel extension for `lot'
(tocbasic)             because of feature `nobabel' available
(tocbasic)             for `lot' on input line 7255.
\scr@dte@table@maxnumwidth=\skip68
\c@table=\count309
Class scrbook Info: Redefining `\numberline' on input line 7426.
\bibindent=\dimen159
)
(/usr/local/texlive/2026/texmf-dist/tex/latex/zref/zref.sty
Package: zref 2025-06-08 v2.36 A new reference scheme for LaTeX (HO)

(/usr/local/texlive/2026/texmf-dist/tex/latex/zref/zref-base.sty
Package: zref-base 2025-06-08 v2.36 Module base for zref (HO)

(/usr/local/texlive/2026/texmf-dist/tex/generic/ltxcmds/ltxcmds.sty
Package: ltxcmds 2023-12-04 v1.26 LaTeX kernel commands for general use (HO)
)
(/usr/local/texlive/2026/texmf-dist/tex/generic/infwarerr/infwarerr.sty
Package: infwarerr 2019/12/03 v1.5 Providing info/warning/error messages (HO)
)
(/usr/local/texlive/2026/texmf-dist/tex/latex/kvsetkeys/kvsetkeys.sty
Package: kvsetkeys 2022-10-05 v1.19 Key value parser (HO)
)
(/usr/local/texlive/2026/texmf-dist/tex/generic/kvdefinekeys/kvdefinekeys.sty
Package: kvdefinekeys 2019-12-19 v1.6 Define keys (HO)
)
(/usr/local/texlive/2026/texmf-dist/tex/generic/pdftexcmds/pdftexcmds.sty
Package: pdftexcmds 2020-06-27 v0.33 Utility functions of pdfTeX for LuaTeX (HO
)
Package pdftexcmds Info: \pdf@primitive is available.
Package pdftexcmds Info: \pdf@ifprimitive is available.
Package pdftexcmds Info: \pdfdraftmode found.
\pdftexcmds@toks=\toks23
)
(/usr/local/texlive/2026/texmf-dist/tex/generic/etexcmds/etexcmds.sty
Package: etexcmds 2019/12/15 v1.7 Avoid name clashes with e-TeX commands (HO)
)
(/usr/local/texlive/2026/texmf-dist/tex/latex/auxhook/auxhook.sty
Package: auxhook 2019-12-17 v1.6 Hooks for auxiliary files (HO)
)
Package zref Info: New property list: main on input line 767.
Package zref Info: New property: default on input line 768.
Package zref Info: New property: page on input line 769.
))
(/usr/local/texlive/2026/texmf-dist/tex/latex/zref/zref-user.sty
Package: zref-user 2025-06-08 v2.36 Module user for zref (HO)
)
(/usr/local/texlive/2026/texmf-dist/tex/latex/hyperref/hyperref.sty
Package: hyperref 2026-01-29 v7.01p Hypertext links for LaTeX

(/usr/local/texlive/2026/texmf-dist/tex/generic/pdfescape/pdfescape.sty
Package: pdfescape 2019/12/09 v1.15 Implements pdfTeX's escape features (HO)
)
(/usr/local/texlive/2026/texmf-dist/tex/latex/hycolor/hycolor.sty
Package: hycolor 2020-01-27 v1.10 Color options for hyperref/bookmark (HO)
)
(/usr/local/texlive/2026/texmf-dist/tex/latex/hyperref/nameref.sty
Package: nameref 2026-01-29 v2.58 Cross-referencing by name of section

(/usr/local/texlive/2026/texmf-dist/tex/latex/refcount/refcount.sty
Package: refcount 2019/12/15 v3.6 Data extraction from label references (HO)
)
(/usr/local/texlive/2026/texmf-dist/tex/generic/gettitlestring/gettitlestring.s
ty
Package: gettitlestring 2019/12/15 v1.6 Cleanup title references (HO)
 (/usr/local/texlive/2026/texmf-dist/tex/latex/kvoptions/kvoptions.sty
Package: kvoptions 2022-06-15 v3.15 Key value format for package options (HO)
))
\c@section@level=\count310
)
(/usr/local/texlive/2026/texmf-dist/tex/generic/stringenc/stringenc.sty
Package: stringenc 2019/11/29 v1.12 Convert strings between diff. encodings (HO
)
)
\@linkdim=\dimen160
\Hy@linkcounter=\count311
\Hy@pagecounter=\count312

(/usr/local/texlive/2026/texmf-dist/tex/latex/hyperref/pd1enc.def
File: pd1enc.def 2026-01-29 v7.01p Hyperref: PDFDocEncoding definition (HO)
)
(/usr/local/texlive/2026/texmf-dist/tex/generic/intcalc/intcalc.sty
Package: intcalc 2019/12/15 v1.3 Expandable calculations with integers (HO)
)
\Hy@SavedSpaceFactor=\count313

(/usr/local/texlive/2026/texmf-dist/tex/latex/hyperref/puenc.def
File: puenc.def 2026-01-29 v7.01p Hyperref: PDF Unicode definition (HO)
)
Package hyperref Info: Option `unicode' set `true' on input line 4072.
Package hyperref Info: Hyper figures OFF on input line 4201.
Package hyperref Info: Link nesting OFF on input line 4206.
Package hyperref Info: Hyper index ON on input line 4209.
Package hyperref Info: Plain pages OFF on input line 4216.
Package hyperref Info: Backreferencing OFF on input line 4221.
Package hyperref Info: Implicit mode ON; LaTeX internals redefined.
Package hyperref Info: Bookmarks ON on input line 4468.
\c@Hy@tempcnt=\count314

(/usr/local/texlive/2026/texmf-dist/tex/latex/url/url.sty
\Urlmuskip=\muskip17
Package: url 2013/09/16  ver 3.4  Verb mode for urls, etc.
)
LaTeX Info: Redefining \url on input line 4807.
\XeTeXLinkMargin=\dimen161

(/usr/local/texlive/2026/texmf-dist/tex/generic/bitset/bitset.sty
Package: bitset 2019/12/09 v1.3 Handle bit-vector datatype (HO)

(/usr/local/texlive/2026/texmf-dist/tex/generic/bigintcalc/bigintcalc.sty
Package: bigintcalc 2019/12/15 v1.5 Expandable calculations on big integers (HO
)
))
\Fld@menulength=\count315
\Field@Width=\dimen162
\Fld@charsize=\dimen163
Package hyperref Info: Hyper figures OFF on input line 6084.
Package hyperref Info: Link nesting OFF on input line 6089.
Package hyperref Info: Hyper index ON on input line 6092.
Package hyperref Info: backreferencing OFF on input line 6099.
Package hyperref Info: Link coloring OFF on input line 6104.
Package hyperref Info: Link coloring with OCG OFF on input line 6109.
Package hyperref Info: PDF/A mode OFF on input line 6114.
\Hy@abspage=\count316
\c@Item=\count317
\c@Hfootnote=\count318
)
Package hyperref Info: Driver (autodetected): hluatex.

(/usr/local/texlive/2026/texmf-dist/tex/latex/hyperref/hluatex.def
File: hluatex.def 2026-01-29 v7.01p Hyperref driver for luaTeX
\Fld@listcount=\count319
\c@bookmark@seq@number=\count320

(/usr/local/texlive/2026/texmf-dist/tex/latex/rerunfilecheck/rerunfilecheck.sty
Package: rerunfilecheck 2025-06-21 v1.11 Rerun checks for auxiliary files (HO)

(/usr/local/texlive/2026/texmf-dist/tex/generic/uniquecounter/uniquecounter.sty
Package: uniquecounter 2019/12/15 v1.4 Provide unlimited unique counter (HO)
)
Package uniquecounter Info: New unique counter `rerunfilecheck' on input line 2
84.
)
\Hy@SectionHShift=\skip69
) (/usr/local/texlive/2026/texmf-dist/tex/latex/hyperxmp/hyperxmp.sty
Package: hyperxmp 2024/03/17 v5.13 Store hyperref metadata in XMP format
\hyxmp@aep@toks=\toks24

(/usr/local/texlive/2026/texmf-dist/tex/lualatex/luacode/luacode.sty
Package: luacode 2012/01/23 v1.2a lua-in-tex helpers (mpg)

(/usr/local/texlive/2026/texmf-dist/tex/generic/iftex/ifluatex.sty
Package: ifluatex 2019/10/25 v1.5 ifluatex legacy package. Use iftex instead.
)
(/usr/local/texlive/2026/texmf-dist/tex/luatex/luatexbase/luatexbase.sty
Package: luatexbase 2015/10/04 v1.3 luatexbase interface to LuaTeX 

(/usr/local/texlive/2026/texmf-dist/tex/luatex/ctablestack/ctablestack.sty
Package: ctablestack 2015/10/01 v1.0 Catcode table stable support
\@catcodetablestackcnt=\count321
)
\CatcodeTableOther=\catcodetable15
\CatcodeTableExpl=\catcodetable16
)
\luacode@lines=\toks25
\luacode@table@soft=\catcodetable17
)
\@hyxmp@count=\count322

(/usr/local/texlive/2026/texmf-dist/tex/latex/oberdiek/ifdraft.sty
Package: ifdraft 2016/05/16 v1.4 Detect class options draft and final (HO)
)
\hyxmp@cct=\catcodetable18
)

Package hyperref Warning: Unexpected value for option `hidelinks'
(hyperref)                is ignored on input line 538.

Package hyperref Info: Option `bookmarksnumbered' set `true' on input line 538.

Package hyperref Info: Option `unicode' set `true' on input line 538.
1111111
\c@NumberOfColumn=\count323
 (/usr/local/texlive/2026/texmf-dist/tex/latex/tools/longtable.sty
Package: longtable 2025-10-13 v4.24 Multi-page Table package (DPC)
\LTleft=\skip70
\LTright=\skip71
\LTpre=\skip72
\LTpost=\skip73
\LTchunksize=\count324
\LTcapwidth=\dimen164
\LT@head=\box58
\LT@firsthead=\box59
\LT@foot=\box60
\LT@lastfoot=\box61
\LT@gbox=\box62
\LT@cols=\count325
\LT@rows=\count326
\c@LT@tables=\count327
\c@LT@chunks=\count328
\LT@p@ftn=\toks26
)
Class scrbook Info: longtable captions redefined on input line 581.

(/usr/local/texlive/2026/texmf-dist/tex/latex/tools/array.sty
Package: array 2025/09/25 v2.6n Tabular extension package (FMi)
\col@sep=\dimen165
\ar@mcellbox=\box63
\extrarowheight=\dimen166
\NC@list=\toks27
\extratabsurround=\skip74
\backup@length=\skip75
\ar@cellbox=\box64
)
(/usr/local/texlive/2026/texmf-dist/tex/latex/caption/caption.sty
Package: caption 2023/08/05 v3.6o Customizing captions (AR)

Package tocbasic Info: Loading of class-dependent code for package caption3
(tocbasic)             prevented on line 50.


(/usr/local/texlive/2026/texmf-dist/tex/latex/caption/caption3.sty
Package: caption3 2023/07/31 v2.4d caption3 kernel (AR)
\caption@tempdima=\dimen167
\captionmargin=\dimen168
\caption@leftmargin=\dimen169
\caption@rightmargin=\dimen170
\caption@width=\dimen171
\caption@indent=\dimen172
\caption@parindent=\dimen173
\caption@hangindent=\dimen174
)
\c@caption@flags=\count329
\c@continuedfloat=\count330
Package caption Info: hyperref package is loaded.
Package caption Info: longtable package is loaded.

(/usr/local/texlive/2026/texmf-dist/tex/latex/caption/ltcaption.sty
Package: ltcaption 2021/01/08 v1.4c longtable captions (AR)
))
(/usr/local/texlive/2026/texmf-dist/tex/latex/truncate/truncate.sty
Package: truncate 2001/08/20  ver 3.6
\@Trunc@RestHyph=\toks28
)
\PFU@aux=\write3


Class scrbook Warning: Usage of package `fancyhdr' together
(scrbook)              with a KOMA-Script class is not recommended.
(scrbook)              I'd suggest to use 
(scrbook)              package `scrlayer' or `scrlayer-scrpage', because
(scrbook)              they support KOMA-Script classes.
(scrbook)              With `fancyhdr' several features of class `scrbook'
(scrbook)              like options `headsepline', `footsepline' or command
(scrbook)              `\MakeMarkcase' and the commands `\setkomafont' and
(scrbook)              `\addtokomafont' for the page style elements need
(scrbook)              explicite user intervention to work.
(scrbook)              Nevertheless, using requested
(scrbook)              package `fancyhdr' on input line 829.

(/usr/local/texlive/2026/texmf-dist/tex/latex/fancyhdr/fancyhdr.sty
Package: fancyhdr 2025/02/07 v5.2 Extensive control of page headers and footers

\f@nch@headwidth=\skip76
\f@nch@offset@elh=\skip77
\f@nch@offset@erh=\skip78
\f@nch@offset@olh=\skip79
\f@nch@offset@orh=\skip80
\f@nch@offset@elf=\skip81
\f@nch@offset@erf=\skip82
\f@nch@offset@olf=\skip83
\f@nch@offset@orf=\skip84
\f@nch@height=\skip85
\f@nch@footalignment=\skip86
\f@nch@widthL=\skip87
\f@nch@widthC=\skip88
\f@nch@widthR=\skip89
\@temptokenb=\toks29
)
(/usr/local/texlive/2026/texmf-dist/tex/latex/l3packages/xparse/xparse.sty
Package: xparse 2025-10-09 L3 Experimental document command parser
)
(/usr/local/texlive/2026/texmf-dist/tex/latex/tools/xspace.sty
Package: xspace 2014/10/28 v1.13 Space after command names (DPC,MH)
)
(/usr/local/texlive/2026/texmf-dist/tex/latex/datetime/datetime.sty
Package: datetime 2015/03/20 v2.60 Date Time Package

(/usr/local/texlive/2026/texmf-dist/tex/latex/fmtcount/fmtcount.sty
Package: fmtcount 2025/12/02 v3.12 Displaying the values of LaTeX counters (NT,
VB,NE)

(/usr/local/texlive/2026/texmf-dist/tex/latex/fmtcount/fcprefix.sty
Package: fcprefix 2012/09/28

(/usr/local/texlive/2026/texmf-dist/tex/latex/fmtcount/fcnumparser.sty
Package: fcnumparser 2017/06/15
\fc@digit@counter=\count331
))
(/usr/local/texlive/2026/texmf-dist/tex/latex/amsmath/amsgen.sty
File: amsgen.sty 1999/11/30 v2.0 generic functions
\@emptytoks=\toks30
\ex@=\dimen175
)
\c@padzeroesN=\count332
\fc@tmpcatcode=\count333
\@DT@modctr=\count334
\@ordinalctr=\count335
\@orgargctr=\count336
\@strctr=\count337
\@tmpstrctr=\count338
\@DT@loopN=\count339
\@DT@X=\count340
)
(/usr/local/texlive/2026/texmf-dist/tex/latex/datetime/datetime-defaults.sty
Package: datetime-defaults 2013/09/10
)
\@day=\count341
\@month=\count342
\@year=\count343
\c@HOUR=\count344
\c@HOURXII=\count345
\c@MINUTE=\count346
\c@TOHOUR=\count347
\c@TOMINUTE=\count348
\c@SECOND=\count349
\currenthour=\count350
\currentminute=\count351
\currentsecond=\count352
Package datetime Info: No datetime.cfg file found, using default settings on in
put line 308.
\@dtctr=\count353
\dayofyear=\count354
\dayofweek=\count355
LaTeX Info: Redefining \today on input line 736.
\dt@a=\toks31
\dt@b=\toks32
)
\copyins=\insert252
\abstractbox=\box65
\listisep=\skip90
\bibindent=\dimen176
\abovecaptionskip=\skip91
\belowcaptionskip=\skip92
\captionindent=\dimen177
LaTeX Info: Redefining \@biblabel on input line 4508.
LaTeX Info: Redefining \textprime on input line 4509.
) (/usr/local/texlive/2026/texmf-dist/tex/latex/csquotes/csquotes.sty
Package: csquotes 2024-04-04 v5.2o context-sensitive quotations (JAW)
\csq@reset=\count356
\csq@gtype=\count357
\csq@glevel=\count358
\csq@qlevel=\count359
\csq@maxlvl=\count360
\csq@tshold=\count361
\csq@ltx@everypar=\toks33

(/usr/local/texlive/2026/texmf-dist/tex/latex/csquotes/csquotes.def
File: csquotes.def 2024-04-04 v5.2o csquotes generic definitions (JAW)
)
Package csquotes Info: Trying to load configuration file 'csquotes.cfg'...
Package csquotes Info: ... configuration file loaded successfully.

(/usr/local/texlive/2026/texmf-dist/tex/latex/csquotes/csquotes.cfg
File: csquotes.cfg 
))
(/usr/local/texlive/2026/texmf-dist/tex/latex/doclicense/doclicense.sty
Package: doclicense 2023/10/01 v3.3.0 Support for putting documents under a lic
ense

(/usr/local/texlive/2026/texmf-dist/tex/latex/tools/verbatim.sty
Package: verbatim 2024-01-22 v1.5x LaTeX2e package for verbatim enhancements
\every@verbatim=\toks34
\verbatim@line=\toks35
\verbatim@in@stream=\read2
)
\doclicense@hsize=\skip93

(/usr/local/texlive/2026/texmf-dist/tex/latex/doclicense/doclicense-english.ldf
File: doclicense-english.ldf 
))

Package geometry Warning: Over-specification in `v'-direction.
    `height' (611.73424pt) is ignored.


Package geometry Warning: Over-specification in `v'-direction.
    `height' (611.73427pt) is ignored.

(/usr/local/texlive/2026/texmf-dist/tex/latex/currfile/currfile.sty
Package: currfile 2024/03/14 v1.0 Provides the file path elements of the curren
t input file

(/usr/local/texlive/2026/texmf-dist/tex/latex/filehook/filehook.sty
Package: filehook 2022/10/25 v0.8b Hooks for input files

(/usr/local/texlive/2026/texmf-dist/tex/latex/filehook/filehook-2020.sty
Package: filehook-2020 2022/10/25 v0.8b Hooks for input files
))
\c@currfiledepth=\count362
)
\paperidFile=\write4

\openout4 = split-paper.tex
\c@c@pfuproc@authorlist=\count363
LaTeX Info: Redefining \email on input line 605.
\lheadwidth=\skip94
\rheadwidth=\skip95
\cheadwidth=\skip96

(/usr/local/texlive/2026/texmf-dist/tex/latex/float/float.sty
Package: float 2001/11/08 v1.3d Float enhancements (AL)
\c@float@type=\count364
\float@exts=\toks36
\float@box=\box66
\@float@everytoks=\toks37
\@floatcapt=\box67
)
\@float@every@PapercopyrightFloat=\toks38
\c@PapercopyrightFloat=\count365


Class scrbook Warning: Usage of package `titlesec' together
(scrbook)              with a KOMA-Script class is not recommended.
(scrbook)              I'd suggest to use KOMA-Script features
(scrbook)              like \setkomafont, \RedeclareSectionCommand, \sectionlin
esformat
(scrbook)              and several others to re-configure section
(scrbook)              headings.
(scrbook)              Nevertheless, using requested
(scrbook)              package `titlesec' on input line 1115.

(/usr/local/texlive/2026/texmf-dist/tex/latex/titlesec/titlesec.sty
Package: titlesec 2025/01/04 v2.17 Sectioning titles
\ttl@box=\box68
\beforetitleunit=\skip97
\aftertitleunit=\skip98
\ttl@plus=\dimen178
\ttl@minus=\dimen179
\ttl@toksa=\toks39
\titlewidth=\dimen180
\titlewidthlast=\dimen181
\titlewidthfirst=\dimen182


Package titlesec Warning: Non standard sectioning command \section
(titlesec)                detected. Using default spacing and no format.


Package titlesec Warning: Non standard sectioning command \subsection
(titlesec)                detected. Using default spacing and no format.


Package titlesec Warning: Non standard sectioning command \subsubsection
(titlesec)                detected. Using default spacing and no format.


Package titlesec Warning: Non standard sectioning command \paragraph
(titlesec)                detected. Using default spacing and no format.


Package titlesec Warning: Non standard sectioning command \subparagraph
(titlesec)                detected. Using default spacing and no format.

)) (./definition.tex
(/usr/local/texlive/2026/texmf-dist/tex/generic/iftex/ifpdf.sty
Package: ifpdf 2019/10/25 v3.4 ifpdf legacy package. Use iftex instead.
)
(/usr/local/texlive/2026/texmf-dist/tex/generic/iftex/ifxetex.sty
Package: ifxetex 2019/10/25 v0.7 ifxetex legacy package. Use iftex instead.
)
(./preamble/lualatex.tex
(/usr/local/texlive/2026/texmf-dist/tex/generic/luatex85/luatex85.sty
Package: luatex85 2016/06/15 v1.4 pdftex aliases for luatex
)
(/usr/local/texlive/2026/texmf-dist/tex/latex/amsfonts/amssymb.sty
Package: amssymb 2013/01/14 v3.01 AMS font symbols

(/usr/local/texlive/2026/texmf-dist/tex/latex/amsfonts/amsfonts.sty
Package: amsfonts 2013/01/14 v3.01 Basic AMSFonts support


Package amsfonts Warning: The 'psamsfonts' option is obsolete in AMSFonts v3.

\symAMSa=\mathgroup4
\symAMSb=\mathgroup5
LaTeX Font Info:    Redeclaring math symbol \hbar on input line 98.
LaTeX Font Info:    Overwriting math alphabet `\mathfrak' in version `bold'
(Font)                  U/euf/m/n --> U/euf/b/n on input line 106.
)) (./preamble/pkg/polyglossia/common.tex)
(/usr/local/texlive/2026/texmf-dist/tex/latex/polyglossia/polyglossia.sty
Package: polyglossia 2025/12/01 v2.9 Modern multilingual typesetting with XeLaT
eX and LuaLaTeX

(/usr/local/texlive/2026/texmf-dist/tex/latex/fontspec/fontspec.sty
Package: fontspec 2025/09/29 v2.9g Font selection for XeLaTeX and LuaLaTeX
Lua module: fontspec 2025/09/29 v2.9g Font selection for XeLaTeX and LuaLaTeX
(/usr/local/texlive/2026/texmf-dist/tex/latex/fontspec/fontspec-luatex.sty
Package: fontspec-luatex 2025/09/29 v2.9g Font selection for XeLaTeX and LuaLaT
eX
\l__fontspec_script_int=\count366
\l__fontspec_language_int=\count367
\l__fontspec_strnum_int=\count368
\l__fontspec_tmp_int=\count369
\l__fontspec_tmpa_int=\count370
\l__fontspec_tmpb_int=\count371
\l__fontspec_tmpc_int=\count372
\l__fontspec_em_int=\count373
\l__fontspec_emdef_int=\count374
\l__fontspec_strong_int=\count375
\l__fontspec_strongdef_int=\count376
\l__fontspec_tmpa_dim=\dimen183
\l__fontspec_tmpb_dim=\dimen184
\l__fontspec_tmpc_dim=\dimen185

(/usr/local/texlive/2026/texmf-dist/tex/latex/base/fontenc.sty
Package: fontenc 2025/07/18 v2.1d Standard LaTeX package
)
(/usr/local/texlive/2026/texmf-dist/tex/latex/fontspec/fontspec.cfg)))
Lua module: polyglossia 2013/05/11 v1.3 Polyglossia
\l_xpg_alias_keyvals_int=\count377

(/usr/local/texlive/2026/texmf-dist/tex/latex/polyglossia/gloss-latex.ldf
File: gloss-latex.ldf polyglossia: module for default language
)

Package polyglossia Info: Setting LuaTeX font renderer to Harfbuzz

)
(./preamble/pkg/polyglossia/default/english.tex
(/usr/local/texlive/2026/texmf-dist/tex/latex/polyglossia/gloss-english.ldf
File: gloss-english.ldf polyglossia: module for English
)

Package polyglossia Info: Default language is english

)
(./preamble/pkg/polyglossia/other/russian.tex
(/usr/local/texlive/2026/texmf-dist/tex/latex/polyglossia/gloss-russian.ldf
File: gloss-russian.ldf polyglossia: module for Russian

(/usr/local/texlive/2026/texmf-dist/tex/latex/polyglossia/xpg-cyrillicnumbers.s
ty
Package: xpg-cyrillicnumbers 2019/11/15 v0.2 Formatting of Cyrillic alphabetic 
numbers
)
Module polyglossia Info: Language data for russian
(polyglossia)            hyphenation	hyph-ru.hyp.txt
(polyglossia)            lefthyphenmin	2
(polyglossia)            loader	loadhyph-ru.tex
(polyglossia)            patterns	hyph-ru.pat.txt
(polyglossia)            righthyphenmin	2
(polyglossia)            synonyms	 on input line 21
Module polyglossia Info: Language russian was not yet loaded; created with id 2 
on input line 21
 (/usr/local/texlive/2026/texmf-dist/tex/latex/polyglossia/babelsh.def
File: babelsh.def 2022/06/21 Babel common definitions for shorthands
 Taken verbatim from babel files (2022/06/06 v3.76)
)
Package babel Info: Making " an active character on input line 120.
))
(./preamble/font/fontspec.tex (./preamble/font/fontspec/source.tex
luaotfload | cache : Lookup cache loaded from /Users/abi.palagashvili/Library/te
xlive/2026/texmf-var/luatex-cache/generic/names/luaotfload-lookup-cache.luc.

Package fontspec Info: 
(fontspec)             TeX Gyre Termes scale = 0.9577739875827788.


Package fontspec Info: 
(fontspec)             TeX Gyre Termes scale = 0.9577739875827788.


Package fontspec Info: 
(fontspec)             TeX Gyre Termes scale = 0.9577739875827788.


Package fontspec Info: 
(fontspec)             TeX Gyre Termes/B scale = 0.9349203301977347.


Package fontspec Info: 
(fontspec)             TeX Gyre Termes/B scale = 0.9349203301977347.


Package fontspec Info: 
(fontspec)             TeX Gyre Termes/I scale = 0.9976829285522542.


Package fontspec Info: 
(fontspec)             TeX Gyre Termes/I scale = 0.9976829285522542.


Package fontspec Info: 
(fontspec)             TeX Gyre Termes/BI scale = 0.9599059328888255.


Package fontspec Info: 
(fontspec)             TeX Gyre Termes/BI scale = 0.9599059328888255.


Package fontspec Info: 
(fontspec)             Font family 'TeXGyreTermes(0)' created for font 'TeX
(fontspec)             Gyre Termes' with options
(fontspec)             [Scale=MatchLowercase,Ligatures=TeX,Ligatures={Common,Te
X}].
(fontspec)              
(fontspec)              This font family consists of the following NFSS
(fontspec)             series/shapes:
(fontspec)              
(fontspec)             - 'normal' (m/n) with NFSS spec.:
(fontspec)             <->s*[0.9577739875827788]"name:TeX Gyre
(fontspec)             Termes:mode=node;script=latn;language=dflt;+liga;+tlig;"

(fontspec)             - 'small caps'  (m/sc) with NFSS spec.:
(fontspec)             <->s*[0.9577739875827788]"name:TeX Gyre
(fontspec)             Termes:mode=node;script=latn;language=dflt;+liga;+tlig;+
smcp;"
(fontspec)             - 'bold' (b/n) with NFSS spec.:
(fontspec)             <->s*[0.9349203301977347]"name:TeX Gyre
(fontspec)             Termes/B:mode=node;script=latn;language=dflt;+liga;+tlig
;"
(fontspec)             - 'bold small caps'  (b/sc) with NFSS spec.:
(fontspec)             <->s*[0.9349203301977347]"name:TeX Gyre
(fontspec)             Termes/B:mode=node;script=latn;language=dflt;+liga;+tlig
;+smcp;"
(fontspec)             - 'italic' (m/it) with NFSS spec.:
(fontspec)             <->s*[0.9976829285522542]"name:TeX Gyre
(fontspec)             Termes/I:mode=node;script=latn;language=dflt;+liga;+tlig
;"
(fontspec)             - 'italic small caps'  (m/scit) with NFSS spec.:
(fontspec)             <->s*[0.9976829285522542]"name:TeX Gyre
(fontspec)             Termes/I:mode=node;script=latn;language=dflt;+liga;+tlig
;+smcp;"
(fontspec)             - 'bold italic' (b/it) with NFSS spec.:
(fontspec)             <->s*[0.9599059328888255]"name:TeX Gyre
(fontspec)             Termes/BI:mode=node;script=latn;language=dflt;+liga;+tli
g;"
(fontspec)             - 'bold italic small caps'  (b/scit) with NFSS spec.:
(fontspec)             <->s*[0.9599059328888255]"name:TeX Gyre
(fontspec)             Termes/BI:mode=node;script=latn;language=dflt;+liga;+tli
g;+smcp;"

LaTeX Font Info:    Font shape `TU/TeXGyreTermes(0)/m/n' will be
(Font)              scaled to size 9.57779pt on input line 4.

Package fontspec Info: 
(fontspec)             TeX Gyre Termes scale = 0.9577773784132948.


Package fontspec Info: 
(fontspec)             TeX Gyre Heros scale = 0.8225182726187355.


Package fontspec Info: 
(fontspec)             TeX Gyre Heros scale = 0.8225182726187355.


Package fontspec Info: 
(fontspec)             TeX Gyre Heros scale = 0.8225182726187355.


Package fontspec Info: 
(fontspec)             TeX Gyre Heros scale = 0.8225182726187355.


Package fontspec Info: 
(fontspec)             TeX Gyre Heros scale = 0.8225182726187355.


Package fontspec Info: 
(fontspec)             TeX Gyre Heros scale = 0.8225182726187355.


Package fontspec Info: 
(fontspec)             TeX Gyre Heros/B scale = 0.7981491685386907.


Package fontspec Info: 
(fontspec)             TeX Gyre Heros/B scale = 0.7981491685386907.


Package fontspec Info: 
(fontspec)             TeX Gyre Heros/B scale = 0.7981491685386907.


Package fontspec Info: 
(fontspec)             TeX Gyre Heros/B scale = 0.7981491685386907.


Package fontspec Info: 
(fontspec)             TeX Gyre Heros/I scale = 0.8225182726187355.


Package fontspec Info: 
(fontspec)             TeX Gyre Heros/I scale = 0.8225182726187355.


Package fontspec Info: 
(fontspec)             TeX Gyre Heros/I scale = 0.8225182726187355.


Package fontspec Info: 
(fontspec)             TeX Gyre Heros/I scale = 0.8225182726187355.


Package fontspec Info: 
(fontspec)             TeX Gyre Heros/BI scale = 0.7981491685386907.


Package fontspec Info: 
(fontspec)             TeX Gyre Heros/BI scale = 0.7981491685386907.


Package fontspec Info: 
(fontspec)             TeX Gyre Heros/BI scale = 0.7981491685386907.


Package fontspec Info: 
(fontspec)             TeX Gyre Heros/BI scale = 0.7981491685386907.


Package fontspec Info: 
(fontspec)             Font family 'TeXGyreHeros(0)' created for font 'TeX
(fontspec)             Gyre Heros' with options
(fontspec)             [Scale=MatchLowercase,Ligatures=TeX,Ligatures={Common,Te
X},Scale=MatchLowercase].
(fontspec)              
(fontspec)              This font family consists of the following NFSS
(fontspec)             series/shapes:
(fontspec)              
(fontspec)             - 'normal' (m/n) with NFSS spec.:
(fontspec)             <->s*[0.8225182726187355]"name:TeX Gyre
(fontspec)             Heros:mode=node;script=latn;language=dflt;+liga;+tlig;"
(fontspec)             - 'small caps'  (m/sc) with NFSS spec.:
(fontspec)             <->s*[0.8225182726187355]"name:TeX Gyre
(fontspec)             Heros:mode=node;script=latn;language=dflt;+liga;+tlig;+s
mcp;"
(fontspec)             - 'bold' (b/n) with NFSS spec.:
(fontspec)             <->s*[0.7981491685386907]"name:TeX Gyre
(fontspec)             Heros/B:mode=node;script=latn;language=dflt;+liga;+tlig;
"
(fontspec)             - 'bold small caps'  (b/sc) with NFSS spec.:
(fontspec)             <->s*[0.7981491685386907]"name:TeX Gyre
(fontspec)             Heros/B:mode=node;script=latn;language=dflt;+liga;+tlig;
+smcp;"
(fontspec)             - 'italic' (m/it) with NFSS spec.:
(fontspec)             <->s*[0.8225182726187355]"name:TeX Gyre
(fontspec)             Heros/I:mode=node;script=latn;language=dflt;+liga;+tlig;
"
(fontspec)             - 'italic small caps'  (m/scit) with NFSS spec.:
(fontspec)             <->s*[0.8225182726187355]"name:TeX Gyre
(fontspec)             Heros/I:mode=node;script=latn;language=dflt;+liga;+tlig;
+smcp;"
(fontspec)             - 'bold italic' (b/it) with NFSS spec.:
(fontspec)             <->s*[0.7981491685386907]"name:TeX Gyre
(fontspec)             Heros/BI:mode=node;script=latn;language=dflt;+liga;+tlig
;"
(fontspec)             - 'bold italic small caps'  (b/scit) with NFSS spec.:
(fontspec)             <->s*[0.7981491685386907]"name:TeX Gyre
(fontspec)             Heros/BI:mode=node;script=latn;language=dflt;+liga;+tlig
;+smcp;"


Package fontspec Info: 
(fontspec)             TeX Gyre Cursor scale = 1.033572887012141.


Package fontspec Info: 
(fontspec)             TeX Gyre Cursor scale = 1.033572887012141.


Package fontspec Info: 
(fontspec)             TeX Gyre Cursor scale = 1.033572887012141.


Package fontspec Info: 
(fontspec)             TeX Gyre Cursor scale = 1.033572887012141.


Package fontspec Info: 
(fontspec)             TeX Gyre Cursor scale = 1.033572887012141.


Package fontspec Info: 
(fontspec)             TeX Gyre Cursor scale = 1.033572887012141.


Package fontspec Info: 
(fontspec)             TeX Gyre Cursor/B scale = 0.9862706141560722.


Package fontspec Info: 
(fontspec)             TeX Gyre Cursor/B scale = 0.9862706141560722.


Package fontspec Info: 
(fontspec)             TeX Gyre Cursor/B scale = 0.9862706141560722.


Package fontspec Info: 
(fontspec)             TeX Gyre Cursor/B scale = 0.9862706141560722.


Package fontspec Info: 
(fontspec)             TeX Gyre Cursor/I scale = 1.033572887012141.


Package fontspec Info: 
(fontspec)             TeX Gyre Cursor/I scale = 1.033572887012141.


Package fontspec Info: 
(fontspec)             TeX Gyre Cursor/I scale = 1.033572887012141.


Package fontspec Info: 
(fontspec)             TeX Gyre Cursor/I scale = 1.033572887012141.


Package fontspec Info: 
(fontspec)             TeX Gyre Cursor/BI scale = 0.9862706141560722.


Package fontspec Info: 
(fontspec)             TeX Gyre Cursor/BI scale = 0.9862706141560722.


Package fontspec Info: 
(fontspec)             TeX Gyre Cursor/BI scale = 0.9862706141560722.


Package fontspec Info: 
(fontspec)             TeX Gyre Cursor/BI scale = 0.9862706141560722.


Package fontspec Info: 
(fontspec)             Font family 'TeXGyreCursor(0)' created for font 'TeX
(fontspec)             Gyre Cursor' with options
(fontspec)             [Scale=MatchLowercase,WordSpace={1,0,0},HyphenChar=None,
PunctuationSpace=WordSpace,Scale=MatchLowercase].
(fontspec)              
(fontspec)              This font family consists of the following NFSS
(fontspec)             series/shapes:
(fontspec)              
(fontspec)             - 'normal' (m/n) with NFSS spec.:
(fontspec)             <->s*[1.033572887012141]"name:TeX Gyre
(fontspec)             Cursor:mode=node;script=latn;language=dflt;"
(fontspec)             - 'small caps'  (m/sc) with NFSS spec.:
(fontspec)             <->s*[1.033572887012141]"name:TeX Gyre
(fontspec)             Cursor:mode=node;script=latn;language=dflt;+smcp;"
(fontspec)             and font adjustment code:
(fontspec)             \fontdimen 2\font =1\fontdimen 2\font \fontdimen 3\font
(fontspec)             =0\fontdimen 3\font \fontdimen 4\font =0\fontdimen
(fontspec)             4\font \fontdimen 7\font =0\fontdimen 2\font
(fontspec)             \tex_hyphenchar:D \font =-1\scan_stop: 
(fontspec)             - 'bold' (b/n) with NFSS spec.:
(fontspec)             <->s*[0.9862706141560722]"name:TeX Gyre
(fontspec)             Cursor/B:mode=node;script=latn;language=dflt;"
(fontspec)             - 'bold small caps'  (b/sc) with NFSS spec.:
(fontspec)             <->s*[0.9862706141560722]"name:TeX Gyre
(fontspec)             Cursor/B:mode=node;script=latn;language=dflt;+smcp;"
(fontspec)             and font adjustment code:
(fontspec)             \fontdimen 2\font =1\fontdimen 2\font \fontdimen 3\font
(fontspec)             =0\fontdimen 3\font \fontdimen 4\font =0\fontdimen
(fontspec)             4\font \fontdimen 7\font =0\fontdimen 2\font
(fontspec)             \tex_hyphenchar:D \font =-1\scan_stop: 
(fontspec)             - 'italic' (m/it) with NFSS spec.:
(fontspec)             <->s*[1.033572887012141]"name:TeX Gyre
(fontspec)             Cursor/I:mode=node;script=latn;language=dflt;"
(fontspec)             - 'italic small caps'  (m/scit) with NFSS spec.:
(fontspec)             <->s*[1.033572887012141]"name:TeX Gyre
(fontspec)             Cursor/I:mode=node;script=latn;language=dflt;+smcp;"
(fontspec)             and font adjustment code:
(fontspec)             \fontdimen 2\font =1\fontdimen 2\font \fontdimen 3\font
(fontspec)             =0\fontdimen 3\font \fontdimen 4\font =0\fontdimen
(fontspec)             4\font \fontdimen 7\font =0\fontdimen 2\font
(fontspec)             \tex_hyphenchar:D \font =-1\scan_stop: 
(fontspec)             - 'bold italic' (b/it) with NFSS spec.:
(fontspec)             <->s*[0.9862706141560722]"name:TeX Gyre
(fontspec)             Cursor/BI:mode=node;script=latn;language=dflt;"
(fontspec)             - 'bold italic small caps'  (b/scit) with NFSS spec.:
(fontspec)             <->s*[0.9862706141560722]"name:TeX Gyre
(fontspec)             Cursor/BI:mode=node;script=latn;language=dflt;+smcp;"
(fontspec)             and font adjustment code:
(fontspec)             \fontdimen 2\font =1\fontdimen 2\font \fontdimen 3\font
(fontspec)             =0\fontdimen 3\font \fontdimen 4\font =0\fontdimen
(fontspec)             4\font \fontdimen 7\font =0\fontdimen 2\font
(fontspec)             \tex_hyphenchar:D \font =-1\scan_stop: 

))
(./preamble/font/unicode-math.tex
(/usr/local/texlive/2026/texmf-dist/tex/latex/unicode-math/unicode-math.sty
Package: unicode-math 2023/08/13 v0.8r Unicode maths in XeLaTeX and LuaLaTeX

(/usr/local/texlive/2026/texmf-dist/tex/latex/unicode-math/unicode-math-luatex.
sty
Package: unicode-math-luatex 2023/08/13 v0.8r Unicode maths in XeLaTeX and LuaL
aTeX

(/usr/local/texlive/2026/texmf-dist/tex/latex/l3packages/l3keys2e/l3keys2e.sty
Package: l3keys2e 2025-10-09 LaTeX2e option processing using LaTeX3 keys
) (/usr/local/texlive/2026/texmf-dist/tex/latex/base/fix-cm.sty
Package: fix-cm 2020/11/24 v1.1t fixes to LaTeX

(/usr/local/texlive/2026/texmf-dist/tex/latex/base/ts1enc.def
File: ts1enc.def 2001/06/05 v3.0e (jk/car/fm) Standard LaTeX file
LaTeX Font Info:    Redeclaring font encoding TS1 on input line 47.
LaTeX Encoding Info:    Redeclaring text command \capitalcedilla (encoding TS1)
 on input line 49.
LaTeX Encoding Info:    Redeclaring text command \capitalogonek (encoding TS1) 
on input line 52.
LaTeX Encoding Info:    Redeclaring text command \capitalgrave (encoding TS1) o
n input line 55.
LaTeX Encoding Info:    Redeclaring text command \capitalacute (encoding TS1) o
n input line 56.
LaTeX Encoding Info:    Redeclaring text command \capitalcircumflex (encoding T
S1) on input line 57.
LaTeX Encoding Info:    Redeclaring text command \capitaltilde (encoding TS1) o
n input line 58.
LaTeX Encoding Info:    Redeclaring text command \capitaldieresis (encoding TS1
) on input line 59.
LaTeX Encoding Info:    Redeclaring text command \capitalhungarumlaut (encoding
 TS1) on input line 60.
LaTeX Encoding Info:    Redeclaring text command \capitalring (encoding TS1) on
 input line 61.
LaTeX Encoding Info:    Redeclaring text command \capitalcaron (encoding TS1) o
n input line 62.
LaTeX Encoding Info:    Redeclaring text command \capitalbreve (encoding TS1) o
n input line 63.
LaTeX Encoding Info:    Redeclaring text command \capitalmacron (encoding TS1) 
on input line 64.
LaTeX Encoding Info:    Redeclaring text command \capitaldotaccent (encoding TS
1) on input line 65.
LaTeX Encoding Info:    Redeclaring text command \t (encoding TS1) on input lin
e 66.
LaTeX Encoding Info:    Redeclaring text command \capitaltie (encoding TS1) on 
input line 67.
LaTeX Encoding Info:    Redeclaring text command \newtie (encoding TS1) on inpu
t line 68.
LaTeX Encoding Info:    Redeclaring text command \capitalnewtie (encoding TS1) 
on input line 69.
LaTeX Encoding Info:    Redeclaring text symbol \textcapitalcompwordmark (encod
ing TS1) on input line 70.
LaTeX Encoding Info:    Redeclaring text symbol \textascendercompwordmark (enco
ding TS1) on input line 71.
LaTeX Encoding Info:    Redeclaring text symbol \textquotestraightbase (encodin
g TS1) on input line 72.
LaTeX Encoding Info:    Redeclaring text symbol \textquotestraightdblbase (enco
ding TS1) on input line 73.
LaTeX Encoding Info:    Redeclaring text symbol \texttwelveudash (encoding TS1)
 on input line 74.
LaTeX Encoding Info:    Redeclaring text symbol \textthreequartersemdash (encod
ing TS1) on input line 75.
LaTeX Encoding Info:    Redeclaring text symbol \textleftarrow (encoding TS1) o
n input line 76.
LaTeX Encoding Info:    Redeclaring text symbol \textrightarrow (encoding TS1) 
on input line 77.
LaTeX Encoding Info:    Redeclaring text symbol \textblank (encoding TS1) on in
put line 78.
LaTeX Encoding Info:    Redeclaring text symbol \textdollar (encoding TS1) on i
nput line 79.
LaTeX Encoding Info:    Redeclaring text symbol \textquotesingle (encoding TS1)
 on input line 80.
LaTeX Encoding Info:    Redeclaring text command \textasteriskcentered (encodin
g TS1) on input line 81.
LaTeX Encoding Info:    Redeclaring text symbol \textdblhyphen (encoding TS1) o
n input line 92.
LaTeX Encoding Info:    Redeclaring text symbol \textfractionsolidus (encoding 
TS1) on input line 93.
LaTeX Encoding Info:    Redeclaring text symbol \textzerooldstyle (encoding TS1
) on input line 94.
LaTeX Encoding Info:    Redeclaring text symbol \textoneoldstyle (encoding TS1)
 on input line 95.
LaTeX Encoding Info:    Redeclaring text symbol \texttwooldstyle (encoding TS1)
 on input line 96.
LaTeX Encoding Info:    Redeclaring text symbol \textthreeoldstyle (encoding TS
1) on input line 97.
LaTeX Encoding Info:    Redeclaring text symbol \textfouroldstyle (encoding TS1
) on input line 98.
LaTeX Encoding Info:    Redeclaring text symbol \textfiveoldstyle (encoding TS1
) on input line 99.
LaTeX Encoding Info:    Redeclaring text symbol \textsixoldstyle (encoding TS1)
 on input line 100.
LaTeX Encoding Info:    Redeclaring text symbol \textsevenoldstyle (encoding TS
1) on input line 101.
LaTeX Encoding Info:    Redeclaring text symbol \texteightoldstyle (encoding TS
1) on input line 102.
LaTeX Encoding Info:    Redeclaring text symbol \textnineoldstyle (encoding TS1
) on input line 103.
LaTeX Encoding Info:    Redeclaring text symbol \textlangle (encoding TS1) on i
nput line 104.
LaTeX Encoding Info:    Redeclaring text symbol \textminus (encoding TS1) on in
put line 105.
LaTeX Encoding Info:    Redeclaring text symbol \textrangle (encoding TS1) on i
nput line 106.
LaTeX Encoding Info:    Redeclaring text symbol \textmho (encoding TS1) on inpu
t line 107.
LaTeX Encoding Info:    Redeclaring text symbol \textbigcircle (encoding TS1) o
n input line 108.
LaTeX Encoding Info:    Redeclaring text command \textcircled (encoding TS1) on
 input line 109.
LaTeX Encoding Info:    Redeclaring text symbol \textohm (encoding TS1) on inpu
t line 115.
LaTeX Encoding Info:    Redeclaring text symbol \textlbrackdbl (encoding TS1) o
n input line 116.
LaTeX Encoding Info:    Redeclaring text symbol \textrbrackdbl (encoding TS1) o
n input line 117.
LaTeX Encoding Info:    Redeclaring text symbol \textuparrow (encoding TS1) on 
input line 118.
LaTeX Encoding Info:    Redeclaring text symbol \textdownarrow (encoding TS1) o
n input line 119.
LaTeX Encoding Info:    Redeclaring text symbol \textasciigrave (encoding TS1) 
on input line 120.
LaTeX Encoding Info:    Redeclaring text symbol \textborn (encoding TS1) on inp
ut line 121.
LaTeX Encoding Info:    Redeclaring text symbol \textdivorced (encoding TS1) on
 input line 122.
LaTeX Encoding Info:    Redeclaring text symbol \textdied (encoding TS1) on inp
ut line 123.
LaTeX Encoding Info:    Redeclaring text symbol \textleaf (encoding TS1) on inp
ut line 124.
LaTeX Encoding Info:    Redeclaring text symbol \textmarried (encoding TS1) on 
input line 125.
LaTeX Encoding Info:    Redeclaring text symbol \textmusicalnote (encoding TS1)
 on input line 126.
LaTeX Encoding Info:    Redeclaring text symbol \texttildelow (encoding TS1) on
 input line 127.
LaTeX Encoding Info:    Redeclaring text symbol \textdblhyphenchar (encoding TS
1) on input line 128.
LaTeX Encoding Info:    Redeclaring text symbol \textasciibreve (encoding TS1) 
on input line 129.
LaTeX Encoding Info:    Redeclaring text symbol \textasciicaron (encoding TS1) 
on input line 130.
LaTeX Encoding Info:    Redeclaring text symbol \textacutedbl (encoding TS1) on
 input line 131.
LaTeX Encoding Info:    Redeclaring text symbol \textgravedbl (encoding TS1) on
 input line 132.
LaTeX Encoding Info:    Redeclaring text symbol \textdagger (encoding TS1) on i
nput line 133.
LaTeX Encoding Info:    Redeclaring text symbol \textdaggerdbl (encoding TS1) o
n input line 134.
LaTeX Encoding Info:    Redeclaring text symbol \textbardbl (encoding TS1) on i
nput line 135.
LaTeX Encoding Info:    Redeclaring text symbol \textperthousand (encoding TS1)
 on input line 136.
LaTeX Encoding Info:    Redeclaring text symbol \textbullet (encoding TS1) on i
nput line 137.
LaTeX Encoding Info:    Redeclaring text symbol \textcelsius (encoding TS1) on 
input line 138.
LaTeX Encoding Info:    Redeclaring text symbol \textdollaroldstyle (encoding T
S1) on input line 139.
LaTeX Encoding Info:    Redeclaring text symbol \textcentoldstyle (encoding TS1
) on input line 140.
LaTeX Encoding Info:    Redeclaring text symbol \textflorin (encoding TS1) on i
nput line 141.
LaTeX Encoding Info:    Redeclaring text symbol \textcolonmonetary (encoding TS
1) on input line 142.
LaTeX Encoding Info:    Redeclaring text symbol \textwon (encoding TS1) on inpu
t line 143.
LaTeX Encoding Info:    Redeclaring text symbol \textnaira (encoding TS1) on in
put line 144.
LaTeX Encoding Info:    Redeclaring text symbol \textguarani (encoding TS1) on 
input line 145.
LaTeX Encoding Info:    Redeclaring text symbol \textpeso (encoding TS1) on inp
ut line 146.
LaTeX Encoding Info:    Redeclaring text symbol \textlira (encoding TS1) on inp
ut line 147.
LaTeX Encoding Info:    Redeclaring text symbol \textrecipe (encoding TS1) on i
nput line 148.
LaTeX Encoding Info:    Redeclaring text symbol \textinterrobang (encoding TS1)
 on input line 149.
LaTeX Encoding Info:    Redeclaring text symbol \textinterrobangdown (encoding 
TS1) on input line 150.
LaTeX Encoding Info:    Redeclaring text symbol \textdong (encoding TS1) on inp
ut line 151.
LaTeX Encoding Info:    Redeclaring text symbol \texttrademark (encoding TS1) o
n input line 152.
LaTeX Encoding Info:    Redeclaring text symbol \textpertenthousand (encoding T
S1) on input line 153.
LaTeX Encoding Info:    Redeclaring text symbol \textpilcrow (encoding TS1) on 
input line 154.
LaTeX Encoding Info:    Redeclaring text symbol \textbaht (encoding TS1) on inp
ut line 155.
LaTeX Encoding Info:    Redeclaring text symbol \textnumero (encoding TS1) on i
nput line 156.
LaTeX Encoding Info:    Redeclaring text symbol \textdiscount (encoding TS1) on
 input line 157.
LaTeX Encoding Info:    Redeclaring text symbol \textestimated (encoding TS1) o
n input line 158.
LaTeX Encoding Info:    Redeclaring text symbol \textopenbullet (encoding TS1) 
on input line 159.
LaTeX Encoding Info:    Redeclaring text symbol \textservicemark (encoding TS1)
 on input line 160.
LaTeX Encoding Info:    Redeclaring text symbol \textlquill (encoding TS1) on i
nput line 161.
LaTeX Encoding Info:    Redeclaring text symbol \textrquill (encoding TS1) on i
nput line 162.
LaTeX Encoding Info:    Redeclaring text symbol \textcent (encoding TS1) on inp
ut line 163.
LaTeX Encoding Info:    Redeclaring text symbol \textsterling (encoding TS1) on
 input line 164.
LaTeX Encoding Info:    Redeclaring text symbol \textcurrency (encoding TS1) on
 input line 165.
LaTeX Encoding Info:    Redeclaring text symbol \textyen (encoding TS1) on inpu
t line 166.
LaTeX Encoding Info:    Redeclaring text symbol \textbrokenbar (encoding TS1) o
n input line 167.
LaTeX Encoding Info:    Redeclaring text symbol \textsection (encoding TS1) on 
input line 168.
LaTeX Encoding Info:    Redeclaring text symbol \textasciidieresis (encoding TS
1) on input line 169.
LaTeX Encoding Info:    Redeclaring text symbol \textcopyright (encoding TS1) o
n input line 170.
LaTeX Encoding Info:    Redeclaring text symbol \textordfeminine (encoding TS1)
 on input line 171.
LaTeX Encoding Info:    Redeclaring text symbol \textcopyleft (encoding TS1) on
 input line 172.
LaTeX Encoding Info:    Redeclaring text symbol \textlnot (encoding TS1) on inp
ut line 173.
LaTeX Encoding Info:    Redeclaring text symbol \textcircledP (encoding TS1) on
 input line 174.
LaTeX Encoding Info:    Redeclaring text symbol \textregistered (encoding TS1) 
on input line 175.
LaTeX Encoding Info:    Redeclaring text symbol \textasciimacron (encoding TS1)
 on input line 176.
LaTeX Encoding Info:    Redeclaring text symbol \textdegree (encoding TS1) on i
nput line 177.
LaTeX Encoding Info:    Redeclaring text symbol \textpm (encoding TS1) on input
 line 178.
LaTeX Encoding Info:    Redeclaring text symbol \texttwosuperior (encoding TS1)
 on input line 179.
LaTeX Encoding Info:    Redeclaring text symbol \textthreesuperior (encoding TS
1) on input line 180.
LaTeX Encoding Info:    Redeclaring text symbol \textasciiacute (encoding TS1) 
on input line 181.
LaTeX Encoding Info:    Redeclaring text symbol \textmu (encoding TS1) on input
 line 182.
LaTeX Encoding Info:    Redeclaring text symbol \textparagraph (encoding TS1) o
n input line 183.
LaTeX Encoding Info:    Redeclaring text symbol \textperiodcentered (encoding T
S1) on input line 184.
LaTeX Encoding Info:    Redeclaring text symbol \textreferencemark (encoding TS
1) on input line 185.
LaTeX Encoding Info:    Redeclaring text symbol \textonesuperior (encoding TS1)
 on input line 186.
LaTeX Encoding Info:    Redeclaring text symbol \textordmasculine (encoding TS1
) on input line 187.
LaTeX Encoding Info:    Redeclaring text symbol \textsurd (encoding TS1) on inp
ut line 188.
LaTeX Encoding Info:    Redeclaring text symbol \textonequarter (encoding TS1) 
on input line 189.
LaTeX Encoding Info:    Redeclaring text symbol \textonehalf (encoding TS1) on 
input line 190.
LaTeX Encoding Info:    Redeclaring text symbol \textthreequarters (encoding TS
1) on input line 191.
LaTeX Encoding Info:    Redeclaring text symbol \texteuro (encoding TS1) on inp
ut line 192.
LaTeX Encoding Info:    Redeclaring text symbol \texttimes (encoding TS1) on in
put line 193.
LaTeX Encoding Info:    Redeclaring text symbol \textdiv (encoding TS1) on inpu
t line 194.
))
(/usr/local/texlive/2026/texmf-dist/tex/latex/amsmath/amsmath.sty
Package: amsmath 2025/07/09 v2.17z AMS math features
\@mathmargin=\skip99

For additional information on amsmath, use the `?' option.
(/usr/local/texlive/2026/texmf-dist/tex/latex/amsmath/amstext.sty
Package: amstext 2024/11/17 v2.01 AMS text
)
(/usr/local/texlive/2026/texmf-dist/tex/latex/amsmath/amsbsy.sty
Package: amsbsy 1999/11/29 v1.2d Bold Symbols
\pmbraise@=\dimen186
)
(/usr/local/texlive/2026/texmf-dist/tex/latex/amsmath/amsopn.sty
Package: amsopn 2022/04/08 v2.04 operator names
)
\inf@bad=\count378
LaTeX Info: Redefining \frac on input line 235.
\uproot@=\count379
\leftroot@=\count380
LaTeX Info: Redefining \overline on input line 398.
LaTeX Info: Redefining \colon on input line 409.
\classnum@=\count381
\DOTSCASE@=\count382
LaTeX Info: Redefining \ldots on input line 495.
LaTeX Info: Redefining \dots on input line 498.
LaTeX Info: Redefining \cdots on input line 619.
\Mathstrutbox@=\box69
\strutbox@=\box70
LaTeX Info: Redefining \big on input line 721.
LaTeX Info: Redefining \Big on input line 722.
LaTeX Info: Redefining \bigg on input line 723.
LaTeX Info: Redefining \Bigg on input line 724.
\big@size=\dimen187
LaTeX Font Info:    Redeclaring font encoding OML on input line 742.
LaTeX Font Info:    Redeclaring font encoding OMS on input line 743.
\macc@depth=\count383
LaTeX Info: Redefining \bmod on input line 904.
LaTeX Info: Redefining \pmod on input line 909.
LaTeX Info: Redefining \smash on input line 939.
LaTeX Info: Redefining \relbar on input line 969.
LaTeX Info: Redefining \Relbar on input line 970.
\c@MaxMatrixCols=\count384
\dotsspace@=\muskip18
\c@parentequation=\count385
\dspbrk@lvl=\count386
\tag@help=\toks40
\row@=\count387
\column@=\count388
\maxfields@=\count389
\andhelp@=\toks41
\eqnshift@=\dimen188
\alignsep@=\dimen189
\tagshift@=\dimen190
\tagwidth@=\dimen191
\totwidth@=\dimen192
\lineht@=\dimen193
\@envbody=\toks42
\multlinegap=\skip100
\multlinetaggap=\skip101
\mathdisplay@stack=\toks43
LaTeX Info: Redefining \[ on input line 2950.
LaTeX Info: Redefining \] on input line 2951.
)
(/usr/local/texlive/2026/texmf-dist/tex/lualatex/lualatex-math/lualatex-math.st
y
Package: lualatex-math 2022/01/01 v1.12 Patches for mathematics typesetting wit
h LuaLaTeX
Lua module: lualatex-math 2013/08/03 v1.3 Patches for mathematics typesetting wi
th LuaLaTeX)
\g__um_fam_int=\count390
\g__um_fonts_used_int=\count391
\l__um_primecount_int=\count392
\g__um_primekern_muskip=\muskip19

(/usr/local/texlive/2026/texmf-dist/tex/latex/unicode-math/unicode-math-table.t
ex)))) (./preamble/fix/xelatex.tex (./preamble/fix/xelatex/babel.tex)
(./preamble/fix/xelatex/eu1.tex
LaTeX Info: Redefining \aa on input line 3.
LaTeX Info: Redefining \AA on input line 4.
LaTeX Info: Redefining \ae on input line 5.
LaTeX Info: Redefining \AE on input line 6.
LaTeX Info: Redefining \o on input line 7.
LaTeX Info: Redefining \O on input line 8.
LaTeX Info: Redefining \nobreakspace on input line 10.
LaTeX Info: Redefining \copyright on input line 11.
))) (./preamble/pkg/biblatex/style/nature.tex
(/usr/local/texlive/2026/texmf-dist/tex/latex/biblatex/biblatex.sty
Package: biblatex 2025/07/10 v3.21 programmable bibliographies (PK/MW)

(/usr/local/texlive/2026/texmf-dist/tex/latex/logreq/logreq.sty
Package: logreq 2010/08/04 v1.0 xml request logger
\lrq@indent=\count393

(/usr/local/texlive/2026/texmf-dist/tex/latex/logreq/logreq.def
File: logreq.def 2010/08/04 v1.0 logreq spec v1.0
))
\c@tabx@nest=\count394
\c@listtotal=\count395
\c@listcount=\count396
\c@liststart=\count397
\c@liststop=\count398
\c@citecount=\count399
\c@citetotal=\count400
\c@multicitecount=\count401
\c@multicitetotal=\count402
\c@instcount=\count403
\c@maxnames=\count404
\c@minnames=\count405
\c@maxitems=\count406
\c@minitems=\count407
\c@citecounter=\count408
\c@maxcitecounter=\count409
\c@savedcitecounter=\count410
\c@uniquelist=\count411
\c@uniquename=\count412
\c@refsection=\count413
\c@refsegment=\count414
\c@maxextratitle=\count415
\c@maxextratitleyear=\count416
\c@maxextraname=\count417
\c@maxextradate=\count418
\c@maxextraalpha=\count419
\c@abbrvpenalty=\count420
\c@highnamepenalty=\count421
\c@lownamepenalty=\count422
\c@maxparens=\count423
\c@parenlevel=\count424
\blx@tempcnta=\count425
\blx@tempcntb=\count426
\blx@tempcntc=\count427
\c@blx@maxsection=\count428
\blx@maxsegment@0=\count429
\blx@notetype=\count430
\blx@parenlevel@text=\count431
\blx@parenlevel@foot=\count432
\blx@sectionciteorder@0=\count433
\blx@sectionciteorderinternal@0=\count434
\blx@entrysetcounter=\count435
\blx@biblioinstance=\count436
\labelnumberwidth=\skip102
\labelalphawidth=\skip103
\biblabelsep=\skip104
\bibitemsep=\skip105
\bibnamesep=\skip106
\bibinitsep=\skip107
\bibparsep=\skip108
\bibhang=\skip109
\blx@bcfin=\read3
\blx@bcfout=\write5
\blx@langwohyphens=\language3
\c@mincomprange=\count437
\c@maxcomprange=\count438
\c@mincompwidth=\count439
Package biblatex Info: Trying to load biblatex default data model...
Package biblatex Info: ... file 'blx-dm.def' found.

(/usr/local/texlive/2026/texmf-dist/tex/latex/biblatex/blx-dm.def
File: blx-dm.def 2025/07/10 v3.21 biblatex datamodel (PK/MW)
)
Package biblatex Info: Trying to load biblatex style data model...
Package biblatex Info: ... file 'nature.dbx' not found.
Package biblatex Info: Trying to load biblatex custom data model...
Package biblatex Info: ... file 'biblatex-dm.cfg' not found.
\c@afterword=\count440
\c@savedafterword=\count441
\c@annotator=\count442
\c@savedannotator=\count443
\c@author=\count444
\c@savedauthor=\count445
\c@bookauthor=\count446
\c@savedbookauthor=\count447
\c@commentator=\count448
\c@savedcommentator=\count449
\c@editor=\count450
\c@savededitor=\count451
\c@editora=\count452
\c@savededitora=\count453
\c@editorb=\count454
\c@savededitorb=\count455
\c@editorc=\count456
\c@savededitorc=\count457
\c@foreword=\count458
\c@savedforeword=\count459
\c@holder=\count460
\c@savedholder=\count461
\c@introduction=\count462
\c@savedintroduction=\count463
\c@namea=\count464
\c@savednamea=\count465
\c@nameb=\count466
\c@savednameb=\count467
\c@namec=\count468
\c@savednamec=\count469
\c@translator=\count470
\c@savedtranslator=\count471
\c@shortauthor=\count472
\c@savedshortauthor=\count473
\c@shorteditor=\count474
\c@savedshorteditor=\count475
\c@labelname=\count476
\c@savedlabelname=\count477
\c@institution=\count478
\c@savedinstitution=\count479
\c@lista=\count480
\c@savedlista=\count481
\c@listb=\count482
\c@savedlistb=\count483
\c@listc=\count484
\c@savedlistc=\count485
\c@listd=\count486
\c@savedlistd=\count487
\c@liste=\count488
\c@savedliste=\count489
\c@listf=\count490
\c@savedlistf=\count491
\c@location=\count492
\c@savedlocation=\count493
\c@organization=\count494
\c@savedorganization=\count495
\c@origlocation=\count496
\c@savedoriglocation=\count497
\c@origpublisher=\count498
\c@savedorigpublisher=\count499
\c@publisher=\count500
\c@savedpublisher=\count501
\c@language=\count502
\c@savedlanguage=\count503
\c@origlanguage=\count504
\c@savedoriglanguage=\count505
\c@pageref=\count506
\c@savedpageref=\count507
\shorthandwidth=\skip110
\shortjournalwidth=\skip111
\shortserieswidth=\skip112
\shorttitlewidth=\skip113
\shortauthorwidth=\skip114
\shorteditorwidth=\skip115
\locallabelnumberwidth=\skip116
\locallabelalphawidth=\skip117
\localshorthandwidth=\skip118
\localshortjournalwidth=\skip119
\localshortserieswidth=\skip120
\localshorttitlewidth=\skip121
\localshortauthorwidth=\skip122
\localshorteditorwidth=\skip123
Package biblatex Info: Trying to load enhanced support for Unicode engines...
Package biblatex Info: ... file 'blx-unicode.def' found.

(/usr/local/texlive/2026/texmf-dist/tex/latex/biblatex/blx-unicode.def)
Package biblatex Info: Trying to load compatibility code...
Package biblatex Info: ... file 'blx-compat.def' found.

(/usr/local/texlive/2026/texmf-dist/tex/latex/biblatex/blx-compat.def
File: blx-compat.def 2025/07/10 v3.21 biblatex compatibility (PK/MW)
)
Package biblatex Info: Trying to load generic definitions...
Package biblatex Info: ... file 'biblatex.def' found.

(/usr/local/texlive/2026/texmf-dist/tex/latex/biblatex/biblatex.def
File: biblatex.def 2025/07/10 v3.21 biblatex compatibility (PK/MW)
\c@textcitecount=\count508
\c@textcitetotal=\count509
\c@textcitemaxnames=\count510
\c@biburlbigbreakpenalty=\count511
\c@biburlbreakpenalty=\count512
\c@biburlnumpenalty=\count513
\c@biburlucpenalty=\count514
\c@biburllcpenalty=\count515
\biburlbigskip=\muskip20
\biburlnumskip=\muskip21
\biburlucskip=\muskip22
\biburllcskip=\muskip23
\c@smartand=\count516
)
Package biblatex Info: Trying to load bibliography style 'nature'...
Package biblatex Info: ... file 'nature.bbx' found.

(/usr/local/texlive/2026/texmf-dist/tex/latex/biblatex-nature/nature.bbx
File: nature.bbx 2020/12/30 v1.3d biblatex bibliography style
Package biblatex Info: Trying to load bibliography style 'numeric-comp'...
Package biblatex Info: ... file 'numeric-comp.bbx' found.

(/usr/local/texlive/2026/texmf-dist/tex/latex/biblatex/bbx/numeric-comp.bbx
File: numeric-comp.bbx 2025/07/10 v3.21 biblatex bibliography style (PK/MW)
Package biblatex Info: Trying to load bibliography style 'numeric'...
Package biblatex Info: ... file 'numeric.bbx' found.

(/usr/local/texlive/2026/texmf-dist/tex/latex/biblatex/bbx/numeric.bbx
File: numeric.bbx 2025/07/10 v3.21 biblatex bibliography style (PK/MW)
Package biblatex Info: Trying to load bibliography style 'standard'...
Package biblatex Info: ... file 'standard.bbx' found.

(/usr/local/texlive/2026/texmf-dist/tex/latex/biblatex/bbx/standard.bbx
File: standard.bbx 2025/07/10 v3.21 biblatex bibliography style (PK/MW)
\c@bbx:relatedcount=\count517
\c@bbx:relatedtotal=\count518
))))
Package biblatex Info: Trying to load citation style 'nature'...
Package biblatex Info: ... file 'nature.cbx' found.

(/usr/local/texlive/2026/texmf-dist/tex/latex/biblatex-nature/nature.cbx
File: nature.cbx 2020/12/30 v1.3d biblatex citation style
Package biblatex Info: Trying to load citation style 'numeric-comp'...
Package biblatex Info: ... file 'numeric-comp.cbx' found.

(/usr/local/texlive/2026/texmf-dist/tex/latex/biblatex/cbx/numeric-comp.cbx
File: numeric-comp.cbx 2025/07/10 v3.21 biblatex citation style (PK/MW)
\c@cbx@tempcnta=\count519
\c@cbx@tempcntb=\count520
\c@cbx@tempcntc=\count521
\c@cbx@tempcntd=\count522
Package biblatex Info: Redefining '\cite'.
Package biblatex Info: Redefining '\parencite'.
Package biblatex Info: Redefining '\footcite'.
Package biblatex Info: Redefining '\footcitetext'.
Package biblatex Info: Redefining '\smartcite'.
Package biblatex Info: Redefining '\supercite'.
Package biblatex Info: Redefining '\textcite'.
Package biblatex Info: Redefining '\textcites'.
Package biblatex Info: Redefining '\cites'.
Package biblatex Info: Redefining '\parencites'.
Package biblatex Info: Redefining '\smartcites'.
))
Package biblatex Info: Trying to load configuration file...
Package biblatex Info: ... file 'biblatex.cfg' found.

(/usr/local/texlive/2026/texmf-dist/tex/latex/biblatex/biblatex.cfg
File: biblatex.cfg 
)
Package biblatex Info: LuaTeX detected.
(biblatex)             Assuming input encoding 'utf8'.
Package biblatex Info: Document encoding is UTF8 ....
Package biblatex Info: ... and expl3
(biblatex)             2026-01-19 L3 programming layer (loader) 
(biblatex)             is new enough (at least 2020/04/06),
(biblatex)             setting 'casechanger=expl3'.

(/usr/local/texlive/2026/texmf-dist/tex/latex/biblatex/blx-case-expl3.sty
Package: blx-case-expl3 2025/07/10 v3.21 expl3 case changing code for biblatex
)))
(/usr/local/texlive/2026/texmf-dist/tex/latex/amsmath/amscd.sty
Package: amscd 2017/04/14 v2.1 AMS Commutative Diagrams
\athelp@=\toks44
\minaw@=\dimen194
\bigaw@=\dimen195
\minCDarrowwidth=\dimen196
)
(/usr/local/texlive/2026/texmf-dist/tex/latex/mathtools/mathtools.sty
Package: mathtools 2024/10/04 v1.31 mathematical typesetting tools

(/usr/local/texlive/2026/texmf-dist/tex/latex/mathtools/mhsetup.sty
Package: mhsetup 2021/03/18 v1.4 programming setup (MH)
)

Package mathtools Warning: For best results, please load mathtools *before* 
(mathtools)                unicode-math on input line 127.

\g_MT_multlinerow_int=\count523
\l_MT_multwidth_dim=\dimen197
\origjot=\skip124
\l_MT_shortvdotswithinadjustabove_dim=\dimen198
\l_MT_shortvdotswithinadjustbelow_dim=\dimen199
\l_MT_above_intertext_sep=\dimen256
\l_MT_below_intertext_sep=\dimen257
\l_MT_above_shortintertext_sep=\dimen258
\l_MT_below_shortintertext_sep=\dimen259
\xmathstrut@box=\box71
\xmathstrut@dim=\dimen260
)
LaTeX Info: Redefining \( on input line 36.
 (/usr/local/texlive/2026/texmf-dist/tex/latex/graphics/graphicx.sty
Package: graphicx 2024/12/31 v1.2e Enhanced LaTeX Graphics (DPC,SPQR)

(/usr/local/texlive/2026/texmf-dist/tex/latex/graphics/graphics.sty
Package: graphics 2024/08/06 v1.4g Standard LaTeX Graphics (DPC,SPQR)

(/usr/local/texlive/2026/texmf-dist/tex/latex/graphics/trig.sty
Package: trig 2023/12/02 v1.11 sin cos tan (DPC)
)
(/usr/local/texlive/2026/texmf-dist/tex/latex/graphics-cfg/graphics.cfg
File: graphics.cfg 2016/06/04 v1.11 sample graphics configuration
)
Package graphics Info: Driver file: luatex.def on input line 106.

(/usr/local/texlive/2026/texmf-dist/tex/latex/graphics-def/luatex.def
File: luatex.def 2025/09/29 v1.2f Graphics/color driver for luatex
))
\Gin@req@height=\dimen261
\Gin@req@width=\dimen262
)
(/usr/local/texlive/2026/texmf-dist/tex/latex/pgf/basiclayer/pgf.sty
(/usr/local/texlive/2026/texmf-dist/tex/latex/pgf/utilities/pgfrcs.sty
(/usr/local/texlive/2026/texmf-dist/tex/generic/pgf/utilities/pgfutil-common.te
x
\pgfutil@everybye=\toks45
\pgfutil@tempdima=\dimen263
\pgfutil@tempdimb=\dimen264
)
(/usr/local/texlive/2026/texmf-dist/tex/generic/pgf/utilities/pgfutil-latex.def
\pgfutil@abb=\box72
) (/usr/local/texlive/2026/texmf-dist/tex/generic/pgf/utilities/pgfrcs.code.tex
(/usr/local/texlive/2026/texmf-dist/tex/generic/pgf/pgf.revision.tex)
Package: pgfrcs 2025-08-29 v3.1.11a (3.1.11a)
))
Package: pgf 2025-08-29 v3.1.11a (3.1.11a)

(/usr/local/texlive/2026/texmf-dist/tex/latex/pgf/basiclayer/pgfcore.sty
(/usr/local/texlive/2026/texmf-dist/tex/latex/pgf/systemlayer/pgfsys.sty
(/usr/local/texlive/2026/texmf-dist/tex/generic/pgf/systemlayer/pgfsys.code.tex
Package: pgfsys 2025-08-29 v3.1.11a (3.1.11a)
(/usr/local/texlive/2026/texmf-dist/tex/generic/pgf/utilities/pgfkeys.code.tex
\pgfkeys@pathtoks=\toks46
\pgfkeys@temptoks=\toks47

(/usr/local/texlive/2026/texmf-dist/tex/generic/pgf/utilities/pgfkeyslibraryfil
tered.code.tex
\pgfkeys@tmptoks=\toks48
))
\pgf@x=\dimen265
\pgf@y=\dimen266
\pgf@xa=\dimen267
\pgf@ya=\dimen268
\pgf@xb=\dimen269
\pgf@yb=\dimen270
\pgf@xc=\dimen271
\pgf@yc=\dimen272
\pgf@xd=\dimen273
\pgf@yd=\dimen274
\w@pgf@writea=\write6
\r@pgf@reada=\read4
\c@pgf@counta=\count524
\c@pgf@countb=\count525
\c@pgf@countc=\count526
\c@pgf@countd=\count527
\t@pgf@toka=\toks49
\t@pgf@tokb=\toks50
\t@pgf@tokc=\toks51
\pgf@sys@id@count=\count528

(/usr/local/texlive/2026/texmf-dist/tex/generic/pgf/systemlayer/pgf.cfg
File: pgf.cfg 2025-08-29 v3.1.11a (3.1.11a)
)
Driver file for pgf: pgfsys-luatex.def

(/usr/local/texlive/2026/texmf-dist/tex/generic/pgf/systemlayer/pgfsys-luatex.d
ef
File: pgfsys-luatex.def 2025-08-29 v3.1.11a (3.1.11a)

(/usr/local/texlive/2026/texmf-dist/tex/generic/pgf/systemlayer/pgfsys-common-p
df.def
File: pgfsys-common-pdf.def 2025-08-29 v3.1.11a (3.1.11a)
)))
(/usr/local/texlive/2026/texmf-dist/tex/generic/pgf/systemlayer/pgfsyssoftpath.
code.tex
File: pgfsyssoftpath.code.tex 2025-08-29 v3.1.11a (3.1.11a)
\pgfsyssoftpath@smallbuffer@items=\count529
\pgfsyssoftpath@bigbuffer@items=\count530
)
(/usr/local/texlive/2026/texmf-dist/tex/generic/pgf/systemlayer/pgfsysprotocol.
code.tex
File: pgfsysprotocol.code.tex 2025-08-29 v3.1.11a (3.1.11a)
)) (/usr/local/texlive/2026/texmf-dist/tex/latex/xcolor/xcolor.sty
Package: xcolor 2024/09/29 v3.02 LaTeX color extensions (UK)

(/usr/local/texlive/2026/texmf-dist/tex/latex/graphics-cfg/color.cfg
File: color.cfg 2016/01/02 v1.6 sample color configuration
)
Package xcolor Info: Driver file: luatex.def on input line 274.

(/usr/local/texlive/2026/texmf-dist/tex/latex/graphics/mathcolor.ltx)
Package xcolor Info: Model `cmy' substituted by `cmy0' on input line 1349.
Package xcolor Info: Model `hsb' substituted by `rgb' on input line 1353.
Package xcolor Info: Model `RGB' extended on input line 1365.
Package xcolor Info: Model `HTML' substituted by `rgb' on input line 1367.
Package xcolor Info: Model `Hsb' substituted by `hsb' on input line 1368.
Package xcolor Info: Model `tHsb' substituted by `hsb' on input line 1369.
Package xcolor Info: Model `HSB' substituted by `hsb' on input line 1370.
Package xcolor Info: Model `Gray' substituted by `gray' on input line 1371.
Package xcolor Info: Model `wave' substituted by `hsb' on input line 1372.
)
(/usr/local/texlive/2026/texmf-dist/tex/generic/pgf/basiclayer/pgfcore.code.tex
Package: pgfcore 2025-08-29 v3.1.11a (3.1.11a)
(/usr/local/texlive/2026/texmf-dist/tex/generic/pgf/math/pgfmath.code.tex
(/usr/local/texlive/2026/texmf-dist/tex/generic/pgf/math/pgfmathutil.code.tex)
(/usr/local/texlive/2026/texmf-dist/tex/generic/pgf/math/pgfmathparser.code.tex
\pgfmath@dimen=\dimen275
\pgfmath@count=\count531
\pgfmath@box=\box73
\pgfmath@toks=\toks52
\pgfmath@stack@operand=\toks53
\pgfmath@stack@operation=\toks54
)
(/usr/local/texlive/2026/texmf-dist/tex/generic/pgf/math/pgfmathfunctions.code.
tex)
(/usr/local/texlive/2026/texmf-dist/tex/generic/pgf/math/pgfmathfunctions.basic
.code.tex)
(/usr/local/texlive/2026/texmf-dist/tex/generic/pgf/math/pgfmathfunctions.trigo
nometric.code.tex)
(/usr/local/texlive/2026/texmf-dist/tex/generic/pgf/math/pgfmathfunctions.rando
m.code.tex)
(/usr/local/texlive/2026/texmf-dist/tex/generic/pgf/math/pgfmathfunctions.compa
rison.code.tex)
(/usr/local/texlive/2026/texmf-dist/tex/generic/pgf/math/pgfmathfunctions.base.
code.tex)
(/usr/local/texlive/2026/texmf-dist/tex/generic/pgf/math/pgfmathfunctions.round
.code.tex)
(/usr/local/texlive/2026/texmf-dist/tex/generic/pgf/math/pgfmathfunctions.misc.
code.tex)
(/usr/local/texlive/2026/texmf-dist/tex/generic/pgf/math/pgfmathfunctions.integ
erarithmetics.code.tex)
(/usr/local/texlive/2026/texmf-dist/tex/generic/pgf/math/pgfmathcalc.code.tex)
(/usr/local/texlive/2026/texmf-dist/tex/generic/pgf/math/pgfmathfloat.code.tex
\c@pgfmathroundto@lastzeros=\count532
)) (/usr/local/texlive/2026/texmf-dist/tex/generic/pgf/math/pgfint.code.tex)
(/usr/local/texlive/2026/texmf-dist/tex/generic/pgf/basiclayer/pgfcorepoints.co
de.tex
File: pgfcorepoints.code.tex 2025-08-29 v3.1.11a (3.1.11a)
\pgf@picminx=\dimen276
\pgf@picmaxx=\dimen277
\pgf@picminy=\dimen278
\pgf@picmaxy=\dimen279
\pgf@pathminx=\dimen280
\pgf@pathmaxx=\dimen281
\pgf@pathminy=\dimen282
\pgf@pathmaxy=\dimen283
\pgf@xx=\dimen284
\pgf@xy=\dimen285
\pgf@yx=\dimen286
\pgf@yy=\dimen287
\pgf@zx=\dimen288
\pgf@zy=\dimen289
)
(/usr/local/texlive/2026/texmf-dist/tex/generic/pgf/basiclayer/pgfcorepathconst
ruct.code.tex
File: pgfcorepathconstruct.code.tex 2025-08-29 v3.1.11a (3.1.11a)
\pgf@path@lastx=\dimen290
\pgf@path@lasty=\dimen291
)
(/usr/local/texlive/2026/texmf-dist/tex/generic/pgf/basiclayer/pgfcorepathusage
.code.tex
File: pgfcorepathusage.code.tex 2025-08-29 v3.1.11a (3.1.11a)
\pgf@shorten@end@additional=\dimen292
\pgf@shorten@start@additional=\dimen293
)
(/usr/local/texlive/2026/texmf-dist/tex/generic/pgf/basiclayer/pgfcorescopes.co
de.tex
File: pgfcorescopes.code.tex 2025-08-29 v3.1.11a (3.1.11a)
\pgfpic=\box74
\pgf@hbox=\box75
\pgf@layerbox@main=\box76
\pgf@picture@serial@count=\count533
)
(/usr/local/texlive/2026/texmf-dist/tex/generic/pgf/basiclayer/pgfcoregraphicst
ate.code.tex
File: pgfcoregraphicstate.code.tex 2025-08-29 v3.1.11a (3.1.11a)
\pgflinewidth=\dimen294
)
(/usr/local/texlive/2026/texmf-dist/tex/generic/pgf/basiclayer/pgfcoretransform
ations.code.tex
File: pgfcoretransformations.code.tex 2025-08-29 v3.1.11a (3.1.11a)
\pgf@pt@x=\dimen295
\pgf@pt@y=\dimen296
\pgf@pt@temp=\dimen297
)
(/usr/local/texlive/2026/texmf-dist/tex/generic/pgf/basiclayer/pgfcorequick.cod
e.tex
File: pgfcorequick.code.tex 2025-08-29 v3.1.11a (3.1.11a)
)
(/usr/local/texlive/2026/texmf-dist/tex/generic/pgf/basiclayer/pgfcoreobjects.c
ode.tex
File: pgfcoreobjects.code.tex 2025-08-29 v3.1.11a (3.1.11a)
)
(/usr/local/texlive/2026/texmf-dist/tex/generic/pgf/basiclayer/pgfcorepathproce
ssing.code.tex
File: pgfcorepathprocessing.code.tex 2025-08-29 v3.1.11a (3.1.11a)
)
(/usr/local/texlive/2026/texmf-dist/tex/generic/pgf/basiclayer/pgfcorearrows.co
de.tex
File: pgfcorearrows.code.tex 2025-08-29 v3.1.11a (3.1.11a)
\pgfarrowsep=\dimen298
)
(/usr/local/texlive/2026/texmf-dist/tex/generic/pgf/basiclayer/pgfcoreshade.cod
e.tex
File: pgfcoreshade.code.tex 2025-08-29 v3.1.11a (3.1.11a)
\pgf@max=\dimen299
\pgf@sys@shading@range@num=\count534
\pgf@shadingcount=\count535
)
(/usr/local/texlive/2026/texmf-dist/tex/generic/pgf/basiclayer/pgfcoreimage.cod
e.tex
File: pgfcoreimage.code.tex 2025-08-29 v3.1.11a (3.1.11a)
)
(/usr/local/texlive/2026/texmf-dist/tex/generic/pgf/basiclayer/pgfcoreexternal.
code.tex
File: pgfcoreexternal.code.tex 2025-08-29 v3.1.11a (3.1.11a)
\pgfexternal@startupbox=\box77
)
(/usr/local/texlive/2026/texmf-dist/tex/generic/pgf/basiclayer/pgfcorelayers.co
de.tex
File: pgfcorelayers.code.tex 2025-08-29 v3.1.11a (3.1.11a)
)
(/usr/local/texlive/2026/texmf-dist/tex/generic/pgf/basiclayer/pgfcoretranspare
ncy.code.tex
File: pgfcoretransparency.code.tex 2025-08-29 v3.1.11a (3.1.11a)
)
(/usr/local/texlive/2026/texmf-dist/tex/generic/pgf/basiclayer/pgfcorepatterns.
code.tex
File: pgfcorepatterns.code.tex 2025-08-29 v3.1.11a (3.1.11a)
)
(/usr/local/texlive/2026/texmf-dist/tex/generic/pgf/basiclayer/pgfcorerdf.code.
tex
File: pgfcorerdf.code.tex 2025-08-29 v3.1.11a (3.1.11a)
)))
(/usr/local/texlive/2026/texmf-dist/tex/generic/pgf/modules/pgfmoduleshapes.cod
e.tex
File: pgfmoduleshapes.code.tex 2025-08-29 v3.1.11a (3.1.11a)
\pgfnodeparttextbox=\box78
)
(/usr/local/texlive/2026/texmf-dist/tex/generic/pgf/modules/pgfmoduleplot.code.
tex
File: pgfmoduleplot.code.tex 2025-08-29 v3.1.11a (3.1.11a)
)
(/usr/local/texlive/2026/texmf-dist/tex/latex/pgf/compatibility/pgfcomp-version
-0-65.sty
Package: pgfcomp-version-0-65 2025-08-29 v3.1.11a (3.1.11a)
\pgf@nodesepstart=\dimen300
\pgf@nodesepend=\dimen301
)
(/usr/local/texlive/2026/texmf-dist/tex/latex/pgf/compatibility/pgfcomp-version
-1-18.sty
Package: pgfcomp-version-1-18 2025-08-29 v3.1.11a (3.1.11a)
))
(/usr/local/texlive/2026/texmf-dist/tex/latex/tabularray/tabularray.sty
Package: tabularray 2025-11-27 v2025C Typeset tabulars and arrays with LaTeX3

(/usr/local/texlive/2026/texmf-dist/tex/latex/ninecolors/ninecolors.sty
Package: ninecolors 2022-02-13 v2022D Select colors with proper color contrast
)
\g__tblr_nohyper_int=\count536
\l__tblr_a_int=\count537
\l__tblr_c_int=\count538
\l__tblr_r_int=\count539
\l__tblr_d_dim=\dimen302
\l__tblr_h_dim=\dimen303
\l__tblr_o_dim=\dimen304
\l__tblr_p_dim=\dimen305
\l__tblr_q_dim=\dimen306
\l__tblr_r_dim=\dimen307
\l__tblr_s_dim=\dimen308
\l__tblr_t_dim=\dimen309
\l__tblr_v_dim=\dimen310
\l__tblr_w_dim=\dimen311
\l__tblr_a_box=\box79
\l__tblr_b_box=\box80
\l__tblr_c_box=\box81
\l__tblr_d_box=\box82
\c@tblrcount=\count540
\c@rownum=\count541
\c@colnum=\count542
\c@rowcount=\count543
\c@colcount=\count544
\abovesep=\dimen312
\belowsep=\dimen313
\leftsep=\dimen314
\rightsep=\dimen315
\gTblrLevelInt=\count545
\g__tblr_data_row_key_count_int=\count546
\g__tblr_data_column_key_count_int=\count547
\g__tblr_data_cell_key_count_int=\count548
\g__tblr_array_int=\count549
\l__tblr_key_count_int=\count550
\l__tblr_key_quotient_int=\count551
\l__tblr_key_quotient_two_int=\count552
\l__tblr_key_remainder_int=\count553
\g__tblr_data_str_value_count_int=\count554
\lTblrChildTotalInt=\count555
\lTblrChildHtotalInt=\count556
\lTblrChildVtotalInt=\count557
\l__child_diff_h_int=\count558
\l__child_diff_v_int=\count559
\l__child_sign_h_int=\count560
\l__child_sign_v_int=\count561
\l__child_step_int=\count562
\lTblrDefaultHruleWidthDim=\dimen316
\lTblrDefaultVruleWidthDim=\dimen317
\l__tblr_split_balance_int=\count563
\l__tblr_strut_dp_dim=\dimen318
\l__tblr_strut_ht_dim=\dimen319
\g__tblr_cell_wd_dim=\dimen320
\g__tblr_cell_ht_dim=\dimen321
\g__tblr_cell_head_dim=\dimen322
\g__tblr_cell_foot_dim=\dimen323
\l__tblr_measured_cell_box=\box83
\g__tblr_last_box=\box84
\l__tblr_temp_box=\box85
\l__tblr_column_target_dim=\dimen324
\l__tblr_hfuzz_dim=\dimen325
\l__tblr_caption_box=\box86
\l__tblr_caption_left_box=\box87
\lTblrRowHeadInt=\count564
\lTblrRowFootInt=\count565
\l__tblr_row_head_box=\box88
\l__tblr_row_foot_box=\box89
\l__tblr_row_head_foot_dim=\dimen326
\lTblrTableWidthDim=\dimen327
\l__tblr_table_firsthead_box=\box90
\l__tblr_table_middlehead_box=\box91
\l__tblr_table_lasthead_box=\box92
\l__tblr_table_firstfoot_box=\box93
\l__tblr_table_middlefoot_box=\box94
\l__tblr_table_lastfoot_box=\box95
\l__tblr_remain_height_dim=\dimen328
\l__tblr_next_rows_dim=\dimen329
\l__tblr_page_overfill_dim=\dimen330
\l__tblr_long_from_int=\count566
\l__tblr_long_to_int=\count567
\l__tblr_curr_i_int=\count568
\l__tblr_prev_i_int=\count569
\lTblrTablePageInt=\count570
\l__tblr_table_head_box=\box96
\l__tblr_table_foot_box=\box97
\l__tblr_table_head_foot_dim=\dimen331
\l__tblr_table_head_body_foot_dim=\dimen332
\l__tblr_table_box=\box98
\lTblrRowFirstInt=\count571
\lTblrRowLastInt=\count572
\l__tblr_cover_box_a_dim=\dimen333
\l__tblr_cover_box_b_dim=\dimen334
\l__tblr_table_hlines_box=\box99
\l__tblr_hline_box=\box100
\l__tblr_row_box=\box101
\l__tblr_col_o_wd_dim=\dimen335
\l__tblr_col_b_wd_dim=\dimen336
\l__tblr_hline_leftskip_dim=\dimen337
\l__tblr_hline_rightskip_dim=\dimen338
\l__tblr_row_ht_dim=\dimen339
\l__tblr_row_dp_dim=\dimen340
\l__tblr_row_abovesep_dim=\dimen341
\l__tblr_row_belowsep_dim=\dimen342
\l__tblr_row_vlines_box=\box102
\l__tblr_vline_box=\box103
\l__tblr_cell_box=\box104
\l__tblr_row_upper_dim=\dimen343
\l__tblr_row_lower_dim=\dimen344
\l__tblr_row_vpace_dim=\dimen345
\l__tblr_vline_aboveskip_dim=\dimen346
\l__tblr_vline_belowskip_dim=\dimen347
\lTblrCellRowSpanInt=\count573
\lTblrCellColSpanInt=\count574
\l__tblr_cell_wd_dim=\dimen348
\l__tblr_cell_ht_dim=\dimen349
\lTblrCellAboveBorderWidthDim=\dimen350
\lTblrCellBelowBorderWidthDim=\dimen351
\lTblrCellLeftBorderWidthDim=\dimen352
\lTblrCellRightBorderWidthDim=\dimen353
\l__tblr_diag_box=\box105
\l__tblr_cell_inner_wd_dim=\dimen354
\l__tblr_cell_inner_dp_dim=\dimen355
\l__tblr_cell_hanchor_dim=\dimen356
\l__tblr_last_cell_table_ht_dim=\dimen357
\l__tblr_last_cell_table_dp_dim=\dimen358
\l__tblr_last_vline_wd_dim=\dimen359
\l__tblr_tikz_node_box=\box106
)
(/usr/local/texlive/2026/texmf-dist/tex/latex/minted/minted.sty
Package: minted 2025/05/14 v3.7.0 Yet another Pygments shim for LaTeX

(/usr/local/texlive/2026/texmf-dist/tex/generic/catchfile/catchfile.sty
Package: catchfile 2019/12/09 v1.8 Catch the contents of a file (HO)
)
(/usr/local/texlive/2026/texmf-dist/tex/latex/fvextra/fvextra.sty
Package: fvextra 2026/02/25 v1.14.0 fvextra - extensions and patches for fancyv
rb

(/usr/local/texlive/2026/texmf-dist/tex/latex/fancyvrb/fancyvrb.sty
Package: fancyvrb 2025/07/28 4.6 verbatim text (tvz,hv)
\FV@CodeLineNo=\count575
\FV@InFile=\read5
\FV@TabBox=\box107
\c@FancyVerbLine=\count576
\FV@StepNumber=\count577
\FV@OutFile=\write7
)
(/usr/local/texlive/2026/texmf-dist/tex/latex/upquote/upquote.sty
Package: upquote 2012/04/19 v1.3 upright-quote and grave-accent glyphs in verba
tim

(/usr/local/texlive/2026/texmf-dist/tex/latex/base/textcomp.sty
Package: textcomp 2024/04/24 v2.1b Standard LaTeX package
))
(/usr/local/texlive/2026/texmf-dist/tex/latex/lineno/lineno.sty
Package: lineno 2026/02/16 line numbers on paragraphs v5.7
\linenopenalty=\count578
\output=\toks55
\linenoprevgraf=\count579
\linenumbersep=\dimen360
\linenumberwidth=\dimen361
\c@linenumber=\count580
\c@pagewiselinenumber=\count581
\c@LN@truepage=\count582
\c@internallinenumber=\count583
\c@internallinenumbers=\count584
\quotelinenumbersep=\dimen362
\bframerule=\dimen363
\bframesep=\dimen364
\bframebox=\box108
\@LN@amsmath@ams@eqpen=\count585


LaTeX Warning: Command \@parboxrestore  has changed.
               Check if current package is valid.

)

Package fvextra Warning: csquotes should be loaded after fvextra, to avoid a wa
rning from the lineno package on input line 36.

\c@FancyVerbWriteLine=\count586
\c@FancyVerbBufferLine=\count587
\c@FV@TrueTabGroupLevel=\count588
\c@FV@TrueTabCounter=\count589
\FV@TabBox@Group=\box109
\FV@bgcolorstructbox=\box110
\FV@TmpLength=\skip125
\c@FV@HighlightLinesStart=\count590
\c@FV@HighlightLinesStop=\count591
\FV@LoopCount=\count592
\FV@NCharsBox=\box111
\FV@BreakIndent=\dimen365
\FV@BreakIndentNChars=\count593
\FV@BreakSymbolSepLeft=\dimen366
\FV@BreakSymbolSepLeftNChars=\count594
\FV@BreakSymbolSepRight=\dimen367
\FV@BreakSymbolSepRightNChars=\count595
\FV@BreakSymbolIndentLeft=\dimen368
\FV@BreakSymbolIndentLeftNChars=\count596
\FV@BreakSymbolIndentRight=\dimen369
\FV@BreakSymbolIndentRightNChars=\count597
\c@FancyVerbLineBreakLast=\count598
\FV@LineBox=\box112
\FV@LineIndentBox=\box113
\c@FV@BreakBufferDepth=\count599
\FV@LineWidth=\dimen370
) (/usr/local/texlive/2026/texmf-dist/tex/latex/latex2pydata/latex2pydata.sty
Package: latex2pydata 2026/02/25 v0.7.0 latex2pydata - write data to file in Py
thon literal format
)
(/usr/local/texlive/2026/texmf-dist/tex/latex/pgf/utilities/pgfkeys.sty
(/usr/local/texlive/2026/texmf-dist/tex/generic/pgf/utilities/pgfkeys.code.tex))
 (/usr/local/texlive/2026/texmf-dist/tex/latex/pgfopts/pgfopts.sty
Package: pgfopts 2014/07/10 v2.1a LaTeX package options with pgfkeys
\pgfopts@list@add@a@toks=\toks56
\pgfopts@list@add@b@toks=\toks57
)
(/usr/local/texlive/2026/texmf-dist/tex/latex/tools/shellesc.sty
Package: shellesc 2023/07/08 v1.0d unified shell escape interface for LaTeX
Package shellesc Info: Unrestricted shell escape enabled on input line 75.
)
\c@minted@FancyVerbLineTemp=\count600
\@float@every@listing=\toks58
\c@listing=\count601
)
(/usr/local/texlive/2026/texmf-dist/tex/latex/subfiles/subfiles.sty
Package: subfiles 2020/11/14 v2.2 Multi-file projects (package)

(/usr/local/texlive/2026/texmf-dist/tex/latex/import/import.sty
Package: import 2020/04/01  v 6.2
)))
Class scrbook Info: loading recommended package `bookmark'.
(scrbook)           Using `bookmark' together with `hyperref' is recommended,
(scrbook)           because of handling of possible bookmark level gaps.
(scrbook)           You can avoid loading `bookmark' with KOMA-Script option
(scrbook)           `bookmarkpackage=false' before \begin{document} and
(scrbook)           you can avoid this message adding:
(scrbook)             \usepackage{bookmark}
(scrbook)           before \begin{document} on input line 19.

(/usr/local/texlive/2026/texmf-dist/tex/latex/bookmark/bookmark.sty
Package: bookmark 2023-12-10 v1.31 PDF bookmarks (HO)

(/usr/local/texlive/2026/texmf-dist/tex/latex/bookmark/bkm-pdftex.def
File: bkm-pdftex.def 2023-12-10 v1.31 bookmark driver for pdfTeX and luaTeX (HO
)
\BKM@id=\count602
))
Package csquotes Info: Checking for multilingual support...
Package csquotes Info: ... found 'polyglossia' package.
Package csquotes Info: Adjusting default style.
Package csquotes Info: Redefining alias 'default' -> 'american'.

(/usr/local/texlive/2026/texmf-dist/tex/latex/ccicons/ccicons.sty
Package: ccicons 2017/10/30 v1.6 LaTeX support for Creative Commons icons
)

LaTeX Warning: Unused global option(s):
    [series].

(./default.aux

LaTeX Warning: Label `rudn' multiply defined.

)
\openout1 = default.aux

LaTeX Font Info:    Checking defaults for OML/cmm/m/it on input line 19.
LaTeX Font Info:    ... okay on input line 19.
LaTeX Font Info:    Checking defaults for OMS/cmsy/m/n on input line 19.
LaTeX Font Info:    ... okay on input line 19.
LaTeX Font Info:    Checking defaults for OT1/cmr/m/n on input line 19.
LaTeX Font Info:    ... okay on input line 19.
LaTeX Font Info:    Checking defaults for T1/cmr/m/n on input line 19.
LaTeX Font Info:    ... okay on input line 19.
LaTeX Font Info:    Checking defaults for TS1/cmr/m/n on input line 19.
LaTeX Font Info:    ... okay on input line 19.
LaTeX Font Info:    Checking defaults for TU/lmr/m/n on input line 19.
LaTeX Font Info:    ... okay on input line 19.
LaTeX Font Info:    Checking defaults for OMX/cmex/m/n on input line 19.
LaTeX Font Info:    ... okay on input line 19.
LaTeX Font Info:    Checking defaults for U/cmr/m/n on input line 19.
LaTeX Font Info:    ... okay on input line 19.
LaTeX Font Info:    Checking defaults for PD1/pdf/m/n on input line 19.
LaTeX Font Info:    ... okay on input line 19.
LaTeX Font Info:    Checking defaults for PU/pdf/m/n on input line 19.
LaTeX Font Info:    ... okay on input line 19.

*geometry* driver: auto-detecting
*geometry* detected driver: luatex
*geometry* verbose mode - [ preamble ] result:
* driver: luatex
* paper: custom
* layout: <same size as paper>
* layoutoffset:(h,v)=(0.0pt,0.0pt)
* hratio: 1:1
* modes: includehead twoside heightrounded 
* h-part:(L,W,R)=(42.67912pt, 398.33858pt, 42.67914pt)
* v-part:(T,H,B)=(45.5244pt, 611.73427pt, 82.51299pt)
* \paperwidth=483.69684pt
* \paperheight=739.77165pt
* \textwidth=398.33858pt
* \textheight=574.0pt
* \oddsidemargin=-29.59087pt
* \evensidemargin=-29.59085pt
* \topmargin=-26.74559pt
* \headheight=15.0pt
* \headsep=18.0pt
* \topskip=10.0pt
* \footskip=0.0pt
* \marginparwidth=0.0pt
* \marginparsep=0.0pt
* \columnsep=10.0pt
* \skip\footins=9.0pt plus 4.0pt minus 2.0pt
* \hoffset=0.0pt
* \voffset=0.0pt
* \mag=1000
* \@twocolumnfalse
* \@twosidetrue
* \@mparswitchtrue
* \@reversemarginfalse
* (1in=72.27pt=25.4mm, 1cm=28.453pt)

LaTeX Font Info:    Font shape `TU/TeXGyreTermes(0)/m/n' will be
(Font)              scaled to size 7.66223pt on input line 19.
LaTeX Font Info:    Trying to load font information for U+msa on input line 19.

(/usr/local/texlive/2026/texmf-dist/tex/latex/amsfonts/umsa.fd
File: umsa.fd 2013/01/14 v3.01 AMS symbols A
)
LaTeX Font Info:    Trying to load font information for U+msb on input line 19.


(/usr/local/texlive/2026/texmf-dist/tex/latex/amsfonts/umsb.fd
File: umsb.fd 2013/01/14 v3.01 AMS symbols B
)
Package hyperref Info: Link coloring OFF on input line 19.
Package caption Info: Begin \AtBeginDocument code.
Package caption Info: float package is loaded.
Package caption Info: End \AtBeginDocument code.
LaTeX Font Info:    Overwriting math alphabet `\mathrm' in version `normal'
(Font)                  OT1/cmr/m/n --> TU/TeXGyreTermes(0)/m/n on input line 1
9.
LaTeX Font Info:    Overwriting math alphabet `\mathit' in version `normal'
(Font)                  OT1/cmr/m/it --> TU/TeXGyreTermes(0)/m/it on input line
 19.
LaTeX Font Info:    Overwriting math alphabet `\mathbf' in version `normal'
(Font)                  OT1/cmr/bx/n --> TU/TeXGyreTermes(0)/b/n on input line 
19.
LaTeX Font Info:    Overwriting math alphabet `\mathsf' in version `normal'
(Font)                  OT1/cmss/m/n --> TU/TeXGyreHeros(0)/m/n on input line 1
9.
LaTeX Font Info:    Overwriting math alphabet `\mathsf' in version `bold'
(Font)                  OT1/cmss/bx/n --> TU/TeXGyreHeros(0)/b/n on input line 
19.
LaTeX Font Info:    Overwriting math alphabet `\mathtt' in version `normal'
(Font)                  OT1/cmtt/m/n --> TU/TeXGyreCursor(0)/m/n on input line 
19.
LaTeX Font Info:    Overwriting math alphabet `\mathtt' in version `bold'
(Font)                  OT1/cmtt/m/n --> TU/TeXGyreCursor(0)/b/n on input line 
19.

Package fontspec Info: 
(fontspec)             latinmodern-math scale = 1.


Package fontspec Info: 
(fontspec)             latinmodern-math scale = 1.


Package fontspec Info: 
(fontspec)             latinmodern-math scale = 1.


Package fontspec Info: 
(fontspec)             Font family 'latinmodern-math.otf(0)' created for font
(fontspec)             'latinmodern-math.otf' with options
(fontspec)             [Scale=MatchLowercase,Renderer=Basic,BoldItalicFont={},I
talicFont={},SmallCapsFont={},Script=Math,RawFeature={mathfontdimen=xetex},Bold
Font={latinmodern-math.otf}].
(fontspec)              
(fontspec)              This font family consists of the following NFSS
(fontspec)             series/shapes:
(fontspec)              
(fontspec)             - 'normal' (m/n) with NFSS spec.:
(fontspec)             <->s*[1]"[latinmodern-math.otf]:mode=base;script=math;la
nguage=dflt;mathfontdimen=xetex;"
(fontspec)             - 'bold' (b/n) with NFSS spec.:
(fontspec)             <->s*[1]"[latinmodern-math.otf]:mode=base;script=math;la
nguage=dflt;mathfontdimen=xetex;"

LaTeX Font Info:    Font shape `TU/latinmodern-math.otf(0)/m/n' will be
(Font)              scaled to size 10.0pt on input line 19.

Package fontspec Info: 
(fontspec)             latinmodern-math scale = 1.


Package fontspec Info: 
(fontspec)             latinmodern-math scale = 1.


Package fontspec Info: 
(fontspec)             latinmodern-math scale = 1.


Package fontspec Info: 
(fontspec)             latinmodern-math scale = 1.


Package fontspec Info: 
(fontspec)             latinmodern-math scale = 1.


Package fontspec Info: 
(fontspec)             Font family 'latinmodern-math.otf(1)' created for font
(fontspec)             'latinmodern-math.otf' with options
(fontspec)             [Scale=MatchLowercase,Renderer=Basic,BoldItalicFont={},I
talicFont={},SmallCapsFont={},Script=Math,SizeFeatures={{Size=8.5-},{Size=6-8.5
,Font=latinmodern-math.otf,Style=MathScript},{Size=-6,Font=latinmodern-math.otf
,Style=MathScriptScript}},RawFeature={mathfontdimen=xetex},BoldFont={latinmoder
n-math.otf}].
(fontspec)              
(fontspec)              This font family consists of the following NFSS
(fontspec)             series/shapes:
(fontspec)              
(fontspec)             - 'normal' (m/n) with NFSS spec.:
(fontspec)             <8.5->s*[1]"[latinmodern-math.otf]:mode=base;script=math
;language=dflt;mathfontdimen=xetex;"<6-8.5>s*[1]"[latinmodern-math.otf]:mode=ba
se;script=math;language=dflt;mathfontdimen=xetex;+ssty=0;"<-6>s*[1]"[latinmoder
n-math.otf]:mode=base;script=math;language=dflt;mathfontdimen=xetex;+ssty=1;"
(fontspec)             - 'bold' (b/n) with NFSS spec.:
(fontspec)             <->s*[1]"[latinmodern-math.otf]:mode=base;script=math;la
nguage=dflt;mathfontdimen=xetex;"

LaTeX Font Info:    Font shape `TU/latinmodern-math.otf(1)/m/n' will be
(Font)              scaled to size 10.0pt on input line 19.
LaTeX Font Info:    Encoding `OT1' has changed to `TU' for symbol font
(Font)              `operators' in the math version `normal' on input line 19.
LaTeX Font Info:    Overwriting symbol font `operators' in version `normal'
(Font)                  OT1/cmr/m/n --> TU/latinmodern-math.otf(1)/m/n on input
 line 19.
LaTeX Font Info:    Encoding `OT1' has changed to `TU' for symbol font
(Font)              `operators' in the math version `bold' on input line 19.
LaTeX Font Info:    Overwriting symbol font `operators' in version `bold'
(Font)                  OT1/cmr/bx/n --> TU/latinmodern-math.otf(1)/b/n on inpu
t line 19.

Package fontspec Info: 
(fontspec)             latinmodern-math scale = 1.


Package fontspec Info: 
(fontspec)             latinmodern-math scale = 1.


Package fontspec Info: 
(fontspec)             latinmodern-math scale = 1.


Package fontspec Info: 
(fontspec)             latinmodern-math scale = 1.


Package fontspec Info: 
(fontspec)             latinmodern-math scale = 1.


Package fontspec Info: 
(fontspec)             Font family 'latinmodern-math.otf(2)' created for font
(fontspec)             'latinmodern-math.otf' with options
(fontspec)             [Scale=MatchLowercase,Renderer=Basic,BoldItalicFont={},I
talicFont={},SmallCapsFont={},Script=Math,SizeFeatures={{Size=8.5-},{Size=6-8.5
,Font=latinmodern-math.otf,Style=MathScript},{Size=-6,Font=latinmodern-math.otf
,Style=MathScriptScript}},RawFeature={mathfontdimen=xetex},BoldFont={latinmoder
n-math.otf},RawFeature={mathfontdimen=tex2}].
(fontspec)              
(fontspec)              This font family consists of the following NFSS
(fontspec)             series/shapes:
(fontspec)              
(fontspec)             - 'normal' (m/n) with NFSS spec.:
(fontspec)             <8.5->s*[1]"[latinmodern-math.otf]:mode=base;script=math
;language=dflt;mathfontdimen=xetex;mathfontdimen=tex2;"<6-8.5>s*[1]"[latinmoder
n-math.otf]:mode=base;script=math;language=dflt;mathfontdimen=xetex;mathfontdim
en=tex2;+ssty=0;"<-6>s*[1]"[latinmodern-math.otf]:mode=base;script=math;languag
e=dflt;mathfontdimen=xetex;mathfontdimen=tex2;+ssty=1;"
(fontspec)             - 'bold' (b/n) with NFSS spec.:
(fontspec)             <->s*[1]"[latinmodern-math.otf]:mode=base;script=math;la
nguage=dflt;mathfontdimen=xetex;mathfontdimen=tex2;"

LaTeX Font Info:    Encoding `OMS' has changed to `TU' for symbol font
(Font)              `symbols' in the math version `normal' on input line 19.
LaTeX Font Info:    Overwriting symbol font `symbols' in version `normal'
(Font)                  OMS/cmsy/m/n --> TU/latinmodern-math.otf(2)/m/n on inpu
t line 19.
LaTeX Font Info:    Encoding `OMS' has changed to `TU' for symbol font
(Font)              `symbols' in the math version `bold' on input line 19.
LaTeX Font Info:    Overwriting symbol font `symbols' in version `bold'
(Font)                  OMS/cmsy/b/n --> TU/latinmodern-math.otf(2)/b/n on inpu
t line 19.

Package fontspec Info: 
(fontspec)             latinmodern-math scale = 1.


Package fontspec Info: 
(fontspec)             latinmodern-math scale = 1.


Package fontspec Info: 
(fontspec)             latinmodern-math scale = 1.


Package fontspec Info: 
(fontspec)             latinmodern-math scale = 1.


Package fontspec Info: 
(fontspec)             latinmodern-math scale = 1.


Package fontspec Info: 
(fontspec)             Font family 'latinmodern-math.otf(3)' created for font
(fontspec)             'latinmodern-math.otf' with options
(fontspec)             [Scale=MatchLowercase,Renderer=Basic,BoldItalicFont={},I
talicFont={},SmallCapsFont={},Script=Math,SizeFeatures={{Size=8.5-},{Size=6-8.5
,Font=latinmodern-math.otf,Style=MathScript},{Size=-6,Font=latinmodern-math.otf
,Style=MathScriptScript}},RawFeature={mathfontdimen=xetex},BoldFont={latinmoder
n-math.otf},RawFeature={mathfontdimen=tex3}].
(fontspec)              
(fontspec)              This font family consists of the following NFSS
(fontspec)             series/shapes:
(fontspec)              
(fontspec)             - 'normal' (m/n) with NFSS spec.:
(fontspec)             <8.5->s*[1]"[latinmodern-math.otf]:mode=base;script=math
;language=dflt;mathfontdimen=xetex;mathfontdimen=tex3;"<6-8.5>s*[1]"[latinmoder
n-math.otf]:mode=base;script=math;language=dflt;mathfontdimen=xetex;mathfontdim
en=tex3;+ssty=0;"<-6>s*[1]"[latinmodern-math.otf]:mode=base;script=math;languag
e=dflt;mathfontdimen=xetex;mathfontdimen=tex3;+ssty=1;"
(fontspec)             - 'bold' (b/n) with NFSS spec.:
(fontspec)             <->s*[1]"[latinmodern-math.otf]:mode=base;script=math;la
nguage=dflt;mathfontdimen=xetex;mathfontdimen=tex3;"

LaTeX Font Info:    Encoding `OMX' has changed to `TU' for symbol font
(Font)              `largesymbols' in the math version `normal' on input line 1
9.
LaTeX Font Info:    Overwriting symbol font `largesymbols' in version `normal'
(Font)                  OMX/cmex/m/n --> TU/latinmodern-math.otf(3)/m/n on inpu
t line 19.
LaTeX Font Info:    Encoding `OMX' has changed to `TU' for symbol font
(Font)              `largesymbols' in the math version `bold' on input line 19.

LaTeX Font Info:    Overwriting symbol font `largesymbols' in version `bold'
(Font)                  OMX/cmex/m/n --> TU/latinmodern-math.otf(3)/b/n on inpu
t line 19.
LaTeX Font Info:    Font shape `TU/latinmodern-math.otf(1)/m/n' will be
(Font)              scaled to size 7.0pt on input line 19.
LaTeX Font Info:    Font shape `TU/latinmodern-math.otf(1)/m/n' will be
(Font)              scaled to size 5.0pt on input line 19.
LaTeX Font Info:    Font shape `TU/latinmodern-math.otf(2)/m/n' will be
(Font)              scaled to size 10.0pt on input line 19.
LaTeX Font Info:    Font shape `TU/latinmodern-math.otf(2)/m/n' will be
(Font)              scaled to size 7.0pt on input line 19.
LaTeX Font Info:    Font shape `TU/latinmodern-math.otf(2)/m/n' will be
(Font)              scaled to size 5.0pt on input line 19.
LaTeX Font Info:    Font shape `TU/latinmodern-math.otf(3)/m/n' will be
(Font)              scaled to size 10.0pt on input line 19.
LaTeX Font Info:    Font shape `TU/latinmodern-math.otf(3)/m/n' will be
(Font)              scaled to size 7.0pt on input line 19.
LaTeX Font Info:    Font shape `TU/latinmodern-math.otf(3)/m/n' will be
(Font)              scaled to size 5.0pt on input line 19.


Package unicode-math Warning: Using \overbracket and \underbracket from
(unicode-math)                `mathtools' package.
(unicode-math)                 
(unicode-math)                 Use \Uoverbracket and \Uunderbracket for
(unicode-math)                original `unicode-math' definition.


Package unicode-math Warning: I'm going to overwrite the following commands
(unicode-math)                from the `mathtools' package: 
(unicode-math)                 
(unicode-math)                     \dblcolon, \coloneqq, \Coloneqq, \eqqcolon.
(unicode-math)                
(unicode-math)                 
(unicode-math)                 Note that since I won't overwrite the other
(unicode-math)                colon-like commands, using them will lead to
(unicode-math)                inconsistencies.

Package biblatex Info: Trying to load language 'russian'...
Package biblatex Info: ... file 'russian.lbx' found.
(/usr/local/texlive/2026/texmf-dist/tex/latex/biblatex/lbx/russian.lbx
File: russian.lbx 2025/07/10 v3.21 biblatex localization (PK/MW)
)
Package biblatex Info: Trying to load language 'american'...
Package biblatex Info: ... file 'american.lbx' found.

(/usr/local/texlive/2026/texmf-dist/tex/latex/biblatex/lbx/american.lbx
File: american.lbx 2025/07/10 v3.21 biblatex localization (PK/MW)
Package biblatex Info: Trying to load language 'english'...
Package biblatex Info: ... file 'english.lbx' found.

(/usr/local/texlive/2026/texmf-dist/tex/latex/biblatex/lbx/english.lbx
File: english.lbx 2025/07/10 v3.21 biblatex localization (PK/MW)
)
Package biblatex Info: Trying to load language 'english'...
Package biblatex Info: ... file 'english.lbx' found.

(/usr/local/texlive/2026/texmf-dist/tex/latex/biblatex/lbx/english.lbx
File: english.lbx 2025/07/10 v3.21 biblatex localization (PK/MW)
))
Package biblatex Info: LuaTeX detected.
(biblatex)             Assuming input encoding 'utf8'.
Package biblatex Info: Automatic encoding selection.
(biblatex)             Assuming data encoding 'utf8'.

\openout5 = default.bcf
Package biblatex Info: Trying to load bibliographic data...
Package biblatex Info: ... file 'default.bbl' found.

(./default.bbl)
Package biblatex Info: Reference section=0 on input line 19.
Package biblatex Info: Reference segment=0 on input line 19.

(/usr/local/texlive/2026/texmf-dist/tex/context/base/mkii/supp-pdf.mkii
[Loading MPS to PDF converter (version 2006.09.02).]
\scratchcounter=\count603
\scratchdimen=\dimen371
\scratchbox=\box114
\nofMPsegments=\count604
\nofMParguments=\count605
\everyMPshowfont=\toks59
\MPscratchCnt=\count606
\MPscratchDim=\dimen372
\MPnumerator=\count607
\makeMPintoPDFobject=\count608
\everyMPtoPDFconversion=\toks60
) (/usr/local/texlive/2026/texmf-dist/tex/latex/epstopdf-pkg/epstopdf-base.sty
Package: epstopdf-base 2020-01-24 v2.11 Base part for package epstopdf
Package epstopdf-base Info: Redefining graphics rule for `.eps' on input line 4
85.

(/usr/local/texlive/2026/texmf-dist/tex/latex/latexconfig/epstopdf-sys.cfg
File: epstopdf-sys.cfg 2010/07/13 v1.3 Configuration of (r)epstopdf for TeX Liv
e
))

Package fontspec Info: 
(fontspec)             TeX Gyre Termes Math scale = 0.9577773784132948.


Package fontspec Info: 
(fontspec)             Could not resolve font "TeX Gyre Termes Math/B" (it
(fontspec)             probably doesn't exist).


Package fontspec Info: 
(fontspec)             TeX Gyre Termes Math scale = 0.9577773784132948.


Package fontspec Info: 
(fontspec)             Font family 'TeXGyreTermesMath(0)' created for font
(fontspec)             'TeX Gyre Termes Math' with options
(fontspec)             [Scale=MatchLowercase,Renderer=Basic,BoldItalicFont={},I
talicFont={},SmallCapsFont={},Script=Math,RawFeature={mathfontdimen=xetex}].
(fontspec)              
(fontspec)              This font family consists of the following NFSS
(fontspec)             series/shapes:
(fontspec)              
(fontspec)             - 'normal' (m/n) with NFSS spec.:
(fontspec)             <->s*[0.9577773784132948]"name:TeX Gyre Termes
(fontspec)             Math:mode=base;script=math;language=dflt;mathfontdimen=x
etex;"

LaTeX Font Info:    Font shape `TU/TeXGyreTermesMath(0)/m/n' will be
(Font)              scaled to size 9.57779pt on input line 19.

Package fontspec Info: 
(fontspec)             TeX Gyre Termes Math scale = 0.9577773784132948.


Package fontspec Info: 
(fontspec)             Could not resolve font "TeX Gyre Termes Math/B" (it
(fontspec)             probably doesn't exist).


Package fontspec Info: 
(fontspec)             TeX Gyre Termes Math scale = 0.9577773784132948.


Package fontspec Info: 
(fontspec)             TeX Gyre Termes Math scale = 0.9577773784132948.


Package fontspec Info: 
(fontspec)             TeX Gyre Termes Math scale = 0.9577773784132948.


Package fontspec Info: 
(fontspec)             Font family 'TeXGyreTermesMath(1)' created for font
(fontspec)             'TeX Gyre Termes Math' with options
(fontspec)             [Scale=MatchLowercase,Renderer=Basic,BoldItalicFont={},I
talicFont={},SmallCapsFont={},Script=Math,SizeFeatures={{Size=8.7-},{Size=6.45-
8.7,Font=TeX
(fontspec)             Gyre Termes Math,Style=MathScript},{Size=-6.45,Font=TeX
(fontspec)             Gyre Termes
(fontspec)             Math,Style=MathScriptScript}},RawFeature={mathfontdimen=
xetex}].
(fontspec)              
(fontspec)              This font family consists of the following NFSS
(fontspec)             series/shapes:
(fontspec)              
(fontspec)             - 'normal' (m/n) with NFSS spec.:
(fontspec)             <8.7->s*[0.9577773784132948]"name:TeX Gyre Termes
(fontspec)             Math:mode=base;script=math;language=dflt;mathfontdimen=x
etex;"<6.45-8.7>s*[0.9577773784132948]"name:TeX
(fontspec)             Gyre Termes
(fontspec)             Math:mode=base;script=math;language=dflt;mathfontdimen=x
etex;+ssty=0;"<-6.45>s*[0.9577773784132948]"name:TeX
(fontspec)             Gyre Termes
(fontspec)             Math:mode=base;script=math;language=dflt;mathfontdimen=x
etex;+ssty=1;"

LaTeX Font Info:    Font shape `TU/TeXGyreTermesMath(1)/m/n' will be
(Font)              scaled to size 9.57779pt on input line 19.
LaTeX Font Info:    Overwriting symbol font `operators' in version `normal'
(Font)                  TU/latinmodern-math.otf(1)/m/n --> TU/TeXGyreTermesMath
(1)/m/n on input line 19.
LaTeX Font Info:    Overwriting symbol font `operators' in version `bold'
(Font)                  TU/latinmodern-math.otf(1)/b/n --> TU/TeXGyreTermesMath
(1)/b/n on input line 19.

Package fontspec Info: 
(fontspec)             TeX Gyre Termes Math scale = 0.9577773784132948.


Package fontspec Info: 
(fontspec)             Could not resolve font "TeX Gyre Termes Math/B" (it
(fontspec)             probably doesn't exist).


Package fontspec Info: 
(fontspec)             TeX Gyre Termes Math scale = 0.9577773784132948.


Package fontspec Info: 
(fontspec)             TeX Gyre Termes Math scale = 0.9577773784132948.


Package fontspec Info: 
(fontspec)             TeX Gyre Termes Math scale = 0.9577773784132948.


Package fontspec Info: 
(fontspec)             Font family 'TeXGyreTermesMath(2)' created for font
(fontspec)             'TeX Gyre Termes Math' with options
(fontspec)             [Scale=MatchLowercase,Renderer=Basic,BoldItalicFont={},I
talicFont={},SmallCapsFont={},Script=Math,SizeFeatures={{Size=8.7-},{Size=6.45-
8.7,Font=TeX
(fontspec)             Gyre Termes Math,Style=MathScript},{Size=-6.45,Font=TeX
(fontspec)             Gyre Termes
(fontspec)             Math,Style=MathScriptScript}},RawFeature={mathfontdimen=
xetex},RawFeature={mathfontdimen=tex2}].
(fontspec)              
(fontspec)              This font family consists of the following NFSS
(fontspec)             series/shapes:
(fontspec)              
(fontspec)             - 'normal' (m/n) with NFSS spec.:
(fontspec)             <8.7->s*[0.9577773784132948]"name:TeX Gyre Termes
(fontspec)             Math:mode=base;script=math;language=dflt;mathfontdimen=x
etex;mathfontdimen=tex2;"<6.45-8.7>s*[0.9577773784132948]"name:TeX
(fontspec)             Gyre Termes
(fontspec)             Math:mode=base;script=math;language=dflt;mathfontdimen=x
etex;mathfontdimen=tex2;+ssty=0;"<-6.45>s*[0.9577773784132948]"name:TeX
(fontspec)             Gyre Termes
(fontspec)             Math:mode=base;script=math;language=dflt;mathfontdimen=x
etex;mathfontdimen=tex2;+ssty=1;"

LaTeX Font Info:    Overwriting symbol font `symbols' in version `normal'
(Font)                  TU/latinmodern-math.otf(2)/m/n --> TU/TeXGyreTermesMath
(2)/m/n on input line 19.
LaTeX Font Info:    Overwriting symbol font `symbols' in version `bold'
(Font)                  TU/latinmodern-math.otf(2)/b/n --> TU/TeXGyreTermesMath
(2)/b/n on input line 19.

Package fontspec Info: 
(fontspec)             TeX Gyre Termes Math scale = 0.9577773784132948.


Package fontspec Info: 
(fontspec)             Could not resolve font "TeX Gyre Termes Math/B" (it
(fontspec)             probably doesn't exist).


Package fontspec Info: 
(fontspec)             TeX Gyre Termes Math scale = 0.9577773784132948.


Package fontspec Info: 
(fontspec)             TeX Gyre Termes Math scale = 0.9577773784132948.


Package fontspec Info: 
(fontspec)             TeX Gyre Termes Math scale = 0.9577773784132948.


Package fontspec Info: 
(fontspec)             Font family 'TeXGyreTermesMath(3)' created for font
(fontspec)             'TeX Gyre Termes Math' with options
(fontspec)             [Scale=MatchLowercase,Renderer=Basic,BoldItalicFont={},I
talicFont={},SmallCapsFont={},Script=Math,SizeFeatures={{Size=8.7-},{Size=6.45-
8.7,Font=TeX
(fontspec)             Gyre Termes Math,Style=MathScript},{Size=-6.45,Font=TeX
(fontspec)             Gyre Termes
(fontspec)             Math,Style=MathScriptScript}},RawFeature={mathfontdimen=
xetex},RawFeature={mathfontdimen=tex3}].
(fontspec)              
(fontspec)              This font family consists of the following NFSS
(fontspec)             series/shapes:
(fontspec)              
(fontspec)             - 'normal' (m/n) with NFSS spec.:
(fontspec)             <8.7->s*[0.9577773784132948]"name:TeX Gyre Termes
(fontspec)             Math:mode=base;script=math;language=dflt;mathfontdimen=x
etex;mathfontdimen=tex3;"<6.45-8.7>s*[0.9577773784132948]"name:TeX
(fontspec)             Gyre Termes
(fontspec)             Math:mode=base;script=math;language=dflt;mathfontdimen=x
etex;mathfontdimen=tex3;+ssty=0;"<-6.45>s*[0.9577773784132948]"name:TeX
(fontspec)             Gyre Termes
(fontspec)             Math:mode=base;script=math;language=dflt;mathfontdimen=x
etex;mathfontdimen=tex3;+ssty=1;"

LaTeX Font Info:    Overwriting symbol font `largesymbols' in version `normal'
(Font)                  TU/latinmodern-math.otf(3)/m/n --> TU/TeXGyreTermesMath
(3)/m/n on input line 19.
LaTeX Font Info:    Overwriting symbol font `largesymbols' in version `bold'
(Font)                  TU/latinmodern-math.otf(3)/b/n --> TU/TeXGyreTermesMath
(3)/b/n on input line 19.
LaTeX Font Info:    Font shape `TU/TeXGyreTermesMath(1)/m/n' will be
(Font)              scaled to size 7.08755pt on input line 19.
LaTeX Font Info:    Font shape `TU/TeXGyreTermesMath(1)/m/n' will be
(Font)              scaled to size 5.26778pt on input line 19.
LaTeX Font Info:    Font shape `TU/TeXGyreTermesMath(2)/m/n' will be
(Font)              scaled to size 9.57779pt on input line 19.
LaTeX Font Info:    Font shape `TU/TeXGyreTermesMath(2)/m/n' will be
(Font)              scaled to size 7.08755pt on input line 19.
LaTeX Font Info:    Font shape `TU/TeXGyreTermesMath(2)/m/n' will be
(Font)              scaled to size 5.26778pt on input line 19.
LaTeX Font Info:    Font shape `TU/TeXGyreTermesMath(3)/m/n' will be
(Font)              scaled to size 9.57779pt on input line 19.
LaTeX Font Info:    Font shape `TU/TeXGyreTermesMath(3)/m/n' will be
(Font)              scaled to size 7.08755pt on input line 19.
LaTeX Font Info:    Font shape `TU/TeXGyreTermesMath(3)/m/n' will be
(Font)              scaled to size 5.26778pt on input line 19.
\g__cctab_next_cctab=\catcodetable19

(./article.tex (./pfu1.aux)
\openout3 = pfu1.aux
 00000000false
LaTeX Font Info:    Font shape `TU/TeXGyreTermes(0)/m/n' will be
(Font)              scaled to size 8.62001pt on input line 48.
LaTeX Font Info:    Font shape `TU/TeXGyreHeros(0)/m/n' will be
(Font)              scaled to size 7.40273pt on input line 48.
LaTeX Font Info:    Font shape `TU/TeXGyreHeros(0)/b/n' will be
(Font)              scaled to size 7.18341pt on input line 48.
LaTeX Font Info:    Font shape `TU/TeXGyreTermes(0)/b/n' will be
(Font)              scaled to size 8.41429pt on input line 48.

Package fontspec Info: 
(fontspec)             TeX Gyre Termes scale = 0.9577773784132948.


Package fontspec Info: 
(fontspec)             TeX Gyre Termes scale = 0.9577773784132948.


Package fontspec Info: 
(fontspec)             TeX Gyre Termes scale = 0.9577773784132948.


Package fontspec Info: 
(fontspec)             TeX Gyre Termes/B scale = 0.9349236401188923.


Package fontspec Info: 
(fontspec)             TeX Gyre Termes/B scale = 0.9349236401188923.


Package fontspec Info: 
(fontspec)             TeX Gyre Termes/I scale = 0.9976864606733635.


Package fontspec Info: 
(fontspec)             TeX Gyre Termes/I scale = 0.9976864606733635.


Package fontspec Info: 
(fontspec)             TeX Gyre Termes/BI scale = 0.9599093312671192.


Package fontspec Info: 
(fontspec)             TeX Gyre Termes/BI scale = 0.9599093312671192.


Package fontspec Info: 
(fontspec)             Font family 'TeXGyreTermes(1)' created for font 'TeX
(fontspec)             Gyre Termes' with options
(fontspec)             [Scale=MatchLowercase,Ligatures=TeX,Ligatures={Common,Te
X},Script=Cyrillic].
(fontspec)              
(fontspec)              This font family consists of the following NFSS
(fontspec)             series/shapes:
(fontspec)              
(fontspec)             - 'normal' (m/n) with NFSS spec.:
(fontspec)             <->s*[0.9577773784132948]"name:TeX Gyre
(fontspec)             Termes:mode=node;script=cyrl;language=dflt;+liga;+tlig;"

(fontspec)             - 'small caps'  (m/sc) with NFSS spec.:
(fontspec)             <->s*[0.9577773784132948]"name:TeX Gyre
(fontspec)             Termes:mode=node;script=cyrl;language=dflt;+liga;+tlig;+
smcp;"
(fontspec)             - 'bold' (b/n) with NFSS spec.:
(fontspec)             <->s*[0.9349236401188923]"name:TeX Gyre
(fontspec)             Termes/B:mode=node;script=cyrl;language=dflt;+liga;+tlig
;"
(fontspec)             - 'bold small caps'  (b/sc) with NFSS spec.:
(fontspec)             <->s*[0.9349236401188923]"name:TeX Gyre
(fontspec)             Termes/B:mode=node;script=cyrl;language=dflt;+liga;+tlig
;+smcp;"
(fontspec)             - 'italic' (m/it) with NFSS spec.:
(fontspec)             <->s*[0.9976864606733635]"name:TeX Gyre
(fontspec)             Termes/I:mode=node;script=cyrl;language=dflt;+liga;+tlig
;"
(fontspec)             - 'italic small caps'  (m/scit) with NFSS spec.:
(fontspec)             <->s*[0.9976864606733635]"name:TeX Gyre
(fontspec)             Termes/I:mode=node;script=cyrl;language=dflt;+liga;+tlig
;+smcp;"
(fontspec)             - 'bold italic' (b/it) with NFSS spec.:
(fontspec)             <->s*[0.9599093312671192]"name:TeX Gyre
(fontspec)             Termes/BI:mode=node;script=cyrl;language=dflt;+liga;+tli
g;"
(fontspec)             - 'bold italic small caps'  (b/scit) with NFSS spec.:
(fontspec)             <->s*[0.9599093312671192]"name:TeX Gyre
(fontspec)             Termes/BI:mode=node;script=cyrl;language=dflt;+liga;+tli
g;+smcp;"

LaTeX Font Info:    Font shape `TU/TeXGyreTermes(1)/m/n' will be
(Font)              scaled to size 9.57779pt on input line 53.

Package fontspec Info: 
(fontspec)             TeX Gyre Termes scale = 0.9577773784132948.


Package fontspec Info: 
(fontspec)             TeX Gyre Termes scale = 0.9577773784132948.


Package fontspec Info: 
(fontspec)             TeX Gyre Termes scale = 0.9577773784132948.

LaTeX Font Info:    Font shape `TU/TeXGyreTermes(1)/m/n' will be
(Font)              scaled to size 8.62001pt on input line 71.

Package fontspec Info: 
(fontspec)             TeX Gyre Heros scale = 0.8225153606476225.


Package fontspec Info: 
(fontspec)             TeX Gyre Heros scale = 0.8225153606476225.


Package fontspec Info: 
(fontspec)             TeX Gyre Heros scale = 0.8225153606476225.


Package fontspec Info: 
(fontspec)             TeX Gyre Heros scale = 0.8225153606476225.


Package fontspec Info: 
(fontspec)             TeX Gyre Heros scale = 0.8225153606476225.


Package fontspec Info: 
(fontspec)             TeX Gyre Heros scale = 0.8225153606476225.

LaTeX Font Info:    Font shape `TU/TeXGyreHeros(0)/m/n' will be
(Font)              scaled to size 8.22525pt on input line 71.

Package fontspec Info: 
(fontspec)             TeX Gyre Heros/B scale = 0.7981450898884165.


Package fontspec Info: 
(fontspec)             TeX Gyre Heros/B scale = 0.7981450898884165.


Package fontspec Info: 
(fontspec)             TeX Gyre Heros/B scale = 0.7981450898884165.


Package fontspec Info: 
(fontspec)             TeX Gyre Heros/B scale = 0.7981450898884165.


Package fontspec Info: 
(fontspec)             TeX Gyre Heros/I scale = 0.8225153606476225.


Package fontspec Info: 
(fontspec)             TeX Gyre Heros/I scale = 0.8225153606476225.


Package fontspec Info: 
(fontspec)             TeX Gyre Heros/I scale = 0.8225153606476225.


Package fontspec Info: 
(fontspec)             TeX Gyre Heros/I scale = 0.8225153606476225.


Package fontspec Info: 
(fontspec)             TeX Gyre Heros/BI scale = 0.7981450898884165.


Package fontspec Info: 
(fontspec)             TeX Gyre Heros/BI scale = 0.7981450898884165.


Package fontspec Info: 
(fontspec)             TeX Gyre Heros/BI scale = 0.7981450898884165.


Package fontspec Info: 
(fontspec)             TeX Gyre Heros/BI scale = 0.7981450898884165.


Package fontspec Info: 
(fontspec)             Font family 'TeXGyreHeros(1)' created for font 'TeX
(fontspec)             Gyre Heros' with options
(fontspec)             [Scale=MatchLowercase,Ligatures=TeX,Ligatures={Common,Te
X},Scale=MatchLowercase,Script=Cyrillic].
(fontspec)              
(fontspec)              This font family consists of the following NFSS
(fontspec)             series/shapes:
(fontspec)              
(fontspec)             - 'normal' (m/n) with NFSS spec.:
(fontspec)             <->s*[0.8225153606476225]"name:TeX Gyre
(fontspec)             Heros:mode=node;script=cyrl;language=dflt;+liga;+tlig;"
(fontspec)             - 'small caps'  (m/sc) with NFSS spec.:
(fontspec)             <->s*[0.8225153606476225]"name:TeX Gyre
(fontspec)             Heros:mode=node;script=cyrl;language=dflt;+liga;+tlig;+s
mcp;"
(fontspec)             - 'bold' (b/n) with NFSS spec.:
(fontspec)             <->s*[0.7981450898884165]"name:TeX Gyre
(fontspec)             Heros/B:mode=node;script=cyrl;language=dflt;+liga;+tlig;
"
(fontspec)             - 'bold small caps'  (b/sc) with NFSS spec.:
(fontspec)             <->s*[0.7981450898884165]"name:TeX Gyre
(fontspec)             Heros/B:mode=node;script=cyrl;language=dflt;+liga;+tlig;
+smcp;"
(fontspec)             - 'italic' (m/it) with NFSS spec.:
(fontspec)             <->s*[0.8225153606476225]"name:TeX Gyre
(fontspec)             Heros/I:mode=node;script=cyrl;language=dflt;+liga;+tlig;
"
(fontspec)             - 'italic small caps'  (m/scit) with NFSS spec.:
(fontspec)             <->s*[0.8225153606476225]"name:TeX Gyre
(fontspec)             Heros/I:mode=node;script=cyrl;language=dflt;+liga;+tlig;
+smcp;"
(fontspec)             - 'bold italic' (b/it) with NFSS spec.:
(fontspec)             <->s*[0.7981450898884165]"name:TeX Gyre
(fontspec)             Heros/BI:mode=node;script=cyrl;language=dflt;+liga;+tlig
;"
(fontspec)             - 'bold italic small caps'  (b/scit) with NFSS spec.:
(fontspec)             <->s*[0.7981450898884165]"name:TeX Gyre
(fontspec)             Heros/BI:mode=node;script=cyrl;language=dflt;+liga;+tlig
;+smcp;"

LaTeX Font Info:    Font shape `TU/TeXGyreHeros(1)/m/n' will be
(Font)              scaled to size 7.40259pt on input line 71.
LaTeX Font Info:    Font shape `TU/TeXGyreHeros(1)/b/n' will be
(Font)              scaled to size 7.18327pt on input line 71.
LaTeX Font Info:    Font shape `TU/TeXGyreTermes(1)/b/n' will be
(Font)              scaled to size 8.41429pt on input line 71.

Missing character: There is no А (U+0410) in font "name:TeX Gyre Heros/B:mode=n
ode;script=cyrl;language=dflt;+liga;+tlig;"!
Missing character: There is no н (U+043D) in font "name:TeX Gyre Heros/B:mode=n
ode;script=cyrl;language=dflt;+liga;+tlig;"!
Missing character: There is no н (U+043D) in font "name:TeX Gyre Heros/B:mode=n
ode;script=cyrl;language=dflt;+liga;+tlig;"!
Missing character: There is no о (U+043E) in font "name:TeX Gyre Heros/B:mode=n
ode;script=cyrl;language=dflt;+liga;+tlig;"!
Missing character: There is no т (U+0442) in font "name:TeX Gyre Heros/B:mode=n
ode;script=cyrl;language=dflt;+liga;+tlig;"!
Missing character: There is no а (U+0430) in font "name:TeX Gyre Heros/B:mode=n
ode;script=cyrl;language=dflt;+liga;+tlig;"!
Missing character: There is no ц (U+0446) in font "name:TeX Gyre Heros/B:mode=n
ode;script=cyrl;language=dflt;+liga;+tlig;"!
Missing character: There is no и (U+0438) in font "name:TeX Gyre Heros/B:mode=n
ode;script=cyrl;language=dflt;+liga;+tlig;"!
Missing character: There is no я (U+044F) in font "name:TeX Gyre Heros/B:mode=n
ode;script=cyrl;language=dflt;+liga;+tlig;"!
Missing character: There is no П (U+041F) in font "name:TeX Gyre Termes/B:mode=
node;script=cyrl;language=dflt;+liga;+tlig;"!
Missing character: There is no р (U+0440) in font "name:TeX Gyre Termes/B:mode=
node;script=cyrl;language=dflt;+liga;+tlig;"!
Missing character: There is no е (U+0435) in font "name:TeX Gyre Termes/B:mode=
node;script=cyrl;language=dflt;+liga;+tlig;"!
Missing character: There is no д (U+0434) in font "name:TeX Gyre Termes/B:mode=
node;script=cyrl;language=dflt;+liga;+tlig;"!
Missing character: There is no п (U+043F) in font "name:TeX Gyre Termes/B:mode=
node;script=cyrl;language=dflt;+liga;+tlig;"!
Missing character: There is no о (U+043E) in font "name:TeX Gyre Termes/B:mode=
node;script=cyrl;language=dflt;+liga;+tlig;"!
Missing character: There is no с (U+0441) in font "name:TeX Gyre Termes/B:mode=
node;script=cyrl;language=dflt;+liga;+tlig;"!
Missing character: There is no ы (U+044B) in font "name:TeX Gyre Termes/B:mode=
node;script=cyrl;language=dflt;+liga;+tlig;"!
Missing character: There is no л (U+043B) in font "name:TeX Gyre Termes/B:mode=
node;script=cyrl;language=dflt;+liga;+tlig;"!
Missing character: There is no к (U+043A) in font "name:TeX Gyre Termes/B:mode=
node;script=cyrl;language=dflt;+liga;+tlig;"!
Missing character: There is no и (U+0438) in font "name:TeX Gyre Termes/B:mode=
node;script=cyrl;language=dflt;+liga;+tlig;"!
Missing character: There is no А (U+0410) in font "name:TeX Gyre Termes:mode=no
de;script=cyrl;language=dflt;+liga;+tlig;"!
Missing character: There is no л (U+043B) in font "name:TeX Gyre Termes:mode=no
de;script=cyrl;language=dflt;+liga;+tlig;"!
Missing character: There is no г (U+0433) in font "name:TeX Gyre Termes:mode=no
de;script=cyrl;language=dflt;+liga;+tlig;"!
Missing character: There is no о (U+043E) in font "name:TeX Gyre Termes:mode=no
de;script=cyrl;language=dflt;+liga;+tlig;"!
Missing character: There is no р (U+0440) in font "name:TeX Gyre Termes:mode=no
de;script=cyrl;language=dflt;+liga;+tlig;"!
Missing character: There is no и (U+0438) in font "name:TeX Gyre Termes:mode=no
de;script=cyrl;language=dflt;+liga;+tlig;"!
Missing character: There is no т (U+0442) in font "name:TeX Gyre Termes:mode=no
de;script=cyrl;language=dflt;+liga;+tlig;"!
Missing character: There is no м (U+043C) in font "name:TeX Gyre Termes:mode=no
de;script=cyrl;language=dflt;+liga;+tlig;"!
Missing character: There is no ы (U+044B) in font "name:TeX Gyre Termes:mode=no
de;script=cyrl;language=dflt;+liga;+tlig;"!
Missing character: There is no а (U+0430) in font "name:TeX Gyre Termes:mode=no
de;script=cyrl;language=dflt;+liga;+tlig;"!
Missing character: There is no к (U+043A) in font "name:TeX Gyre Termes:mode=no
de;script=cyrl;language=dflt;+liga;+tlig;"!
Missing character: There is no т (U+0442) in font "name:TeX Gyre Termes:mode=no
de;script=cyrl;language=dflt;+liga;+tlig;"!
Missing character: There is no и (U+0438) in font "name:TeX Gyre Termes:mode=no
de;script=cyrl;language=dflt;+liga;+tlig;"!
Missing character: There is no в (U+0432) in font "name:TeX Gyre Termes:mode=no
de;script=cyrl;language=dflt;+liga;+tlig;"!
Missing character: There is no н (U+043D) in font "name:TeX Gyre Termes:mode=no
de;script=cyrl;language=dflt;+liga;+tlig;"!
Missing character: There is no о (U+043E) in font "name:TeX Gyre Termes:mode=no
de;script=cyrl;language=dflt;+liga;+tlig;"!
Missing character: There is no г (U+0433) in font "name:TeX Gyre Termes:mode=no
de;script=cyrl;language=dflt;+liga;+tlig;"!
Missing character: There is no о (U+043E) in font "name:TeX Gyre Termes:mode=no
de;script=cyrl;language=dflt;+liga;+tlig;"!
Missing character: There is no у (U+0443) in font "name:TeX Gyre Termes:mode=no
de;script=cyrl;language=dflt;+liga;+tlig;"!
Missing character: There is no п (U+043F) in font "name:TeX Gyre Termes:mode=no
de;script=cyrl;language=dflt;+liga;+tlig;"!
Missing character: There is no р (U+0440) in font "name:TeX Gyre Termes:mode=no
de;script=cyrl;language=dflt;+liga;+tlig;"!
Missing character: There is no а (U+0430) in font "name:TeX Gyre Termes:mode=no
de;script=cyrl;language=dflt;+liga;+tlig;"!
Missing character: There is no в (U+0432) in font "name:TeX Gyre Termes:mode=no
de;script=cyrl;language=dflt;+liga;+tlig;"!
Missing character: There is no л (U+043B) in font "name:TeX Gyre Termes:mode=no
de;script=cyrl;language=dflt;+liga;+tlig;"!
Missing character: There is no е (U+0435) in font "name:TeX Gyre Termes:mode=no
de;script=cyrl;language=dflt;+liga;+tlig;"!
Missing character: There is no н (U+043D) in font "name:TeX Gyre Termes:mode=no
de;script=cyrl;language=dflt;+liga;+tlig;"!
Missing character: There is no и (U+0438) in font "name:TeX Gyre Termes:mode=no
de;script=cyrl;language=dflt;+liga;+tlig;"!
Missing character: There is no я (U+044F) in font "name:TeX Gyre Termes:mode=no
de;script=cyrl;language=dflt;+liga;+tlig;"!
Missing character: There is no о (U+043E) in font "name:TeX Gyre Termes:mode=no
de;script=cyrl;language=dflt;+liga;+tlig;"!
Missing character: There is no ч (U+0447) in font "name:TeX Gyre Termes:mode=no
de;script=cyrl;language=dflt;+liga;+tlig;"!
Missing character: There is no е (U+0435) in font "name:TeX Gyre Termes:mode=no
de;script=cyrl;language=dflt;+liga;+tlig;"!
Missing character: There is no р (U+0440) in font "name:TeX Gyre Termes:mode=no
de;script=cyrl;language=dflt;+liga;+tlig;"!
Missing character: There is no е (U+0435) in font "name:TeX Gyre Termes:mode=no
de;script=cyrl;language=dflt;+liga;+tlig;"!
Missing character: There is no д (U+0434) in font "name:TeX Gyre Termes:mode=no
de;script=cyrl;language=dflt;+liga;+tlig;"!
Missing character: There is no я (U+044F) in font "name:TeX Gyre Termes:mode=no
de;script=cyrl;language=dflt;+liga;+tlig;"!
Missing character: There is no м (U+043C) in font "name:TeX Gyre Termes:mode=no
de;script=cyrl;language=dflt;+liga;+tlig;"!
Missing character: There is no и (U+0438) in font "name:TeX Gyre Termes:mode=no
de;script=cyrl;language=dflt;+liga;+tlig;"!
Missing character: There is no с (U+0441) in font "name:TeX Gyre Termes:mode=no
de;script=cyrl;language=dflt;+liga;+tlig;"!
Missing character: There is no е (U+0435) in font "name:TeX Gyre Termes:mode=no
de;script=cyrl;language=dflt;+liga;+tlig;"!
Missing character: There is no м (U+043C) in font "name:TeX Gyre Termes:mode=no
de;script=cyrl;language=dflt;+liga;+tlig;"!
Missing character: There is no е (U+0435) in font "name:TeX Gyre Termes:mode=no
de;script=cyrl;language=dflt;+liga;+tlig;"!
Missing character: There is no й (U+0439) in font "name:TeX Gyre Termes:mode=no
de;script=cyrl;language=dflt;+liga;+tlig;"!
Missing character: There is no с (U+0441) in font "name:TeX Gyre Termes:mode=no
de;script=cyrl;language=dflt;+liga;+tlig;"!
Missing character: There is no т (U+0442) in font "name:TeX Gyre Termes:mode=no
de;script=cyrl;language=dflt;+liga;+tlig;"!
Missing character: There is no в (U+0432) in font "name:TeX Gyre Termes:mode=no
de;script=cyrl;language=dflt;+liga;+tlig;"!
Missing character: There is no а (U+0430) in font "name:TeX Gyre Termes:mode=no
de;script=cyrl;language=dflt;+liga;+tlig;"!
Missing character: There is no ш (U+0448) in font "name:TeX Gyre Termes:mode=no
de;script=cyrl;language=dflt;+liga;+tlig;"!
Missing character: There is no и (U+0438) in font "name:TeX Gyre Termes:mode=no
de;script=cyrl;language=dflt;+liga;+tlig;"!
Missing character: There is no р (U+0440) in font "name:TeX Gyre Termes:mode=no
de;script=cyrl;language=dflt;+liga;+tlig;"!
Missing character: There is no о (U+043E) in font "name:TeX Gyre Termes:mode=no
de;script=cyrl;language=dflt;+liga;+tlig;"!
Missing character: There is no к (U+043A) in font "name:TeX Gyre Termes:mode=no
de;script=cyrl;language=dflt;+liga;+tlig;"!
Missing character: There is no о (U+043E) in font "name:TeX Gyre Termes:mode=no
de;script=cyrl;language=dflt;+liga;+tlig;"!
Missing character: There is no п (U+043F) in font "name:TeX Gyre Termes:mode=no
de;script=cyrl;language=dflt;+liga;+tlig;"!
Missing character: There is no р (U+0440) in font "name:TeX Gyre Termes:mode=no
de;script=cyrl;language=dflt;+liga;+tlig;"!
Missing character: There is no и (U+0438) in font "name:TeX Gyre Termes:mode=no
de;script=cyrl;language=dflt;+liga;+tlig;"!
Missing character: There is no м (U+043C) in font "name:TeX Gyre Termes:mode=no
de;script=cyrl;language=dflt;+liga;+tlig;"!
Missing character: There is no е (U+0435) in font "name:TeX Gyre Termes:mode=no
de;script=cyrl;language=dflt;+liga;+tlig;"!
Missing character: There is no н (U+043D) in font "name:TeX Gyre Termes:mode=no
de;script=cyrl;language=dflt;+liga;+tlig;"!
Missing character: There is no я (U+044F) in font "name:TeX Gyre Termes:mode=no
de;script=cyrl;language=dflt;+liga;+tlig;"!
Missing character: There is no ю (U+044E) in font "name:TeX Gyre Termes:mode=no
de;script=cyrl;language=dflt;+liga;+tlig;"!
Missing character: There is no т (U+0442) in font "name:TeX Gyre Termes:mode=no
de;script=cyrl;language=dflt;+liga;+tlig;"!
Missing character: There is no с (U+0441) in font "name:TeX Gyre Termes:mode=no
de;script=cyrl;language=dflt;+liga;+tlig;"!
Missing character: There is no я (U+044F) in font "name:TeX Gyre Termes:mode=no
de;script=cyrl;language=dflt;+liga;+tlig;"!
Missing character: There is no в (U+0432) in font "name:TeX Gyre Termes:mode=no
de;script=cyrl;language=dflt;+liga;+tlig;"!
Missing character: There is no с (U+0441) in font "name:TeX Gyre Termes:mode=no
de;script=cyrl;language=dflt;+liga;+tlig;"!
Missing character: There is no е (U+0435) in font "name:TeX Gyre Termes:mode=no
de;script=cyrl;language=dflt;+liga;+tlig;"!
Missing character: There is no т (U+0442) in font "name:TeX Gyre Termes:mode=no
de;script=cyrl;language=dflt;+liga;+tlig;"!
Missing character: There is no е (U+0435) in font "name:TeX Gyre Termes:mode=no
de;script=cyrl;language=dflt;+liga;+tlig;"!
Missing character: There is no в (U+0432) in font "name:TeX Gyre Termes:mode=no
de;script=cyrl;language=dflt;+liga;+tlig;"!
Missing character: There is no о (U+043E) in font "name:TeX Gyre Termes:mode=no
de;script=cyrl;language=dflt;+liga;+tlig;"!
Missing character: There is no м (U+043C) in font "name:TeX Gyre Termes:mode=no
de;script=cyrl;language=dflt;+liga;+tlig;"!
Missing character: There is no о (U+043E) in font "name:TeX Gyre Termes:mode=no
de;script=cyrl;language=dflt;+liga;+tlig;"!
Missing character: There is no б (U+0431) in font "name:TeX Gyre Termes:mode=no
de;script=cyrl;language=dflt;+liga;+tlig;"!
Missing character: There is no о (U+043E) in font "name:TeX Gyre Termes:mode=no
de;script=cyrl;language=dflt;+liga;+tlig;"!
Missing character: There is no р (U+0440) in font "name:TeX Gyre Termes:mode=no
de;script=cyrl;language=dflt;+liga;+tlig;"!
Missing character: There is no у (U+0443) in font "name:TeX Gyre Termes:mode=no
de;script=cyrl;language=dflt;+liga;+tlig;"!
Missing character: There is no д (U+0434) in font "name:TeX Gyre Termes:mode=no
de;script=cyrl;language=dflt;+liga;+tlig;"!
Missing character: There is no о (U+043E) in font "name:TeX Gyre Termes:mode=no
de;script=cyrl;language=dflt;+liga;+tlig;"!
Missing character: There is no в (U+0432) in font "name:TeX Gyre Termes:mode=no
de;script=cyrl;language=dflt;+liga;+tlig;"!
Missing character: There is no а (U+0430) in font "name:TeX Gyre Termes:mode=no
de;script=cyrl;language=dflt;+liga;+tlig;"!
Missing character: There is no н (U+043D) in font "name:TeX Gyre Termes:mode=no
de;script=cyrl;language=dflt;+liga;+tlig;"!
Missing character: There is no и (U+0438) in font "name:TeX Gyre Termes:mode=no
de;script=cyrl;language=dflt;+liga;+tlig;"!
Missing character: There is no и (U+0438) in font "name:TeX Gyre Termes:mode=no
de;script=cyrl;language=dflt;+liga;+tlig;"!
Missing character: There is no о (U+043E) in font "name:TeX Gyre Termes:mode=no
de;script=cyrl;language=dflt;+liga;+tlig;"!
Missing character: There is no д (U+0434) in font "name:TeX Gyre Termes:mode=no
de;script=cyrl;language=dflt;+liga;+tlig;"!
Missing character: There is no н (U+043D) in font "name:TeX Gyre Termes:mode=no
de;script=cyrl;language=dflt;+liga;+tlig;"!
Missing character: There is no а (U+0430) in font "name:TeX Gyre Termes:mode=no
de;script=cyrl;language=dflt;+liga;+tlig;"!
Missing character: There is no к (U+043A) in font "name:TeX Gyre Termes:mode=no
de;script=cyrl;language=dflt;+liga;+tlig;"!
Missing character: There is no о (U+043E) in font "name:TeX Gyre Termes:mode=no
de;script=cyrl;language=dflt;+liga;+tlig;"!
Missing character: There is no с (U+0441) in font "name:TeX Gyre Termes:mode=no
de;script=cyrl;language=dflt;+liga;+tlig;"!
Missing character: There is no и (U+0438) in font "name:TeX Gyre Termes:mode=no
de;script=cyrl;language=dflt;+liga;+tlig;"!
Missing character: There is no с (U+0441) in font "name:TeX Gyre Termes:mode=no
de;script=cyrl;language=dflt;+liga;+tlig;"!
Missing character: There is no т (U+0442) in font "name:TeX Gyre Termes:mode=no
de;script=cyrl;language=dflt;+liga;+tlig;"!
Missing character: There is no е (U+0435) in font "name:TeX Gyre Termes:mode=no
de;script=cyrl;language=dflt;+liga;+tlig;"!
Missing character: There is no м (U+043C) in font "name:TeX Gyre Termes:mode=no
de;script=cyrl;language=dflt;+liga;+tlig;"!
Missing character: There is no а (U+0430) in font "name:TeX Gyre Termes:mode=no
de;script=cyrl;language=dflt;+liga;+tlig;"!
Missing character: There is no т (U+0442) in font "name:TeX Gyre Termes:mode=no
de;script=cyrl;language=dflt;+liga;+tlig;"!
Missing character: There is no и (U+0438) in font "name:TeX Gyre Termes:mode=no
de;script=cyrl;language=dflt;+liga;+tlig;"!
Missing character: There is no ч (U+0447) in font "name:TeX Gyre Termes:mode=no
de;script=cyrl;language=dflt;+liga;+tlig;"!
Missing character: There is no е (U+0435) in font "name:TeX Gyre Termes:mode=no
de;script=cyrl;language=dflt;+liga;+tlig;"!
Missing character: There is no с (U+0441) in font "name:TeX Gyre Termes:mode=no
de;script=cyrl;language=dflt;+liga;+tlig;"!
Missing character: There is no к (U+043A) in font "name:TeX Gyre Termes:mode=no
de;script=cyrl;language=dflt;+liga;+tlig;"!
Missing character: There is no о (U+043E) in font "name:TeX Gyre Termes:mode=no
de;script=cyrl;language=dflt;+liga;+tlig;"!
Missing character: There is no е (U+0435) in font "name:TeX Gyre Termes:mode=no
de;script=cyrl;language=dflt;+liga;+tlig;"!
Missing character: There is no т (U+0442) in font "name:TeX Gyre Termes:mode=no
de;script=cyrl;language=dflt;+liga;+tlig;"!
Missing character: There is no р (U+0440) in font "name:TeX Gyre Termes:mode=no
de;script=cyrl;language=dflt;+liga;+tlig;"!
Missing character: There is no ё (U+0451) in font "name:TeX Gyre Termes:mode=no
de;script=cyrl;language=dflt;+liga;+tlig;"!
Missing character: There is no х (U+0445) in font "name:TeX Gyre Termes:mode=no
de;script=cyrl;language=dflt;+liga;+tlig;"!
Missing character: There is no с (U+0441) in font "name:TeX Gyre Termes:mode=no
de;script=cyrl;language=dflt;+liga;+tlig;"!
Missing character: There is no т (U+0442) in font "name:TeX Gyre Termes:mode=no
de;script=cyrl;language=dflt;+liga;+tlig;"!
Missing character: There is no о (U+043E) in font "name:TeX Gyre Termes:mode=no
de;script=cyrl;language=dflt;+liga;+tlig;"!
Missing character: There is no р (U+0440) in font "name:TeX Gyre Termes:mode=no
de;script=cyrl;language=dflt;+liga;+tlig;"!
Missing character: There is no о (U+043E) in font "name:TeX Gyre Termes:mode=no
de;script=cyrl;language=dflt;+liga;+tlig;"!
Missing character: There is no н (U+043D) in font "name:TeX Gyre Termes:mode=no
de;script=cyrl;language=dflt;+liga;+tlig;"!
Missing character: There is no н (U+043D) in font "name:TeX Gyre Termes:mode=no
de;script=cyrl;language=dflt;+liga;+tlig;"!
Missing character: There is no е (U+0435) in font "name:TeX Gyre Termes:mode=no
de;script=cyrl;language=dflt;+liga;+tlig;"!
Missing character: There is no е (U+0435) in font "name:TeX Gyre Termes:mode=no
de;script=cyrl;language=dflt;+liga;+tlig;"!
Missing character: There is no с (U+0441) in font "name:TeX Gyre Termes:mode=no
de;script=cyrl;language=dflt;+liga;+tlig;"!
Missing character: There is no р (U+0440) in font "name:TeX Gyre Termes:mode=no
de;script=cyrl;language=dflt;+liga;+tlig;"!
Missing character: There is no а (U+0430) in font "name:TeX Gyre Termes:mode=no
de;script=cyrl;language=dflt;+liga;+tlig;"!
Missing character: There is no в (U+0432) in font "name:TeX Gyre Termes:mode=no
de;script=cyrl;language=dflt;+liga;+tlig;"!
Missing character: There is no н (U+043D) in font "name:TeX Gyre Termes:mode=no
de;script=cyrl;language=dflt;+liga;+tlig;"!
Missing character: There is no е (U+0435) in font "name:TeX Gyre Termes:mode=no
de;script=cyrl;language=dflt;+liga;+tlig;"!
Missing character: There is no н (U+043D) in font "name:TeX Gyre Termes:mode=no
de;script=cyrl;language=dflt;+liga;+tlig;"!
Missing character: There is no и (U+0438) in font "name:TeX Gyre Termes:mode=no
de;script=cyrl;language=dflt;+liga;+tlig;"!
Missing character: There is no е (U+0435) in font "name:TeX Gyre Termes:mode=no
de;script=cyrl;language=dflt;+liga;+tlig;"!
Missing character: There is no и (U+0438) in font "name:TeX Gyre Termes:mode=no
de;script=cyrl;language=dflt;+liga;+tlig;"!
Missing character: There is no в (U+0432) in font "name:TeX Gyre Termes:mode=no
de;script=cyrl;language=dflt;+liga;+tlig;"!
Missing character: There is no с (U+0441) in font "name:TeX Gyre Termes:mode=no
de;script=cyrl;language=dflt;+liga;+tlig;"!
Missing character: There is no т (U+0442) in font "name:TeX Gyre Termes:mode=no
de;script=cyrl;language=dflt;+liga;+tlig;"!
Missing character: There is no р (U+0440) in font "name:TeX Gyre Termes:mode=no
de;script=cyrl;language=dflt;+liga;+tlig;"!
Missing character: There is no о (U+043E) in font "name:TeX Gyre Termes:mode=no
de;script=cyrl;language=dflt;+liga;+tlig;"!
Missing character: There is no г (U+0433) in font "name:TeX Gyre Termes:mode=no
de;script=cyrl;language=dflt;+liga;+tlig;"!
Missing character: There is no о (U+043E) in font "name:TeX Gyre Termes:mode=no
de;script=cyrl;language=dflt;+liga;+tlig;"!
Missing character: There is no и (U+0438) in font "name:TeX Gyre Termes:mode=no
de;script=cyrl;language=dflt;+liga;+tlig;"!
Missing character: There is no д (U+0434) in font "name:TeX Gyre Termes:mode=no
de;script=cyrl;language=dflt;+liga;+tlig;"!
Missing character: There is no е (U+0435) in font "name:TeX Gyre Termes:mode=no
de;script=cyrl;language=dflt;+liga;+tlig;"!
Missing character: There is no н (U+043D) in font "name:TeX Gyre Termes:mode=no
de;script=cyrl;language=dflt;+liga;+tlig;"!
Missing character: There is no т (U+0442) in font "name:TeX Gyre Termes:mode=no
de;script=cyrl;language=dflt;+liga;+tlig;"!
Missing character: There is no и (U+0438) in font "name:TeX Gyre Termes:mode=no
de;script=cyrl;language=dflt;+liga;+tlig;"!
Missing character: There is no ч (U+0447) in font "name:TeX Gyre Termes:mode=no
de;script=cyrl;language=dflt;+liga;+tlig;"!
Missing character: There is no н (U+043D) in font "name:TeX Gyre Termes:mode=no
de;script=cyrl;language=dflt;+liga;+tlig;"!
Missing character: There is no ы (U+044B) in font "name:TeX Gyre Termes:mode=no
de;script=cyrl;language=dflt;+liga;+tlig;"!
Missing character: There is no х (U+0445) in font "name:TeX Gyre Termes:mode=no
de;script=cyrl;language=dflt;+liga;+tlig;"!
Missing character: There is no у (U+0443) in font "name:TeX Gyre Termes:mode=no
de;script=cyrl;language=dflt;+liga;+tlig;"!
Missing character: There is no с (U+0441) in font "name:TeX Gyre Termes:mode=no
de;script=cyrl;language=dflt;+liga;+tlig;"!
Missing character: There is no л (U+043B) in font "name:TeX Gyre Termes:mode=no
de;script=cyrl;language=dflt;+liga;+tlig;"!
Missing character: There is no о (U+043E) in font "name:TeX Gyre Termes:mode=no
de;script=cyrl;language=dflt;+liga;+tlig;"!
Missing character: There is no в (U+0432) in font "name:TeX Gyre Termes:mode=no
de;script=cyrl;language=dflt;+liga;+tlig;"!
Missing character: There is no и (U+0438) in font "name:TeX Gyre Termes:mode=no
de;script=cyrl;language=dflt;+liga;+tlig;"!
Missing character: There is no я (U+044F) in font "name:TeX Gyre Termes:mode=no
de;script=cyrl;language=dflt;+liga;+tlig;"!
Missing character: There is no х (U+0445) in font "name:TeX Gyre Termes:mode=no
de;script=cyrl;language=dflt;+liga;+tlig;"!
Missing character: There is no н (U+043D) in font "name:TeX Gyre Termes:mode=no
de;script=cyrl;language=dflt;+liga;+tlig;"!
Missing character: There is no е (U+0435) in font "name:TeX Gyre Termes:mode=no
de;script=cyrl;language=dflt;+liga;+tlig;"!
Missing character: There is no д (U+0434) in font "name:TeX Gyre Termes:mode=no
de;script=cyrl;language=dflt;+liga;+tlig;"!
Missing character: There is no о (U+043E) in font "name:TeX Gyre Termes:mode=no
de;script=cyrl;language=dflt;+liga;+tlig;"!
Missing character: There is no с (U+0441) in font "name:TeX Gyre Termes:mode=no
de;script=cyrl;language=dflt;+liga;+tlig;"!
Missing character: There is no т (U+0442) in font "name:TeX Gyre Termes:mode=no
de;script=cyrl;language=dflt;+liga;+tlig;"!
Missing character: There is no а (U+0430) in font "name:TeX Gyre Termes:mode=no
de;script=cyrl;language=dflt;+liga;+tlig;"!
Missing character: There is no т (U+0442) in font "name:TeX Gyre Termes:mode=no
de;script=cyrl;language=dflt;+liga;+tlig;"!
Missing character: There is no о (U+043E) in font "name:TeX Gyre Termes:mode=no
de;script=cyrl;language=dflt;+liga;+tlig;"!
Missing character: There is no ч (U+0447) in font "name:TeX Gyre Termes:mode=no
de;script=cyrl;language=dflt;+liga;+tlig;"!
Missing character: There is no н (U+043D) in font "name:TeX Gyre Termes:mode=no
de;script=cyrl;language=dflt;+liga;+tlig;"!
Missing character: There is no о (U+043E) in font "name:TeX Gyre Termes:mode=no
de;script=cyrl;language=dflt;+liga;+tlig;"!
Missing character: There is no п (U+043F) in font "name:TeX Gyre Termes:mode=no
de;script=cyrl;language=dflt;+liga;+tlig;"!
Missing character: There is no р (U+0440) in font "name:TeX Gyre Termes:mode=no
de;script=cyrl;language=dflt;+liga;+tlig;"!
Missing character: There is no е (U+0435) in font "name:TeX Gyre Termes:mode=no
de;script=cyrl;language=dflt;+liga;+tlig;"!
Missing character: There is no д (U+0434) in font "name:TeX Gyre Termes:mode=no
de;script=cyrl;language=dflt;+liga;+tlig;"!
Missing character: There is no с (U+0441) in font "name:TeX Gyre Termes:mode=no
de;script=cyrl;language=dflt;+liga;+tlig;"!
Missing character: There is no т (U+0442) in font "name:TeX Gyre Termes:mode=no
de;script=cyrl;language=dflt;+liga;+tlig;"!
Missing character: There is no а (U+0430) in font "name:TeX Gyre Termes:mode=no
de;script=cyrl;language=dflt;+liga;+tlig;"!
Missing character: There is no в (U+0432) in font "name:TeX Gyre Termes:mode=no
de;script=cyrl;language=dflt;+liga;+tlig;"!
Missing character: There is no л (U+043B) in font "name:TeX Gyre Termes:mode=no
de;script=cyrl;language=dflt;+liga;+tlig;"!
Missing character: There is no е (U+0435) in font "name:TeX Gyre Termes:mode=no
de;script=cyrl;language=dflt;+liga;+tlig;"!
Missing character: There is no н (U+043D) in font "name:TeX Gyre Termes:mode=no
de;script=cyrl;language=dflt;+liga;+tlig;"!
Missing character: There is no о (U+043E) in font "name:TeX Gyre Termes:mode=no
de;script=cyrl;language=dflt;+liga;+tlig;"!
Missing character: There is no в (U+0432) in font "name:TeX Gyre Termes:mode=no
de;script=cyrl;language=dflt;+liga;+tlig;"!
Missing character: There is no л (U+043B) in font "name:TeX Gyre Termes:mode=no
de;script=cyrl;language=dflt;+liga;+tlig;"!
Missing character: There is no и (U+0438) in font "name:TeX Gyre Termes:mode=no
de;script=cyrl;language=dflt;+liga;+tlig;"!
Missing character: There is no т (U+0442) in font "name:TeX Gyre Termes:mode=no
de;script=cyrl;language=dflt;+liga;+tlig;"!
Missing character: There is no е (U+0435) in font "name:TeX Gyre Termes:mode=no
de;script=cyrl;language=dflt;+liga;+tlig;"!
Missing character: There is no р (U+0440) in font "name:TeX Gyre Termes:mode=no
de;script=cyrl;language=dflt;+liga;+tlig;"!
Missing character: There is no а (U+0430) in font "name:TeX Gyre Termes:mode=no
de;script=cyrl;language=dflt;+liga;+tlig;"!
Missing character: There is no т (U+0442) in font "name:TeX Gyre Termes:mode=no
de;script=cyrl;language=dflt;+liga;+tlig;"!
Missing character: There is no у (U+0443) in font "name:TeX Gyre Termes:mode=no
de;script=cyrl;language=dflt;+liga;+tlig;"!
Missing character: There is no р (U+0440) in font "name:TeX Gyre Termes:mode=no
de;script=cyrl;language=dflt;+liga;+tlig;"!
Missing character: There is no е (U+0435) in font "name:TeX Gyre Termes:mode=no
de;script=cyrl;language=dflt;+liga;+tlig;"!
Missing character: There is no Ц (U+0426) in font "name:TeX Gyre Termes/B:mode=
node;script=cyrl;language=dflt;+liga;+tlig;"!
Missing character: There is no е (U+0435) in font "name:TeX Gyre Termes/B:mode=
node;script=cyrl;language=dflt;+liga;+tlig;"!
Missing character: There is no л (U+043B) in font "name:TeX Gyre Termes/B:mode=
node;script=cyrl;language=dflt;+liga;+tlig;"!
Missing character: There is no ь (U+044C) in font "name:TeX Gyre Termes/B:mode=
node;script=cyrl;language=dflt;+liga;+tlig;"!
Missing character: There is no Ц (U+0426) in font "name:TeX Gyre Termes:mode=no
de;script=cyrl;language=dflt;+liga;+tlig;"!
Missing character: There is no е (U+0435) in font "name:TeX Gyre Termes:mode=no
de;script=cyrl;language=dflt;+liga;+tlig;"!
Missing character: There is no л (U+043B) in font "name:TeX Gyre Termes:mode=no
de;script=cyrl;language=dflt;+liga;+tlig;"!
Missing character: There is no ь (U+044C) in font "name:TeX Gyre Termes:mode=no
de;script=cyrl;language=dflt;+liga;+tlig;"!
Missing character: There is no ю (U+044E) in font "name:TeX Gyre Termes:mode=no
de;script=cyrl;language=dflt;+liga;+tlig;"!
Missing character: There is no д (U+0434) in font "name:TeX Gyre Termes:mode=no
de;script=cyrl;language=dflt;+liga;+tlig;"!
Missing character: There is no а (U+0430) in font "name:TeX Gyre Termes:mode=no
de;script=cyrl;language=dflt;+liga;+tlig;"!
Missing character: There is no н (U+043D) in font "name:TeX Gyre Termes:mode=no
de;script=cyrl;language=dflt;+liga;+tlig;"!
Missing character: There is no н (U+043D) in font "name:TeX Gyre Termes:mode=no
de;script=cyrl;language=dflt;+liga;+tlig;"!
Missing character: There is no о (U+043E) in font "name:TeX Gyre Termes:mode=no
de;script=cyrl;language=dflt;+liga;+tlig;"!
Missing character: There is no г (U+0433) in font "name:TeX Gyre Termes:mode=no
de;script=cyrl;language=dflt;+liga;+tlig;"!
Missing character: There is no о (U+043E) in font "name:TeX Gyre Termes:mode=no
de;script=cyrl;language=dflt;+liga;+tlig;"!
Missing character: There is no и (U+0438) in font "name:TeX Gyre Termes:mode=no
de;script=cyrl;language=dflt;+liga;+tlig;"!
Missing character: There is no с (U+0441) in font "name:TeX Gyre Termes:mode=no
de;script=cyrl;language=dflt;+liga;+tlig;"!
Missing character: There is no с (U+0441) in font "name:TeX Gyre Termes:mode=no
de;script=cyrl;language=dflt;+liga;+tlig;"!
Missing character: There is no л (U+043B) in font "name:TeX Gyre Termes:mode=no
de;script=cyrl;language=dflt;+liga;+tlig;"!
Missing character: There is no е (U+0435) in font "name:TeX Gyre Termes:mode=no
de;script=cyrl;language=dflt;+liga;+tlig;"!
Missing character: There is no д (U+0434) in font "name:TeX Gyre Termes:mode=no
de;script=cyrl;language=dflt;+liga;+tlig;"!
Missing character: There is no о (U+043E) in font "name:TeX Gyre Termes:mode=no
de;script=cyrl;language=dflt;+liga;+tlig;"!
Missing character: There is no в (U+0432) in font "name:TeX Gyre Termes:mode=no
de;script=cyrl;language=dflt;+liga;+tlig;"!
Missing character: There is no а (U+0430) in font "name:TeX Gyre Termes:mode=no
de;script=cyrl;language=dflt;+liga;+tlig;"!
Missing character: There is no н (U+043D) in font "name:TeX Gyre Termes:mode=no
de;script=cyrl;language=dflt;+liga;+tlig;"!
Missing character: There is no и (U+0438) in font "name:TeX Gyre Termes:mode=no
de;script=cyrl;language=dflt;+liga;+tlig;"!
Missing character: There is no я (U+044F) in font "name:TeX Gyre Termes:mode=no
de;script=cyrl;language=dflt;+liga;+tlig;"!
Missing character: There is no я (U+044F) in font "name:TeX Gyre Termes:mode=no
de;script=cyrl;language=dflt;+liga;+tlig;"!
Missing character: There is no в (U+0432) in font "name:TeX Gyre Termes:mode=no
de;script=cyrl;language=dflt;+liga;+tlig;"!
Missing character: There is no л (U+043B) in font "name:TeX Gyre Termes:mode=no
de;script=cyrl;language=dflt;+liga;+tlig;"!
Missing character: There is no я (U+044F) in font "name:TeX Gyre Termes:mode=no
de;script=cyrl;language=dflt;+liga;+tlig;"!
Missing character: There is no е (U+0435) in font "name:TeX Gyre Termes:mode=no
de;script=cyrl;language=dflt;+liga;+tlig;"!
Missing character: There is no т (U+0442) in font "name:TeX Gyre Termes:mode=no
de;script=cyrl;language=dflt;+liga;+tlig;"!
Missing character: There is no с (U+0441) in font "name:TeX Gyre Termes:mode=no
de;script=cyrl;language=dflt;+liga;+tlig;"!
Missing character: There is no я (U+044F) in font "name:TeX Gyre Termes:mode=no
de;script=cyrl;language=dflt;+liga;+tlig;"!
Missing character: There is no к (U+043A) in font "name:TeX Gyre Termes:mode=no
de;script=cyrl;language=dflt;+liga;+tlig;"!
Missing character: There is no о (U+043E) in font "name:TeX Gyre Termes:mode=no
de;script=cyrl;language=dflt;+liga;+tlig;"!
Missing character: There is no л (U+043B) in font "name:TeX Gyre Termes:mode=no
de;script=cyrl;language=dflt;+liga;+tlig;"!
Missing character: There is no и (U+0438) in font "name:TeX Gyre Termes:mode=no
de;script=cyrl;language=dflt;+liga;+tlig;"!
Missing character: There is no ч (U+0447) in font "name:TeX Gyre Termes:mode=no
de;script=cyrl;language=dflt;+liga;+tlig;"!
Missing character: There is no е (U+0435) in font "name:TeX Gyre Termes:mode=no
de;script=cyrl;language=dflt;+liga;+tlig;"!
Missing character: There is no с (U+0441) in font "name:TeX Gyre Termes:mode=no
de;script=cyrl;language=dflt;+liga;+tlig;"!
Missing character: There is no т (U+0442) in font "name:TeX Gyre Termes:mode=no
de;script=cyrl;language=dflt;+liga;+tlig;"!
Missing character: There is no в (U+0432) in font "name:TeX Gyre Termes:mode=no
de;script=cyrl;language=dflt;+liga;+tlig;"!
Missing character: There is no е (U+0435) in font "name:TeX Gyre Termes:mode=no
de;script=cyrl;language=dflt;+liga;+tlig;"!
Missing character: There is no н (U+043D) in font "name:TeX Gyre Termes:mode=no
de;script=cyrl;language=dflt;+liga;+tlig;"!
Missing character: There is no н (U+043D) in font "name:TeX Gyre Termes:mode=no
de;script=cyrl;language=dflt;+liga;+tlig;"!
Missing character: There is no о (U+043E) in font "name:TeX Gyre Termes:mode=no
de;script=cyrl;language=dflt;+liga;+tlig;"!
Missing character: There is no е (U+0435) in font "name:TeX Gyre Termes:mode=no
de;script=cyrl;language=dflt;+liga;+tlig;"!
Missing character: There is no о (U+043E) in font "name:TeX Gyre Termes:mode=no
de;script=cyrl;language=dflt;+liga;+tlig;"!
Missing character: There is no п (U+043F) in font "name:TeX Gyre Termes:mode=no
de;script=cyrl;language=dflt;+liga;+tlig;"!
Missing character: There is no р (U+0440) in font "name:TeX Gyre Termes:mode=no
de;script=cyrl;language=dflt;+liga;+tlig;"!
Missing character: There is no е (U+0435) in font "name:TeX Gyre Termes:mode=no
de;script=cyrl;language=dflt;+liga;+tlig;"!
Missing character: There is no д (U+0434) in font "name:TeX Gyre Termes:mode=no
de;script=cyrl;language=dflt;+liga;+tlig;"!
Missing character: There is no е (U+0435) in font "name:TeX Gyre Termes:mode=no
de;script=cyrl;language=dflt;+liga;+tlig;"!
Missing character: There is no л (U+043B) in font "name:TeX Gyre Termes:mode=no
de;script=cyrl;language=dflt;+liga;+tlig;"!
Missing character: There is no е (U+0435) in font "name:TeX Gyre Termes:mode=no
de;script=cyrl;language=dflt;+liga;+tlig;"!
Missing character: There is no н (U+043D) in font "name:TeX Gyre Termes:mode=no
de;script=cyrl;language=dflt;+liga;+tlig;"!
Missing character: There is no и (U+0438) in font "name:TeX Gyre Termes:mode=no
de;script=cyrl;language=dflt;+liga;+tlig;"!
Missing character: There is no е (U+0435) in font "name:TeX Gyre Termes:mode=no
de;script=cyrl;language=dflt;+liga;+tlig;"!
Missing character: There is no р (U+0440) in font "name:TeX Gyre Termes:mode=no
de;script=cyrl;language=dflt;+liga;+tlig;"!
Missing character: There is no а (U+0430) in font "name:TeX Gyre Termes:mode=no
de;script=cyrl;language=dflt;+liga;+tlig;"!
Missing character: There is no з (U+0437) in font "name:TeX Gyre Termes:mode=no
de;script=cyrl;language=dflt;+liga;+tlig;"!
Missing character: There is no л (U+043B) in font "name:TeX Gyre Termes:mode=no
de;script=cyrl;language=dflt;+liga;+tlig;"!
Missing character: There is no и (U+0438) in font "name:TeX Gyre Termes:mode=no
de;script=cyrl;language=dflt;+liga;+tlig;"!
Missing character: There is no ч (U+0447) in font "name:TeX Gyre Termes:mode=no
de;script=cyrl;language=dflt;+liga;+tlig;"!
Missing character: There is no и (U+0438) in font "name:TeX Gyre Termes:mode=no
de;script=cyrl;language=dflt;+liga;+tlig;"!
Missing character: There is no й (U+0439) in font "name:TeX Gyre Termes:mode=no
de;script=cyrl;language=dflt;+liga;+tlig;"!
Missing character: There is no в (U+0432) in font "name:TeX Gyre Termes:mode=no
de;script=cyrl;language=dflt;+liga;+tlig;"!
Missing character: There is no д (U+0434) in font "name:TeX Gyre Termes:mode=no
de;script=cyrl;language=dflt;+liga;+tlig;"!
Missing character: There is no и (U+0438) in font "name:TeX Gyre Termes:mode=no
de;script=cyrl;language=dflt;+liga;+tlig;"!
Missing character: There is no н (U+043D) in font "name:TeX Gyre Termes:mode=no
de;script=cyrl;language=dflt;+liga;+tlig;"!
Missing character: There is no а (U+0430) in font "name:TeX Gyre Termes:mode=no
de;script=cyrl;language=dflt;+liga;+tlig;"!
Missing character: There is no м (U+043C) in font "name:TeX Gyre Termes:mode=no
de;script=cyrl;language=dflt;+liga;+tlig;"!
Missing character: There is no и (U+0438) in font "name:TeX Gyre Termes:mode=no
de;script=cyrl;language=dflt;+liga;+tlig;"!
Missing character: There is no к (U+043A) in font "name:TeX Gyre Termes:mode=no
de;script=cyrl;language=dflt;+liga;+tlig;"!
Missing character: There is no е (U+0435) in font "name:TeX Gyre Termes:mode=no
de;script=cyrl;language=dflt;+liga;+tlig;"!
Missing character: There is no у (U+0443) in font "name:TeX Gyre Termes:mode=no
de;script=cyrl;language=dflt;+liga;+tlig;"!
Missing character: There is no п (U+043F) in font "name:TeX Gyre Termes:mode=no
de;script=cyrl;language=dflt;+liga;+tlig;"!
Missing character: There is no р (U+0440) in font "name:TeX Gyre Termes:mode=no
de;script=cyrl;language=dflt;+liga;+tlig;"!
Missing character: There is no а (U+0430) in font "name:TeX Gyre Termes:mode=no
de;script=cyrl;language=dflt;+liga;+tlig;"!
Missing character: There is no в (U+0432) in font "name:TeX Gyre Termes:mode=no
de;script=cyrl;language=dflt;+liga;+tlig;"!
Missing character: There is no л (U+043B) in font "name:TeX Gyre Termes:mode=no
de;script=cyrl;language=dflt;+liga;+tlig;"!
Missing character: There is no е (U+0435) in font "name:TeX Gyre Termes:mode=no
de;script=cyrl;language=dflt;+liga;+tlig;"!
Missing character: There is no н (U+043D) in font "name:TeX Gyre Termes:mode=no
de;script=cyrl;language=dflt;+liga;+tlig;"!
Missing character: There is no и (U+0438) in font "name:TeX Gyre Termes:mode=no
de;script=cyrl;language=dflt;+liga;+tlig;"!
Missing character: There is no я (U+044F) in font "name:TeX Gyre Termes:mode=no
de;script=cyrl;language=dflt;+liga;+tlig;"!
Missing character: There is no б (U+0431) in font "name:TeX Gyre Termes:mode=no
de;script=cyrl;language=dflt;+liga;+tlig;"!
Missing character: There is no у (U+0443) in font "name:TeX Gyre Termes:mode=no
de;script=cyrl;language=dflt;+liga;+tlig;"!
Missing character: There is no ф (U+0444) in font "name:TeX Gyre Termes:mode=no
de;script=cyrl;language=dflt;+liga;+tlig;"!
Missing character: There is no е (U+0435) in font "name:TeX Gyre Termes:mode=no
de;script=cyrl;language=dflt;+liga;+tlig;"!
Missing character: There is no р (U+0440) in font "name:TeX Gyre Termes:mode=no
de;script=cyrl;language=dflt;+liga;+tlig;"!
Missing character: There is no о (U+043E) in font "name:TeX Gyre Termes:mode=no
de;script=cyrl;language=dflt;+liga;+tlig;"!
Missing character: There is no м (U+043C) in font "name:TeX Gyre Termes:mode=no
de;script=cyrl;language=dflt;+liga;+tlig;"!
Missing character: There is no с (U+0441) in font "name:TeX Gyre Termes:mode=no
de;script=cyrl;language=dflt;+liga;+tlig;"!
Missing character: There is no т (U+0442) in font "name:TeX Gyre Termes:mode=no
de;script=cyrl;language=dflt;+liga;+tlig;"!
Missing character: There is no а (U+0430) in font "name:TeX Gyre Termes:mode=no
de;script=cyrl;language=dflt;+liga;+tlig;"!
Missing character: There is no б (U+0431) in font "name:TeX Gyre Termes:mode=no
de;script=cyrl;language=dflt;+liga;+tlig;"!
Missing character: There is no и (U+0438) in font "name:TeX Gyre Termes:mode=no
de;script=cyrl;language=dflt;+liga;+tlig;"!
Missing character: There is no л (U+043B) in font "name:TeX Gyre Termes:mode=no
de;script=cyrl;language=dflt;+liga;+tlig;"!
Missing character: There is no ь (U+044C) in font "name:TeX Gyre Termes:mode=no
de;script=cyrl;language=dflt;+liga;+tlig;"!
Missing character: There is no н (U+043D) in font "name:TeX Gyre Termes:mode=no
de;script=cyrl;language=dflt;+liga;+tlig;"!
Missing character: There is no о (U+043E) in font "name:TeX Gyre Termes:mode=no
de;script=cyrl;language=dflt;+liga;+tlig;"!
Missing character: There is no с (U+0441) in font "name:TeX Gyre Termes:mode=no
de;script=cyrl;language=dflt;+liga;+tlig;"!
Missing character: There is no т (U+0442) in font "name:TeX Gyre Termes:mode=no
de;script=cyrl;language=dflt;+liga;+tlig;"!
Missing character: There is no и (U+0438) in font "name:TeX Gyre Termes:mode=no
de;script=cyrl;language=dflt;+liga;+tlig;"!
Missing character: There is no п (U+043F) in font "name:TeX Gyre Termes:mode=no
de;script=cyrl;language=dflt;+liga;+tlig;"!
Missing character: There is no р (U+0440) in font "name:TeX Gyre Termes:mode=no
de;script=cyrl;language=dflt;+liga;+tlig;"!
Missing character: There is no о (U+043E) in font "name:TeX Gyre Termes:mode=no
de;script=cyrl;language=dflt;+liga;+tlig;"!
Missing character: There is no п (U+043F) in font "name:TeX Gyre Termes:mode=no
de;script=cyrl;language=dflt;+liga;+tlig;"!
Missing character: There is no у (U+0443) in font "name:TeX Gyre Termes:mode=no
de;script=cyrl;language=dflt;+liga;+tlig;"!
Missing character: There is no с (U+0441) in font "name:TeX Gyre Termes:mode=no
de;script=cyrl;language=dflt;+liga;+tlig;"!
Missing character: There is no к (U+043A) in font "name:TeX Gyre Termes:mode=no
de;script=cyrl;language=dflt;+liga;+tlig;"!
Missing character: There is no н (U+043D) in font "name:TeX Gyre Termes:mode=no
de;script=cyrl;language=dflt;+liga;+tlig;"!
Missing character: There is no о (U+043E) in font "name:TeX Gyre Termes:mode=no
de;script=cyrl;language=dflt;+liga;+tlig;"!
Missing character: There is no й (U+0439) in font "name:TeX Gyre Termes:mode=no
de;script=cyrl;language=dflt;+liga;+tlig;"!
Missing character: There is no с (U+0441) in font "name:TeX Gyre Termes:mode=no
de;script=cyrl;language=dflt;+liga;+tlig;"!
Missing character: There is no п (U+043F) in font "name:TeX Gyre Termes:mode=no
de;script=cyrl;language=dflt;+liga;+tlig;"!
Missing character: There is no о (U+043E) in font "name:TeX Gyre Termes:mode=no
de;script=cyrl;language=dflt;+liga;+tlig;"!
Missing character: There is no с (U+0441) in font "name:TeX Gyre Termes:mode=no
de;script=cyrl;language=dflt;+liga;+tlig;"!
Missing character: There is no о (U+043E) in font "name:TeX Gyre Termes:mode=no
de;script=cyrl;language=dflt;+liga;+tlig;"!
Missing character: There is no б (U+0431) in font "name:TeX Gyre Termes:mode=no
de;script=cyrl;language=dflt;+liga;+tlig;"!
Missing character: There is no н (U+043D) in font "name:TeX Gyre Termes:mode=no
de;script=cyrl;language=dflt;+liga;+tlig;"!
Missing character: There is no о (U+043E) in font "name:TeX Gyre Termes:mode=no
de;script=cyrl;language=dflt;+liga;+tlig;"!
Missing character: There is no с (U+0441) in font "name:TeX Gyre Termes:mode=no
de;script=cyrl;language=dflt;+liga;+tlig;"!
Missing character: There is no т (U+0442) in font "name:TeX Gyre Termes:mode=no
de;script=cyrl;language=dflt;+liga;+tlig;"!
Missing character: There is no и (U+0438) in font "name:TeX Gyre Termes:mode=no
de;script=cyrl;language=dflt;+liga;+tlig;"!
Missing character: There is no и (U+0438) in font "name:TeX Gyre Termes:mode=no
de;script=cyrl;language=dflt;+liga;+tlig;"!
Missing character: There is no х (U+0445) in font "name:TeX Gyre Termes:mode=no
de;script=cyrl;language=dflt;+liga;+tlig;"!
Missing character: There is no а (U+0430) in font "name:TeX Gyre Termes:mode=no
de;script=cyrl;language=dflt;+liga;+tlig;"!
Missing character: There is no р (U+0440) in font "name:TeX Gyre Termes:mode=no
de;script=cyrl;language=dflt;+liga;+tlig;"!
Missing character: There is no а (U+0430) in font "name:TeX Gyre Termes:mode=no
de;script=cyrl;language=dflt;+liga;+tlig;"!
Missing character: There is no к (U+043A) in font "name:TeX Gyre Termes:mode=no
de;script=cyrl;language=dflt;+liga;+tlig;"!
Missing character: There is no т (U+0442) in font "name:TeX Gyre Termes:mode=no
de;script=cyrl;language=dflt;+liga;+tlig;"!
Missing character: There is no е (U+0435) in font "name:TeX Gyre Termes:mode=no
de;script=cyrl;language=dflt;+liga;+tlig;"!
Missing character: There is no р (U+0440) in font "name:TeX Gyre Termes:mode=no
de;script=cyrl;language=dflt;+liga;+tlig;"!
Missing character: There is no е (U+0435) in font "name:TeX Gyre Termes:mode=no
de;script=cyrl;language=dflt;+liga;+tlig;"!
Missing character: There is no с (U+0441) in font "name:TeX Gyre Termes:mode=no
de;script=cyrl;language=dflt;+liga;+tlig;"!
Missing character: There is no и (U+0438) in font "name:TeX Gyre Termes:mode=no
de;script=cyrl;language=dflt;+liga;+tlig;"!
Missing character: There is no г (U+0433) in font "name:TeX Gyre Termes:mode=no
de;script=cyrl;language=dflt;+liga;+tlig;"!
Missing character: There is no н (U+043D) in font "name:TeX Gyre Termes:mode=no
de;script=cyrl;language=dflt;+liga;+tlig;"!
Missing character: There is no а (U+0430) in font "name:TeX Gyre Termes:mode=no
de;script=cyrl;language=dflt;+liga;+tlig;"!
Missing character: There is no л (U+043B) in font "name:TeX Gyre Termes:mode=no
de;script=cyrl;language=dflt;+liga;+tlig;"!
Missing character: There is no о (U+043E) in font "name:TeX Gyre Termes:mode=no
de;script=cyrl;language=dflt;+liga;+tlig;"!
Missing character: There is no в (U+0432) in font "name:TeX Gyre Termes:mode=no
de;script=cyrl;language=dflt;+liga;+tlig;"!
Missing character: There is no п (U+043F) in font "name:TeX Gyre Termes:mode=no
de;script=cyrl;language=dflt;+liga;+tlig;"!
Missing character: There is no е (U+0435) in font "name:TeX Gyre Termes:mode=no
de;script=cyrl;language=dflt;+liga;+tlig;"!
Missing character: There is no р (U+0440) in font "name:TeX Gyre Termes:mode=no
de;script=cyrl;language=dflt;+liga;+tlig;"!
Missing character: There is no е (U+0435) in font "name:TeX Gyre Termes:mode=no
de;script=cyrl;language=dflt;+liga;+tlig;"!
Missing character: There is no г (U+0433) in font "name:TeX Gyre Termes:mode=no
de;script=cyrl;language=dflt;+liga;+tlig;"!
Missing character: There is no р (U+0440) in font "name:TeX Gyre Termes:mode=no
de;script=cyrl;language=dflt;+liga;+tlig;"!
Missing character: There is no у (U+0443) in font "name:TeX Gyre Termes:mode=no
de;script=cyrl;language=dflt;+liga;+tlig;"!
Missing character: There is no з (U+0437) in font "name:TeX Gyre Termes:mode=no
de;script=cyrl;language=dflt;+liga;+tlig;"!
Missing character: There is no к (U+043A) in font "name:TeX Gyre Termes:mode=no
de;script=cyrl;language=dflt;+liga;+tlig;"!
Missing character: There is no и (U+0438) in font "name:TeX Gyre Termes:mode=no
de;script=cyrl;language=dflt;+liga;+tlig;"!
Missing character: There is no м (U+043C) in font "name:TeX Gyre Termes:mode=no
de;script=cyrl;language=dflt;+liga;+tlig;"!
Missing character: There is no е (U+0435) in font "name:TeX Gyre Termes:mode=no
de;script=cyrl;language=dflt;+liga;+tlig;"!
Missing character: There is no ж (U+0436) in font "name:TeX Gyre Termes:mode=no
de;script=cyrl;language=dflt;+liga;+tlig;"!
Missing character: There is no д (U+0434) in font "name:TeX Gyre Termes:mode=no
de;script=cyrl;language=dflt;+liga;+tlig;"!
Missing character: There is no у (U+0443) in font "name:TeX Gyre Termes:mode=no
de;script=cyrl;language=dflt;+liga;+tlig;"!
Missing character: There is no т (U+0442) in font "name:TeX Gyre Termes:mode=no
de;script=cyrl;language=dflt;+liga;+tlig;"!
Missing character: There is no р (U+0440) in font "name:TeX Gyre Termes:mode=no
de;script=cyrl;language=dflt;+liga;+tlig;"!
Missing character: There is no е (U+0435) in font "name:TeX Gyre Termes:mode=no
de;script=cyrl;language=dflt;+liga;+tlig;"!
Missing character: There is no м (U+043C) in font "name:TeX Gyre Termes:mode=no
de;script=cyrl;language=dflt;+liga;+tlig;"!
Missing character: There is no я (U+044F) in font "name:TeX Gyre Termes:mode=no
de;script=cyrl;language=dflt;+liga;+tlig;"!
Missing character: There is no а (U+0430) in font "name:TeX Gyre Termes:mode=no
de;script=cyrl;language=dflt;+liga;+tlig;"!
Missing character: There is no л (U+043B) in font "name:TeX Gyre Termes:mode=no
de;script=cyrl;language=dflt;+liga;+tlig;"!
Missing character: There is no г (U+0433) in font "name:TeX Gyre Termes:mode=no
de;script=cyrl;language=dflt;+liga;+tlig;"!
Missing character: There is no о (U+043E) in font "name:TeX Gyre Termes:mode=no
de;script=cyrl;language=dflt;+liga;+tlig;"!
Missing character: There is no р (U+0440) in font "name:TeX Gyre Termes:mode=no
de;script=cyrl;language=dflt;+liga;+tlig;"!
Missing character: There is no и (U+0438) in font "name:TeX Gyre Termes:mode=no
de;script=cyrl;language=dflt;+liga;+tlig;"!
Missing character: There is no т (U+0442) in font "name:TeX Gyre Termes:mode=no
de;script=cyrl;language=dflt;+liga;+tlig;"!
Missing character: There is no м (U+043C) in font "name:TeX Gyre Termes:mode=no
de;script=cyrl;language=dflt;+liga;+tlig;"!
Missing character: There is no а (U+0430) in font "name:TeX Gyre Termes:mode=no
de;script=cyrl;language=dflt;+liga;+tlig;"!
Missing character: There is no м (U+043C) in font "name:TeX Gyre Termes:mode=no
de;script=cyrl;language=dflt;+liga;+tlig;"!
Missing character: There is no и (U+0438) in font "name:TeX Gyre Termes:mode=no
de;script=cyrl;language=dflt;+liga;+tlig;"!
Missing character: There is no а (U+0430) in font "name:TeX Gyre Termes:mode=no
de;script=cyrl;language=dflt;+liga;+tlig;"!
Missing character: There is no т (U+0442) in font "name:TeX Gyre Termes:mode=no
de;script=cyrl;language=dflt;+liga;+tlig;"!
Missing character: There is no а (U+0430) in font "name:TeX Gyre Termes:mode=no
de;script=cyrl;language=dflt;+liga;+tlig;"!
Missing character: There is no к (U+043A) in font "name:TeX Gyre Termes:mode=no
de;script=cyrl;language=dflt;+liga;+tlig;"!
Missing character: There is no ж (U+0436) in font "name:TeX Gyre Termes:mode=no
de;script=cyrl;language=dflt;+liga;+tlig;"!
Missing character: There is no е (U+0435) in font "name:TeX Gyre Termes:mode=no
de;script=cyrl;language=dflt;+liga;+tlig;"!
Missing character: There is no ф (U+0444) in font "name:TeX Gyre Termes:mode=no
de;script=cyrl;language=dflt;+liga;+tlig;"!
Missing character: There is no о (U+043E) in font "name:TeX Gyre Termes:mode=no
de;script=cyrl;language=dflt;+liga;+tlig;"!
Missing character: There is no р (U+0440) in font "name:TeX Gyre Termes:mode=no
de;script=cyrl;language=dflt;+liga;+tlig;"!
Missing character: There is no м (U+043C) in font "name:TeX Gyre Termes:mode=no
de;script=cyrl;language=dflt;+liga;+tlig;"!
Missing character: There is no у (U+0443) in font "name:TeX Gyre Termes:mode=no
de;script=cyrl;language=dflt;+liga;+tlig;"!
Missing character: There is no л (U+043B) in font "name:TeX Gyre Termes:mode=no
de;script=cyrl;language=dflt;+liga;+tlig;"!
Missing character: There is no и (U+0438) in font "name:TeX Gyre Termes:mode=no
de;script=cyrl;language=dflt;+liga;+tlig;"!
Missing character: There is no р (U+0440) in font "name:TeX Gyre Termes:mode=no
de;script=cyrl;language=dflt;+liga;+tlig;"!
Missing character: There is no о (U+043E) in font "name:TeX Gyre Termes:mode=no
de;script=cyrl;language=dflt;+liga;+tlig;"!
Missing character: There is no в (U+0432) in font "name:TeX Gyre Termes:mode=no
de;script=cyrl;language=dflt;+liga;+tlig;"!
Missing character: There is no к (U+043A) in font "name:TeX Gyre Termes:mode=no
de;script=cyrl;language=dflt;+liga;+tlig;"!
Missing character: There is no а (U+0430) in font "name:TeX Gyre Termes:mode=no
de;script=cyrl;language=dflt;+liga;+tlig;"!
Missing character: There is no п (U+043F) in font "name:TeX Gyre Termes:mode=no
de;script=cyrl;language=dflt;+liga;+tlig;"!
Missing character: There is no р (U+0440) in font "name:TeX Gyre Termes:mode=no
de;script=cyrl;language=dflt;+liga;+tlig;"!
Missing character: There is no а (U+0430) in font "name:TeX Gyre Termes:mode=no
de;script=cyrl;language=dflt;+liga;+tlig;"!
Missing character: There is no к (U+043A) in font "name:TeX Gyre Termes:mode=no
de;script=cyrl;language=dflt;+liga;+tlig;"!
Missing character: There is no т (U+0442) in font "name:TeX Gyre Termes:mode=no
de;script=cyrl;language=dflt;+liga;+tlig;"!
Missing character: There is no и (U+0438) in font "name:TeX Gyre Termes:mode=no
de;script=cyrl;language=dflt;+liga;+tlig;"!
Missing character: There is no ч (U+0447) in font "name:TeX Gyre Termes:mode=no
de;script=cyrl;language=dflt;+liga;+tlig;"!
Missing character: There is no е (U+0435) in font "name:TeX Gyre Termes:mode=no
de;script=cyrl;language=dflt;+liga;+tlig;"!
Missing character: There is no с (U+0441) in font "name:TeX Gyre Termes:mode=no
de;script=cyrl;language=dflt;+liga;+tlig;"!
Missing character: There is no к (U+043A) in font "name:TeX Gyre Termes:mode=no
de;script=cyrl;language=dflt;+liga;+tlig;"!
Missing character: There is no и (U+0438) in font "name:TeX Gyre Termes:mode=no
de;script=cyrl;language=dflt;+liga;+tlig;"!
Missing character: There is no х (U+0445) in font "name:TeX Gyre Termes:mode=no
de;script=cyrl;language=dflt;+liga;+tlig;"!
Missing character: There is no р (U+0440) in font "name:TeX Gyre Termes:mode=no
de;script=cyrl;language=dflt;+liga;+tlig;"!
Missing character: There is no е (U+0435) in font "name:TeX Gyre Termes:mode=no
de;script=cyrl;language=dflt;+liga;+tlig;"!
Missing character: There is no к (U+043A) in font "name:TeX Gyre Termes:mode=no
de;script=cyrl;language=dflt;+liga;+tlig;"!
Missing character: There is no о (U+043E) in font "name:TeX Gyre Termes:mode=no
de;script=cyrl;language=dflt;+liga;+tlig;"!
Missing character: There is no м (U+043C) in font "name:TeX Gyre Termes:mode=no
de;script=cyrl;language=dflt;+liga;+tlig;"!
Missing character: There is no е (U+0435) in font "name:TeX Gyre Termes:mode=no
de;script=cyrl;language=dflt;+liga;+tlig;"!
Missing character: There is no н (U+043D) in font "name:TeX Gyre Termes:mode=no
de;script=cyrl;language=dflt;+liga;+tlig;"!
Missing character: There is no д (U+0434) in font "name:TeX Gyre Termes:mode=no
de;script=cyrl;language=dflt;+liga;+tlig;"!
Missing character: There is no а (U+0430) in font "name:TeX Gyre Termes:mode=no
de;script=cyrl;language=dflt;+liga;+tlig;"!
Missing character: There is no ц (U+0446) in font "name:TeX Gyre Termes:mode=no
de;script=cyrl;language=dflt;+liga;+tlig;"!
Missing character: There is no и (U+0438) in font "name:TeX Gyre Termes:mode=no
de;script=cyrl;language=dflt;+liga;+tlig;"!
Missing character: There is no й (U+0439) in font "name:TeX Gyre Termes:mode=no
de;script=cyrl;language=dflt;+liga;+tlig;"!
Missing character: There is no п (U+043F) in font "name:TeX Gyre Termes:mode=no
de;script=cyrl;language=dflt;+liga;+tlig;"!
Missing character: There is no о (U+043E) in font "name:TeX Gyre Termes:mode=no
de;script=cyrl;language=dflt;+liga;+tlig;"!
Missing character: There is no и (U+0438) in font "name:TeX Gyre Termes:mode=no
de;script=cyrl;language=dflt;+liga;+tlig;"!
Missing character: There is no х (U+0445) in font "name:TeX Gyre Termes:mode=no
de;script=cyrl;language=dflt;+liga;+tlig;"!
Missing character: There is no в (U+0432) in font "name:TeX Gyre Termes:mode=no
de;script=cyrl;language=dflt;+liga;+tlig;"!
Missing character: There is no ы (U+044B) in font "name:TeX Gyre Termes:mode=no
de;script=cyrl;language=dflt;+liga;+tlig;"!
Missing character: There is no б (U+0431) in font "name:TeX Gyre Termes:mode=no
de;script=cyrl;language=dflt;+liga;+tlig;"!
Missing character: There is no о (U+043E) in font "name:TeX Gyre Termes:mode=no
de;script=cyrl;language=dflt;+liga;+tlig;"!
Missing character: There is no р (U+0440) in font "name:TeX Gyre Termes:mode=no
de;script=cyrl;language=dflt;+liga;+tlig;"!
Missing character: There is no у (U+0443) in font "name:TeX Gyre Termes:mode=no
de;script=cyrl;language=dflt;+liga;+tlig;"!
Missing character: There is no М (U+041C) in font "name:TeX Gyre Termes/B:mode=
node;script=cyrl;language=dflt;+liga;+tlig;"!
Missing character: There is no е (U+0435) in font "name:TeX Gyre Termes/B:mode=
node;script=cyrl;language=dflt;+liga;+tlig;"!
Missing character: There is no т (U+0442) in font "name:TeX Gyre Termes/B:mode=
node;script=cyrl;language=dflt;+liga;+tlig;"!
Missing character: There is no о (U+043E) in font "name:TeX Gyre Termes/B:mode=
node;script=cyrl;language=dflt;+liga;+tlig;"!
Missing character: There is no д (U+0434) in font "name:TeX Gyre Termes/B:mode=
node;script=cyrl;language=dflt;+liga;+tlig;"!
Missing character: There is no Р (U+0420) in font "name:TeX Gyre Termes:mode=no
de;script=cyrl;language=dflt;+liga;+tlig;"!
Missing character: There is no е (U+0435) in font "name:TeX Gyre Termes:mode=no
de;script=cyrl;language=dflt;+liga;+tlig;"!
Missing character: There is no а (U+0430) in font "name:TeX Gyre Termes:mode=no
de;script=cyrl;language=dflt;+liga;+tlig;"!
Missing character: There is no л (U+043B) in font "name:TeX Gyre Termes:mode=no
de;script=cyrl;language=dflt;+liga;+tlig;"!
Missing character: There is no и (U+0438) in font "name:TeX Gyre Termes:mode=no
de;script=cyrl;language=dflt;+liga;+tlig;"!
Missing character: There is no з (U+0437) in font "name:TeX Gyre Termes:mode=no
de;script=cyrl;language=dflt;+liga;+tlig;"!
Missing character: There is no о (U+043E) in font "name:TeX Gyre Termes:mode=no
de;script=cyrl;language=dflt;+liga;+tlig;"!
Missing character: There is no в (U+0432) in font "name:TeX Gyre Termes:mode=no
de;script=cyrl;language=dflt;+liga;+tlig;"!
Missing character: There is no а (U+0430) in font "name:TeX Gyre Termes:mode=no
de;script=cyrl;language=dflt;+liga;+tlig;"!
Missing character: There is no н (U+043D) in font "name:TeX Gyre Termes:mode=no
de;script=cyrl;language=dflt;+liga;+tlig;"!
Missing character: There is no а (U+0430) in font "name:TeX Gyre Termes:mode=no
de;script=cyrl;language=dflt;+liga;+tlig;"!
Missing character: There is no м (U+043C) in font "name:TeX Gyre Termes:mode=no
de;script=cyrl;language=dflt;+liga;+tlig;"!
Missing character: There is no о (U+043E) in font "name:TeX Gyre Termes:mode=no
de;script=cyrl;language=dflt;+liga;+tlig;"!
Missing character: There is no д (U+0434) in font "name:TeX Gyre Termes:mode=no
de;script=cyrl;language=dflt;+liga;+tlig;"!
Missing character: There is no е (U+0435) in font "name:TeX Gyre Termes:mode=no
de;script=cyrl;language=dflt;+liga;+tlig;"!
Missing character: There is no л (U+043B) in font "name:TeX Gyre Termes:mode=no
de;script=cyrl;language=dflt;+liga;+tlig;"!
Missing character: There is no ь (U+044C) in font "name:TeX Gyre Termes:mode=no
de;script=cyrl;language=dflt;+liga;+tlig;"!
Missing character: There is no с (U+0441) in font "name:TeX Gyre Termes:mode=no
de;script=cyrl;language=dflt;+liga;+tlig;"!
Missing character: There is no е (U+0435) in font "name:TeX Gyre Termes:mode=no
de;script=cyrl;language=dflt;+liga;+tlig;"!
Missing character: There is no т (U+0442) in font "name:TeX Gyre Termes:mode=no
de;script=cyrl;language=dflt;+liga;+tlig;"!
Missing character: There is no и (U+0438) in font "name:TeX Gyre Termes:mode=no
de;script=cyrl;language=dflt;+liga;+tlig;"!
Missing character: There is no с (U+0441) in font "name:TeX Gyre Termes:mode=no
de;script=cyrl;language=dflt;+liga;+tlig;"!
Missing character: There is no т (U+0442) in font "name:TeX Gyre Termes:mode=no
de;script=cyrl;language=dflt;+liga;+tlig;"!
Missing character: There is no о (U+043E) in font "name:TeX Gyre Termes:mode=no
de;script=cyrl;language=dflt;+liga;+tlig;"!
Missing character: There is no п (U+043F) in font "name:TeX Gyre Termes:mode=no
de;script=cyrl;language=dflt;+liga;+tlig;"!
Missing character: There is no о (U+043E) in font "name:TeX Gyre Termes:mode=no
de;script=cyrl;language=dflt;+liga;+tlig;"!
Missing character: There is no л (U+043B) in font "name:TeX Gyre Termes:mode=no
de;script=cyrl;language=dflt;+liga;+tlig;"!
Missing character: There is no о (U+043E) in font "name:TeX Gyre Termes:mode=no
de;script=cyrl;language=dflt;+liga;+tlig;"!
Missing character: There is no г (U+0433) in font "name:TeX Gyre Termes:mode=no
de;script=cyrl;language=dflt;+liga;+tlig;"!
Missing character: There is no и (U+0438) in font "name:TeX Gyre Termes:mode=no
de;script=cyrl;language=dflt;+liga;+tlig;"!
Missing character: There is no е (U+0435) in font "name:TeX Gyre Termes:mode=no
de;script=cyrl;language=dflt;+liga;+tlig;"!
Missing character: There is no й (U+0439) in font "name:TeX Gyre Termes:mode=no
de;script=cyrl;language=dflt;+liga;+tlig;"!
Missing character: There is no г (U+0433) in font "name:TeX Gyre Termes:mode=no
de;script=cyrl;language=dflt;+liga;+tlig;"!
Missing character: There is no а (U+0430) in font "name:TeX Gyre Termes:mode=no
de;script=cyrl;language=dflt;+liga;+tlig;"!
Missing character: There is no н (U+043D) in font "name:TeX Gyre Termes:mode=no
de;script=cyrl;language=dflt;+liga;+tlig;"!
Missing character: There is no т (U+0442) in font "name:TeX Gyre Termes:mode=no
de;script=cyrl;language=dflt;+liga;+tlig;"!
Missing character: There is no е (U+0435) in font "name:TeX Gyre Termes:mode=no
de;script=cyrl;language=dflt;+liga;+tlig;"!
Missing character: There is no л (U+043B) in font "name:TeX Gyre Termes:mode=no
de;script=cyrl;language=dflt;+liga;+tlig;"!
Missing character: There is no ь (U+044C) in font "name:TeX Gyre Termes:mode=no
de;script=cyrl;language=dflt;+liga;+tlig;"!
Missing character: There is no в (U+0432) in font "name:TeX Gyre Termes:mode=no
de;script=cyrl;language=dflt;+liga;+tlig;"!
Missing character: There is no с (U+0441) in font "name:TeX Gyre Termes:mode=no
de;script=cyrl;language=dflt;+liga;+tlig;"!
Missing character: There is no р (U+0440) in font "name:TeX Gyre Termes:mode=no
de;script=cyrl;language=dflt;+liga;+tlig;"!
Missing character: There is no е (U+0435) in font "name:TeX Gyre Termes:mode=no
de;script=cyrl;language=dflt;+liga;+tlig;"!
Missing character: There is no д (U+0434) in font "name:TeX Gyre Termes:mode=no
de;script=cyrl;language=dflt;+liga;+tlig;"!
Missing character: There is no е (U+0435) in font "name:TeX Gyre Termes:mode=no
de;script=cyrl;language=dflt;+liga;+tlig;"!
Missing character: There is no д (U+0434) in font "name:TeX Gyre Termes:mode=no
de;script=cyrl;language=dflt;+liga;+tlig;"!
Missing character: There is no и (U+0438) in font "name:TeX Gyre Termes:mode=no
de;script=cyrl;language=dflt;+liga;+tlig;"!
Missing character: There is no с (U+0441) in font "name:TeX Gyre Termes:mode=no
de;script=cyrl;language=dflt;+liga;+tlig;"!
Missing character: There is no к (U+043A) in font "name:TeX Gyre Termes:mode=no
de;script=cyrl;language=dflt;+liga;+tlig;"!
Missing character: There is no р (U+0440) in font "name:TeX Gyre Termes:mode=no
de;script=cyrl;language=dflt;+liga;+tlig;"!
Missing character: There is no е (U+0435) in font "name:TeX Gyre Termes:mode=no
de;script=cyrl;language=dflt;+liga;+tlig;"!
Missing character: There is no т (U+0442) in font "name:TeX Gyre Termes:mode=no
de;script=cyrl;language=dflt;+liga;+tlig;"!
Missing character: There is no н (U+043D) in font "name:TeX Gyre Termes:mode=no
de;script=cyrl;language=dflt;+liga;+tlig;"!
Missing character: There is no о (U+043E) in font "name:TeX Gyre Termes:mode=no
de;script=cyrl;language=dflt;+liga;+tlig;"!
Missing character: There is no с (U+0441) in font "name:TeX Gyre Termes:mode=no
de;script=cyrl;language=dflt;+liga;+tlig;"!
Missing character: There is no о (U+043E) in font "name:TeX Gyre Termes:mode=no
de;script=cyrl;language=dflt;+liga;+tlig;"!
Missing character: There is no б (U+0431) in font "name:TeX Gyre Termes:mode=no
de;script=cyrl;language=dflt;+liga;+tlig;"!
Missing character: There is no ы (U+044B) in font "name:TeX Gyre Termes:mode=no
de;script=cyrl;language=dflt;+liga;+tlig;"!
Missing character: There is no т (U+0442) in font "name:TeX Gyre Termes:mode=no
de;script=cyrl;language=dflt;+liga;+tlig;"!
Missing character: There is no и (U+0438) in font "name:TeX Gyre Termes:mode=no
de;script=cyrl;language=dflt;+liga;+tlig;"!
Missing character: There is no й (U+0439) in font "name:TeX Gyre Termes:mode=no
de;script=cyrl;language=dflt;+liga;+tlig;"!
Missing character: There is no н (U+043D) in font "name:TeX Gyre Termes:mode=no
de;script=cyrl;language=dflt;+liga;+tlig;"!
Missing character: There is no о (U+043E) in font "name:TeX Gyre Termes:mode=no
de;script=cyrl;language=dflt;+liga;+tlig;"!
Missing character: There is no г (U+0433) in font "name:TeX Gyre Termes:mode=no
de;script=cyrl;language=dflt;+liga;+tlig;"!
Missing character: There is no о (U+043E) in font "name:TeX Gyre Termes:mode=no
de;script=cyrl;language=dflt;+liga;+tlig;"!
Missing character: There is no с (U+0441) in font "name:TeX Gyre Termes:mode=no
de;script=cyrl;language=dflt;+liga;+tlig;"!
Missing character: There is no и (U+0438) in font "name:TeX Gyre Termes:mode=no
de;script=cyrl;language=dflt;+liga;+tlig;"!
Missing character: There is no м (U+043C) in font "name:TeX Gyre Termes:mode=no
de;script=cyrl;language=dflt;+liga;+tlig;"!
Missing character: There is no у (U+0443) in font "name:TeX Gyre Termes:mode=no
de;script=cyrl;language=dflt;+liga;+tlig;"!
Missing character: There is no л (U+043B) in font "name:TeX Gyre Termes:mode=no
de;script=cyrl;language=dflt;+liga;+tlig;"!
Missing character: There is no я (U+044F) in font "name:TeX Gyre Termes:mode=no
de;script=cyrl;language=dflt;+liga;+tlig;"!
Missing character: There is no т (U+0442) in font "name:TeX Gyre Termes:mode=no
de;script=cyrl;language=dflt;+liga;+tlig;"!
Missing character: There is no о (U+043E) in font "name:TeX Gyre Termes:mode=no
de;script=cyrl;language=dflt;+liga;+tlig;"!
Missing character: There is no р (U+0440) in font "name:TeX Gyre Termes:mode=no
de;script=cyrl;language=dflt;+liga;+tlig;"!
Missing character: There is no а (U+0430) in font "name:TeX Gyre Termes:mode=no
de;script=cyrl;language=dflt;+liga;+tlig;"!
Missing character: There is no в (U+0432) in font "name:TeX Gyre Termes:mode=no
de;script=cyrl;language=dflt;+liga;+tlig;"!
Missing character: There is no е (U+0435) in font "name:TeX Gyre Termes:mode=no
de;script=cyrl;language=dflt;+liga;+tlig;"!
Missing character: There is no р (U+0440) in font "name:TeX Gyre Termes:mode=no
de;script=cyrl;language=dflt;+liga;+tlig;"!
Missing character: There is no с (U+0441) in font "name:TeX Gyre Termes:mode=no
de;script=cyrl;language=dflt;+liga;+tlig;"!
Missing character: There is no и (U+0438) in font "name:TeX Gyre Termes:mode=no
de;script=cyrl;language=dflt;+liga;+tlig;"!
Missing character: There is no я (U+044F) in font "name:TeX Gyre Termes:mode=no
de;script=cyrl;language=dflt;+liga;+tlig;"!
Missing character: There is no с (U+0441) in font "name:TeX Gyre Termes:mode=no
de;script=cyrl;language=dflt;+liga;+tlig;"!
Missing character: There is no д (U+0434) in font "name:TeX Gyre Termes:mode=no
de;script=cyrl;language=dflt;+liga;+tlig;"!
Missing character: There is no е (U+0435) in font "name:TeX Gyre Termes:mode=no
de;script=cyrl;language=dflt;+liga;+tlig;"!
Missing character: There is no с (U+0441) in font "name:TeX Gyre Termes:mode=no
de;script=cyrl;language=dflt;+liga;+tlig;"!
Missing character: There is no я (U+044F) in font "name:TeX Gyre Termes:mode=no
de;script=cyrl;language=dflt;+liga;+tlig;"!
Missing character: There is no т (U+0442) in font "name:TeX Gyre Termes:mode=no
de;script=cyrl;language=dflt;+liga;+tlig;"!
Missing character: There is no ь (U+044C) in font "name:TeX Gyre Termes:mode=no
de;script=cyrl;language=dflt;+liga;+tlig;"!
Missing character: There is no ю (U+044E) in font "name:TeX Gyre Termes:mode=no
de;script=cyrl;language=dflt;+liga;+tlig;"!
Missing character: There is no и (U+0438) in font "name:TeX Gyre Termes:mode=no
de;script=cyrl;language=dflt;+liga;+tlig;"!
Missing character: There is no с (U+0441) in font "name:TeX Gyre Termes:mode=no
de;script=cyrl;language=dflt;+liga;+tlig;"!
Missing character: There is no т (U+0442) in font "name:TeX Gyre Termes:mode=no
de;script=cyrl;language=dflt;+liga;+tlig;"!
Missing character: There is no о (U+043E) in font "name:TeX Gyre Termes:mode=no
de;script=cyrl;language=dflt;+liga;+tlig;"!
Missing character: There is no ч (U+0447) in font "name:TeX Gyre Termes:mode=no
de;script=cyrl;language=dflt;+liga;+tlig;"!
Missing character: There is no н (U+043D) in font "name:TeX Gyre Termes:mode=no
de;script=cyrl;language=dflt;+liga;+tlig;"!
Missing character: There is no и (U+0438) in font "name:TeX Gyre Termes:mode=no
de;script=cyrl;language=dflt;+liga;+tlig;"!
Missing character: There is no к (U+043A) in font "name:TeX Gyre Termes:mode=no
de;script=cyrl;language=dflt;+liga;+tlig;"!
Missing character: There is no а (U+0430) in font "name:TeX Gyre Termes:mode=no
de;script=cyrl;language=dflt;+liga;+tlig;"!
Missing character: There is no м (U+043C) in font "name:TeX Gyre Termes:mode=no
de;script=cyrl;language=dflt;+liga;+tlig;"!
Missing character: There is no и (U+0438) in font "name:TeX Gyre Termes:mode=no
de;script=cyrl;language=dflt;+liga;+tlig;"!
Missing character: There is no с (U+0441) in font "name:TeX Gyre Termes:mode=no
de;script=cyrl;language=dflt;+liga;+tlig;"!
Missing character: There is no о (U+043E) in font "name:TeX Gyre Termes:mode=no
de;script=cyrl;language=dflt;+liga;+tlig;"!
Missing character: There is no з (U+0437) in font "name:TeX Gyre Termes:mode=no
de;script=cyrl;language=dflt;+liga;+tlig;"!
Missing character: There is no д (U+0434) in font "name:TeX Gyre Termes:mode=no
de;script=cyrl;language=dflt;+liga;+tlig;"!
Missing character: There is no а (U+0430) in font "name:TeX Gyre Termes:mode=no
de;script=cyrl;language=dflt;+liga;+tlig;"!
Missing character: There is no ю (U+044E) in font "name:TeX Gyre Termes:mode=no
de;script=cyrl;language=dflt;+liga;+tlig;"!
Missing character: There is no щ (U+0449) in font "name:TeX Gyre Termes:mode=no
de;script=cyrl;language=dflt;+liga;+tlig;"!
Missing character: There is no и (U+0438) in font "name:TeX Gyre Termes:mode=no
de;script=cyrl;language=dflt;+liga;+tlig;"!
Missing character: There is no м (U+043C) in font "name:TeX Gyre Termes:mode=no
de;script=cyrl;language=dflt;+liga;+tlig;"!
Missing character: There is no и (U+0438) in font "name:TeX Gyre Termes:mode=no
de;script=cyrl;language=dflt;+liga;+tlig;"!
Missing character: There is no у (U+0443) in font "name:TeX Gyre Termes:mode=no
de;script=cyrl;language=dflt;+liga;+tlig;"!
Missing character: There is no с (U+0441) in font "name:TeX Gyre Termes:mode=no
de;script=cyrl;language=dflt;+liga;+tlig;"!
Missing character: There is no т (U+0442) in font "name:TeX Gyre Termes:mode=no
de;script=cyrl;language=dflt;+liga;+tlig;"!
Missing character: There is no о (U+043E) in font "name:TeX Gyre Termes:mode=no
de;script=cyrl;language=dflt;+liga;+tlig;"!
Missing character: There is no й (U+0439) in font "name:TeX Gyre Termes:mode=no
de;script=cyrl;language=dflt;+liga;+tlig;"!
Missing character: There is no ч (U+0447) in font "name:TeX Gyre Termes:mode=no
de;script=cyrl;language=dflt;+liga;+tlig;"!
Missing character: There is no и (U+0438) in font "name:TeX Gyre Termes:mode=no
de;script=cyrl;language=dflt;+liga;+tlig;"!
Missing character: There is no в (U+0432) in font "name:TeX Gyre Termes:mode=no
de;script=cyrl;language=dflt;+liga;+tlig;"!
Missing character: There is no у (U+0443) in font "name:TeX Gyre Termes:mode=no
de;script=cyrl;language=dflt;+liga;+tlig;"!
Missing character: There is no ю (U+044E) in font "name:TeX Gyre Termes:mode=no
de;script=cyrl;language=dflt;+liga;+tlig;"!
Missing character: There is no п (U+043F) in font "name:TeX Gyre Termes:mode=no
de;script=cyrl;language=dflt;+liga;+tlig;"!
Missing character: There is no е (U+0435) in font "name:TeX Gyre Termes:mode=no
de;script=cyrl;language=dflt;+liga;+tlig;"!
Missing character: There is no р (U+0440) in font "name:TeX Gyre Termes:mode=no
de;script=cyrl;language=dflt;+liga;+tlig;"!
Missing character: There is no е (U+0435) in font "name:TeX Gyre Termes:mode=no
de;script=cyrl;language=dflt;+liga;+tlig;"!
Missing character: There is no г (U+0433) in font "name:TeX Gyre Termes:mode=no
de;script=cyrl;language=dflt;+liga;+tlig;"!
Missing character: There is no р (U+0440) in font "name:TeX Gyre Termes:mode=no
de;script=cyrl;language=dflt;+liga;+tlig;"!
Missing character: There is no у (U+0443) in font "name:TeX Gyre Termes:mode=no
de;script=cyrl;language=dflt;+liga;+tlig;"!
Missing character: There is no з (U+0437) in font "name:TeX Gyre Termes:mode=no
de;script=cyrl;language=dflt;+liga;+tlig;"!
Missing character: There is no к (U+043A) in font "name:TeX Gyre Termes:mode=no
de;script=cyrl;language=dflt;+liga;+tlig;"!
Missing character: There is no у (U+0443) in font "name:TeX Gyre Termes:mode=no
de;script=cyrl;language=dflt;+liga;+tlig;"!
Missing character: There is no у (U+0443) in font "name:TeX Gyre Termes:mode=no
de;script=cyrl;language=dflt;+liga;+tlig;"!
Missing character: There is no з (U+0437) in font "name:TeX Gyre Termes:mode=no
de;script=cyrl;language=dflt;+liga;+tlig;"!
Missing character: There is no к (U+043A) in font "name:TeX Gyre Termes:mode=no
de;script=cyrl;language=dflt;+liga;+tlig;"!
Missing character: There is no о (U+043E) in font "name:TeX Gyre Termes:mode=no
de;script=cyrl;language=dflt;+liga;+tlig;"!
Missing character: There is no г (U+0433) in font "name:TeX Gyre Termes:mode=no
de;script=cyrl;language=dflt;+liga;+tlig;"!
Missing character: There is no о (U+043E) in font "name:TeX Gyre Termes:mode=no
de;script=cyrl;language=dflt;+liga;+tlig;"!
Missing character: There is no к (U+043A) in font "name:TeX Gyre Termes:mode=no
de;script=cyrl;language=dflt;+liga;+tlig;"!
Missing character: There is no а (U+0430) in font "name:TeX Gyre Termes:mode=no
de;script=cyrl;language=dflt;+liga;+tlig;"!
Missing character: There is no н (U+043D) in font "name:TeX Gyre Termes:mode=no
de;script=cyrl;language=dflt;+liga;+tlig;"!
Missing character: There is no а (U+0430) in font "name:TeX Gyre Termes:mode=no
de;script=cyrl;language=dflt;+liga;+tlig;"!
Missing character: There is no л (U+043B) in font "name:TeX Gyre Termes:mode=no
de;script=cyrl;language=dflt;+liga;+tlig;"!
Missing character: There is no а (U+0430) in font "name:TeX Gyre Termes:mode=no
de;script=cyrl;language=dflt;+liga;+tlig;"!
Missing character: There is no М (U+041C) in font "name:TeX Gyre Termes:mode=no
de;script=cyrl;language=dflt;+liga;+tlig;"!
Missing character: There is no б (U+0431) in font "name:TeX Gyre Termes:mode=no
de;script=cyrl;language=dflt;+liga;+tlig;"!
Missing character: There is no и (U+0438) in font "name:TeX Gyre Termes:mode=no
de;script=cyrl;language=dflt;+liga;+tlig;"!
Missing character: There is no т (U+0442) in font "name:TeX Gyre Termes:mode=no
de;script=cyrl;language=dflt;+liga;+tlig;"!
Missing character: There is no с (U+0441) in font "name:TeX Gyre Termes:mode=no
de;script=cyrl;language=dflt;+liga;+tlig;"!
Missing character: There is no В (U+0412) in font "name:TeX Gyre Termes:mode=no
de;script=cyrl;language=dflt;+liga;+tlig;"!
Missing character: There is no с (U+0441) in font "name:TeX Gyre Termes:mode=no
de;script=cyrl;language=dflt;+liga;+tlig;"!
Missing character: There is no е (U+0435) in font "name:TeX Gyre Termes:mode=no
de;script=cyrl;language=dflt;+liga;+tlig;"!
Missing character: There is no т (U+0442) in font "name:TeX Gyre Termes:mode=no
de;script=cyrl;language=dflt;+liga;+tlig;"!
Missing character: There is no р (U+0440) in font "name:TeX Gyre Termes:mode=no
de;script=cyrl;language=dflt;+liga;+tlig;"!
Missing character: There is no и (U+0438) in font "name:TeX Gyre Termes:mode=no
de;script=cyrl;language=dflt;+liga;+tlig;"!
Missing character: There is no а (U+0430) in font "name:TeX Gyre Termes:mode=no
de;script=cyrl;language=dflt;+liga;+tlig;"!
Missing character: There is no л (U+043B) in font "name:TeX Gyre Termes:mode=no
de;script=cyrl;language=dflt;+liga;+tlig;"!
Missing character: There is no г (U+0433) in font "name:TeX Gyre Termes:mode=no
de;script=cyrl;language=dflt;+liga;+tlig;"!
Missing character: There is no о (U+043E) in font "name:TeX Gyre Termes:mode=no
de;script=cyrl;language=dflt;+liga;+tlig;"!
Missing character: There is no р (U+0440) in font "name:TeX Gyre Termes:mode=no
de;script=cyrl;language=dflt;+liga;+tlig;"!
Missing character: There is no и (U+0438) in font "name:TeX Gyre Termes:mode=no
de;script=cyrl;language=dflt;+liga;+tlig;"!
Missing character: There is no т (U+0442) in font "name:TeX Gyre Termes:mode=no
de;script=cyrl;language=dflt;+liga;+tlig;"!
Missing character: There is no м (U+043C) in font "name:TeX Gyre Termes:mode=no
de;script=cyrl;language=dflt;+liga;+tlig;"!
Missing character: There is no а (U+0430) in font "name:TeX Gyre Termes:mode=no
de;script=cyrl;language=dflt;+liga;+tlig;"!
Missing character: There is no о (U+043E) in font "name:TeX Gyre Termes:mode=no
de;script=cyrl;language=dflt;+liga;+tlig;"!
Missing character: There is no ц (U+0446) in font "name:TeX Gyre Termes:mode=no
de;script=cyrl;language=dflt;+liga;+tlig;"!
Missing character: There is no е (U+0435) in font "name:TeX Gyre Termes:mode=no
de;script=cyrl;language=dflt;+liga;+tlig;"!
Missing character: There is no н (U+043D) in font "name:TeX Gyre Termes:mode=no
de;script=cyrl;language=dflt;+liga;+tlig;"!
Missing character: There is no е (U+0435) in font "name:TeX Gyre Termes:mode=no
de;script=cyrl;language=dflt;+liga;+tlig;"!
Missing character: There is no н (U+043D) in font "name:TeX Gyre Termes:mode=no
de;script=cyrl;language=dflt;+liga;+tlig;"!
Missing character: There is no ы (U+044B) in font "name:TeX Gyre Termes:mode=no
de;script=cyrl;language=dflt;+liga;+tlig;"!
Missing character: There is no с (U+0441) in font "name:TeX Gyre Termes:mode=no
de;script=cyrl;language=dflt;+liga;+tlig;"!
Missing character: There is no и (U+0438) in font "name:TeX Gyre Termes:mode=no
de;script=cyrl;language=dflt;+liga;+tlig;"!
Missing character: There is no д (U+0434) in font "name:TeX Gyre Termes:mode=no
de;script=cyrl;language=dflt;+liga;+tlig;"!
Missing character: There is no е (U+0435) in font "name:TeX Gyre Termes:mode=no
de;script=cyrl;language=dflt;+liga;+tlig;"!
Missing character: There is no н (U+043D) in font "name:TeX Gyre Termes:mode=no
de;script=cyrl;language=dflt;+liga;+tlig;"!
Missing character: There is no т (U+0442) in font "name:TeX Gyre Termes:mode=no
de;script=cyrl;language=dflt;+liga;+tlig;"!
Missing character: There is no и (U+0438) in font "name:TeX Gyre Termes:mode=no
de;script=cyrl;language=dflt;+liga;+tlig;"!
Missing character: There is no ч (U+0447) in font "name:TeX Gyre Termes:mode=no
de;script=cyrl;language=dflt;+liga;+tlig;"!
Missing character: There is no н (U+043D) in font "name:TeX Gyre Termes:mode=no
de;script=cyrl;language=dflt;+liga;+tlig;"!
Missing character: There is no ы (U+044B) in font "name:TeX Gyre Termes:mode=no
de;script=cyrl;language=dflt;+liga;+tlig;"!
Missing character: There is no м (U+043C) in font "name:TeX Gyre Termes:mode=no
de;script=cyrl;language=dflt;+liga;+tlig;"!
Missing character: There is no и (U+0438) in font "name:TeX Gyre Termes:mode=no
de;script=cyrl;language=dflt;+liga;+tlig;"!
Missing character: There is no п (U+043F) in font "name:TeX Gyre Termes:mode=no
de;script=cyrl;language=dflt;+liga;+tlig;"!
Missing character: There is no о (U+043E) in font "name:TeX Gyre Termes:mode=no
de;script=cyrl;language=dflt;+liga;+tlig;"!
Missing character: There is no р (U+0440) in font "name:TeX Gyre Termes:mode=no
de;script=cyrl;language=dflt;+liga;+tlig;"!
Missing character: There is no о (U+043E) in font "name:TeX Gyre Termes:mode=no
de;script=cyrl;language=dflt;+liga;+tlig;"!
Missing character: There is no г (U+0433) in font "name:TeX Gyre Termes:mode=no
de;script=cyrl;language=dflt;+liga;+tlig;"!
Missing character: There is no а (U+0430) in font "name:TeX Gyre Termes:mode=no
de;script=cyrl;language=dflt;+liga;+tlig;"!
Missing character: There is no м (U+043C) in font "name:TeX Gyre Termes:mode=no
de;script=cyrl;language=dflt;+liga;+tlig;"!
Missing character: There is no и (U+0438) in font "name:TeX Gyre Termes:mode=no
de;script=cyrl;language=dflt;+liga;+tlig;"!
Missing character: There is no о (U+043E) in font "name:TeX Gyre Termes:mode=no
de;script=cyrl;language=dflt;+liga;+tlig;"!
Missing character: There is no ч (U+0447) in font "name:TeX Gyre Termes:mode=no
de;script=cyrl;language=dflt;+liga;+tlig;"!
Missing character: There is no е (U+0435) in font "name:TeX Gyre Termes:mode=no
de;script=cyrl;language=dflt;+liga;+tlig;"!
Missing character: There is no р (U+0440) in font "name:TeX Gyre Termes:mode=no
de;script=cyrl;language=dflt;+liga;+tlig;"!
Missing character: There is no е (U+0435) in font "name:TeX Gyre Termes:mode=no
de;script=cyrl;language=dflt;+liga;+tlig;"!
Missing character: There is no д (U+0434) in font "name:TeX Gyre Termes:mode=no
de;script=cyrl;language=dflt;+liga;+tlig;"!
Missing character: There is no и (U+0438) in font "name:TeX Gyre Termes:mode=no
de;script=cyrl;language=dflt;+liga;+tlig;"!
Missing character: There is no п (U+043F) in font "name:TeX Gyre Termes:mode=no
de;script=cyrl;language=dflt;+liga;+tlig;"!
Missing character: There is no р (U+0440) in font "name:TeX Gyre Termes:mode=no
de;script=cyrl;language=dflt;+liga;+tlig;"!
Missing character: There is no о (U+043E) in font "name:TeX Gyre Termes:mode=no
de;script=cyrl;language=dflt;+liga;+tlig;"!
Missing character: There is no ф (U+0444) in font "name:TeX Gyre Termes:mode=no
de;script=cyrl;language=dflt;+liga;+tlig;"!
Missing character: There is no и (U+0438) in font "name:TeX Gyre Termes:mode=no
de;script=cyrl;language=dflt;+liga;+tlig;"!
Missing character: There is no л (U+043B) in font "name:TeX Gyre Termes:mode=no
de;script=cyrl;language=dflt;+liga;+tlig;"!
Missing character: There is no е (U+0435) in font "name:TeX Gyre Termes:mode=no
de;script=cyrl;language=dflt;+liga;+tlig;"!
Missing character: There is no м (U+043C) in font "name:TeX Gyre Termes:mode=no
de;script=cyrl;language=dflt;+liga;+tlig;"!
Missing character: There is no н (U+043D) in font "name:TeX Gyre Termes:mode=no
de;script=cyrl;language=dflt;+liga;+tlig;"!
Missing character: There is no а (U+0430) in font "name:TeX Gyre Termes:mode=no
de;script=cyrl;language=dflt;+liga;+tlig;"!
Missing character: There is no г (U+0433) in font "name:TeX Gyre Termes:mode=no
de;script=cyrl;language=dflt;+liga;+tlig;"!
Missing character: There is no р (U+0440) in font "name:TeX Gyre Termes:mode=no
de;script=cyrl;language=dflt;+liga;+tlig;"!
Missing character: There is no у (U+0443) in font "name:TeX Gyre Termes:mode=no
de;script=cyrl;language=dflt;+liga;+tlig;"!
Missing character: There is no з (U+0437) in font "name:TeX Gyre Termes:mode=no
de;script=cyrl;language=dflt;+liga;+tlig;"!
Missing character: There is no к (U+043A) in font "name:TeX Gyre Termes:mode=no
de;script=cyrl;language=dflt;+liga;+tlig;"!
Missing character: There is no и (U+0438) in font "name:TeX Gyre Termes:mode=no
de;script=cyrl;language=dflt;+liga;+tlig;"!
Missing character: There is no и (U+0438) in font "name:TeX Gyre Termes:mode=no
de;script=cyrl;language=dflt;+liga;+tlig;"!
Missing character: There is no т (U+0442) in font "name:TeX Gyre Termes:mode=no
de;script=cyrl;language=dflt;+liga;+tlig;"!
Missing character: There is no о (U+043E) in font "name:TeX Gyre Termes:mode=no
de;script=cyrl;language=dflt;+liga;+tlig;"!
Missing character: There is no п (U+043F) in font "name:TeX Gyre Termes:mode=no
de;script=cyrl;language=dflt;+liga;+tlig;"!
Missing character: There is no о (U+043E) in font "name:TeX Gyre Termes:mode=no
de;script=cyrl;language=dflt;+liga;+tlig;"!
Missing character: There is no л (U+043B) in font "name:TeX Gyre Termes:mode=no
de;script=cyrl;language=dflt;+liga;+tlig;"!
Missing character: There is no о (U+043E) in font "name:TeX Gyre Termes:mode=no
de;script=cyrl;language=dflt;+liga;+tlig;"!
Missing character: There is no г (U+0433) in font "name:TeX Gyre Termes:mode=no
de;script=cyrl;language=dflt;+liga;+tlig;"!
Missing character: There is no и (U+0438) in font "name:TeX Gyre Termes:mode=no
de;script=cyrl;language=dflt;+liga;+tlig;"!
Missing character: There is no е (U+0435) in font "name:TeX Gyre Termes:mode=no
de;script=cyrl;language=dflt;+liga;+tlig;"!
Missing character: There is no й (U+0439) in font "name:TeX Gyre Termes:mode=no
de;script=cyrl;language=dflt;+liga;+tlig;"!
Missing character: There is no в (U+0432) in font "name:TeX Gyre Termes:mode=no
de;script=cyrl;language=dflt;+liga;+tlig;"!
Missing character: There is no т (U+0442) in font "name:TeX Gyre Termes:mode=no
de;script=cyrl;language=dflt;+liga;+tlig;"!
Missing character: There is no е (U+0435) in font "name:TeX Gyre Termes:mode=no
de;script=cyrl;language=dflt;+liga;+tlig;"!
Missing character: There is no ч (U+0447) in font "name:TeX Gyre Termes:mode=no
de;script=cyrl;language=dflt;+liga;+tlig;"!
Missing character: There is no е (U+0435) in font "name:TeX Gyre Termes:mode=no
de;script=cyrl;language=dflt;+liga;+tlig;"!
Missing character: There is no н (U+043D) in font "name:TeX Gyre Termes:mode=no
de;script=cyrl;language=dflt;+liga;+tlig;"!
Missing character: There is no и (U+0438) in font "name:TeX Gyre Termes:mode=no
de;script=cyrl;language=dflt;+liga;+tlig;"!
Missing character: There is no е (U+0435) in font "name:TeX Gyre Termes:mode=no
de;script=cyrl;language=dflt;+liga;+tlig;"!
Missing character: There is no с (U+0441) in font "name:TeX Gyre Termes:mode=no
de;script=cyrl;language=dflt;+liga;+tlig;"!
Missing character: There is no е (U+0435) in font "name:TeX Gyre Termes:mode=no
de;script=cyrl;language=dflt;+liga;+tlig;"!
Missing character: There is no к (U+043A) in font "name:TeX Gyre Termes:mode=no
de;script=cyrl;language=dflt;+liga;+tlig;"!
Missing character: There is no у (U+0443) in font "name:TeX Gyre Termes:mode=no
de;script=cyrl;language=dflt;+liga;+tlig;"!
Missing character: There is no н (U+043D) in font "name:TeX Gyre Termes:mode=no
de;script=cyrl;language=dflt;+liga;+tlig;"!
Missing character: There is no д (U+0434) in font "name:TeX Gyre Termes:mode=no
de;script=cyrl;language=dflt;+liga;+tlig;"!
Missing character: There is no м (U+043C) in font "name:TeX Gyre Termes:mode=no
de;script=cyrl;language=dflt;+liga;+tlig;"!
Missing character: There is no о (U+043E) in font "name:TeX Gyre Termes:mode=no
de;script=cyrl;language=dflt;+liga;+tlig;"!
Missing character: There is no д (U+0434) in font "name:TeX Gyre Termes:mode=no
de;script=cyrl;language=dflt;+liga;+tlig;"!
Missing character: There is no е (U+0435) in font "name:TeX Gyre Termes:mode=no
de;script=cyrl;language=dflt;+liga;+tlig;"!
Missing character: There is no л (U+043B) in font "name:TeX Gyre Termes:mode=no
de;script=cyrl;language=dflt;+liga;+tlig;"!
Missing character: There is no и (U+0438) in font "name:TeX Gyre Termes:mode=no
de;script=cyrl;language=dflt;+liga;+tlig;"!
Missing character: There is no р (U+0440) in font "name:TeX Gyre Termes:mode=no
de;script=cyrl;language=dflt;+liga;+tlig;"!
Missing character: There is no о (U+043E) in font "name:TeX Gyre Termes:mode=no
de;script=cyrl;language=dflt;+liga;+tlig;"!
Missing character: There is no в (U+0432) in font "name:TeX Gyre Termes:mode=no
de;script=cyrl;language=dflt;+liga;+tlig;"!
Missing character: There is no а (U+0430) in font "name:TeX Gyre Termes:mode=no
de;script=cyrl;language=dflt;+liga;+tlig;"!
Missing character: There is no н (U+043D) in font "name:TeX Gyre Termes:mode=no
de;script=cyrl;language=dflt;+liga;+tlig;"!
Missing character: There is no и (U+0438) in font "name:TeX Gyre Termes:mode=no
de;script=cyrl;language=dflt;+liga;+tlig;"!
Missing character: There is no я (U+044F) in font "name:TeX Gyre Termes:mode=no
de;script=cyrl;language=dflt;+liga;+tlig;"!
Missing character: There is no П (U+041F) in font "name:TeX Gyre Termes:mode=no
de;script=cyrl;language=dflt;+liga;+tlig;"!
Missing character: There is no р (U+0440) in font "name:TeX Gyre Termes:mode=no
de;script=cyrl;language=dflt;+liga;+tlig;"!
Missing character: There is no и (U+0438) in font "name:TeX Gyre Termes:mode=no
de;script=cyrl;language=dflt;+liga;+tlig;"!
Missing character: There is no м (U+043C) in font "name:TeX Gyre Termes:mode=no
de;script=cyrl;language=dflt;+liga;+tlig;"!
Missing character: There is no е (U+0435) in font "name:TeX Gyre Termes:mode=no
de;script=cyrl;language=dflt;+liga;+tlig;"!
Missing character: There is no н (U+043D) in font "name:TeX Gyre Termes:mode=no
de;script=cyrl;language=dflt;+liga;+tlig;"!
Missing character: There is no ё (U+0451) in font "name:TeX Gyre Termes:mode=no
de;script=cyrl;language=dflt;+liga;+tlig;"!
Missing character: There is no н (U+043D) in font "name:TeX Gyre Termes:mode=no
de;script=cyrl;language=dflt;+liga;+tlig;"!
Missing character: There is no р (U+0440) in font "name:TeX Gyre Termes:mode=no
de;script=cyrl;language=dflt;+liga;+tlig;"!
Missing character: There is no а (U+0430) in font "name:TeX Gyre Termes:mode=no
de;script=cyrl;language=dflt;+liga;+tlig;"!
Missing character: There is no с (U+0441) in font "name:TeX Gyre Termes:mode=no
de;script=cyrl;language=dflt;+liga;+tlig;"!
Missing character: There is no ш (U+0448) in font "name:TeX Gyre Termes:mode=no
de;script=cyrl;language=dflt;+liga;+tlig;"!
Missing character: There is no и (U+0438) in font "name:TeX Gyre Termes:mode=no
de;script=cyrl;language=dflt;+liga;+tlig;"!
Missing character: There is no р (U+0440) in font "name:TeX Gyre Termes:mode=no
de;script=cyrl;language=dflt;+liga;+tlig;"!
Missing character: There is no е (U+0435) in font "name:TeX Gyre Termes:mode=no
de;script=cyrl;language=dflt;+liga;+tlig;"!
Missing character: There is no н (U+043D) in font "name:TeX Gyre Termes:mode=no
de;script=cyrl;language=dflt;+liga;+tlig;"!
Missing character: There is no н (U+043D) in font "name:TeX Gyre Termes:mode=no
de;script=cyrl;language=dflt;+liga;+tlig;"!
Missing character: There is no ы (U+044B) in font "name:TeX Gyre Termes:mode=no
de;script=cyrl;language=dflt;+liga;+tlig;"!
Missing character: There is no й (U+0439) in font "name:TeX Gyre Termes:mode=no
de;script=cyrl;language=dflt;+liga;+tlig;"!
Missing character: There is no н (U+043D) in font "name:TeX Gyre Termes:mode=no
de;script=cyrl;language=dflt;+liga;+tlig;"!
Missing character: There is no а (U+0430) in font "name:TeX Gyre Termes:mode=no
de;script=cyrl;language=dflt;+liga;+tlig;"!
Missing character: There is no б (U+0431) in font "name:TeX Gyre Termes:mode=no
de;script=cyrl;language=dflt;+liga;+tlig;"!
Missing character: There is no о (U+043E) in font "name:TeX Gyre Termes:mode=no
de;script=cyrl;language=dflt;+liga;+tlig;"!
Missing character: There is no р (U+0440) in font "name:TeX Gyre Termes:mode=no
de;script=cyrl;language=dflt;+liga;+tlig;"!
Missing character: There is no м (U+043C) in font "name:TeX Gyre Termes:mode=no
de;script=cyrl;language=dflt;+liga;+tlig;"!
Missing character: There is no е (U+0435) in font "name:TeX Gyre Termes:mode=no
de;script=cyrl;language=dflt;+liga;+tlig;"!
Missing character: There is no т (U+0442) in font "name:TeX Gyre Termes:mode=no
de;script=cyrl;language=dflt;+liga;+tlig;"!
Missing character: There is no р (U+0440) in font "name:TeX Gyre Termes:mode=no
de;script=cyrl;language=dflt;+liga;+tlig;"!
Missing character: There is no и (U+0438) in font "name:TeX Gyre Termes:mode=no
de;script=cyrl;language=dflt;+liga;+tlig;"!
Missing character: There is no к (U+043A) in font "name:TeX Gyre Termes:mode=no
de;script=cyrl;language=dflt;+liga;+tlig;"!
Missing character: There is no в (U+0432) in font "name:TeX Gyre Termes:mode=no
de;script=cyrl;language=dflt;+liga;+tlig;"!
Missing character: There is no к (U+043A) in font "name:TeX Gyre Termes:mode=no
de;script=cyrl;language=dflt;+liga;+tlig;"!
Missing character: There is no л (U+043B) in font "name:TeX Gyre Termes:mode=no
de;script=cyrl;language=dflt;+liga;+tlig;"!
Missing character: There is no ю (U+044E) in font "name:TeX Gyre Termes:mode=no
de;script=cyrl;language=dflt;+liga;+tlig;"!
Missing character: There is no ч (U+0447) in font "name:TeX Gyre Termes:mode=no
de;script=cyrl;language=dflt;+liga;+tlig;"!
Missing character: There is no а (U+0430) in font "name:TeX Gyre Termes:mode=no
de;script=cyrl;language=dflt;+liga;+tlig;"!
Missing character: There is no ю (U+044E) in font "name:TeX Gyre Termes:mode=no
de;script=cyrl;language=dflt;+liga;+tlig;"!
Missing character: There is no щ (U+0449) in font "name:TeX Gyre Termes:mode=no
de;script=cyrl;language=dflt;+liga;+tlig;"!
Missing character: There is no и (U+0438) in font "name:TeX Gyre Termes:mode=no
de;script=cyrl;language=dflt;+liga;+tlig;"!
Missing character: There is no й (U+0439) in font "name:TeX Gyre Termes:mode=no
de;script=cyrl;language=dflt;+liga;+tlig;"!
Missing character: There is no з (U+0437) in font "name:TeX Gyre Termes:mode=no
de;script=cyrl;language=dflt;+liga;+tlig;"!
Missing character: There is no о (U+043E) in font "name:TeX Gyre Termes:mode=no
de;script=cyrl;language=dflt;+liga;+tlig;"!
Missing character: There is no н (U+043D) in font "name:TeX Gyre Termes:mode=no
de;script=cyrl;language=dflt;+liga;+tlig;"!
Missing character: There is no а (U+0430) in font "name:TeX Gyre Termes:mode=no
de;script=cyrl;language=dflt;+liga;+tlig;"!
Missing character: There is no л (U+043B) in font "name:TeX Gyre Termes:mode=no
de;script=cyrl;language=dflt;+liga;+tlig;"!
Missing character: There is no ь (U+044C) in font "name:TeX Gyre Termes:mode=no
de;script=cyrl;language=dflt;+liga;+tlig;"!
Missing character: There is no н (U+043D) in font "name:TeX Gyre Termes:mode=no
de;script=cyrl;language=dflt;+liga;+tlig;"!
Missing character: There is no о (U+043E) in font "name:TeX Gyre Termes:mode=no
de;script=cyrl;language=dflt;+liga;+tlig;"!
Missing character: There is no е (U+0435) in font "name:TeX Gyre Termes:mode=no
de;script=cyrl;language=dflt;+liga;+tlig;"!
Missing character: There is no р (U+0440) in font "name:TeX Gyre Termes:mode=no
de;script=cyrl;language=dflt;+liga;+tlig;"!
Missing character: There is no а (U+0430) in font "name:TeX Gyre Termes:mode=no
de;script=cyrl;language=dflt;+liga;+tlig;"!
Missing character: There is no с (U+0441) in font "name:TeX Gyre Termes:mode=no
de;script=cyrl;language=dflt;+liga;+tlig;"!
Missing character: There is no п (U+043F) in font "name:TeX Gyre Termes:mode=no
de;script=cyrl;language=dflt;+liga;+tlig;"!
Missing character: There is no р (U+0440) in font "name:TeX Gyre Termes:mode=no
de;script=cyrl;language=dflt;+liga;+tlig;"!
Missing character: There is no е (U+0435) in font "name:TeX Gyre Termes:mode=no
de;script=cyrl;language=dflt;+liga;+tlig;"!
Missing character: There is no д (U+0434) in font "name:TeX Gyre Termes:mode=no
de;script=cyrl;language=dflt;+liga;+tlig;"!
Missing character: There is no е (U+0435) in font "name:TeX Gyre Termes:mode=no
de;script=cyrl;language=dflt;+liga;+tlig;"!
Missing character: There is no л (U+043B) in font "name:TeX Gyre Termes:mode=no
de;script=cyrl;language=dflt;+liga;+tlig;"!
Missing character: There is no е (U+0435) in font "name:TeX Gyre Termes:mode=no
de;script=cyrl;language=dflt;+liga;+tlig;"!
Missing character: There is no н (U+043D) in font "name:TeX Gyre Termes:mode=no
de;script=cyrl;language=dflt;+liga;+tlig;"!
Missing character: There is no и (U+0438) in font "name:TeX Gyre Termes:mode=no
de;script=cyrl;language=dflt;+liga;+tlig;"!
Missing character: There is no е (U+0435) in font "name:TeX Gyre Termes:mode=no
de;script=cyrl;language=dflt;+liga;+tlig;"!
Missing character: There is no с (U+0441) in font "name:TeX Gyre Termes:mode=no
de;script=cyrl;language=dflt;+liga;+tlig;"!
Missing character: There is no р (U+0440) in font "name:TeX Gyre Termes:mode=no
de;script=cyrl;language=dflt;+liga;+tlig;"!
Missing character: There is no е (U+0435) in font "name:TeX Gyre Termes:mode=no
de;script=cyrl;language=dflt;+liga;+tlig;"!
Missing character: There is no д (U+0434) in font "name:TeX Gyre Termes:mode=no
de;script=cyrl;language=dflt;+liga;+tlig;"!
Missing character: There is no н (U+043D) in font "name:TeX Gyre Termes:mode=no
de;script=cyrl;language=dflt;+liga;+tlig;"!
Missing character: There is no е (U+0435) in font "name:TeX Gyre Termes:mode=no
de;script=cyrl;language=dflt;+liga;+tlig;"!
Missing character: There is no й (U+0439) in font "name:TeX Gyre Termes:mode=no
de;script=cyrl;language=dflt;+liga;+tlig;"!
Missing character: There is no и (U+0438) in font "name:TeX Gyre Termes:mode=no
de;script=cyrl;language=dflt;+liga;+tlig;"!
Missing character: There is no в (U+0432) in font "name:TeX Gyre Termes:mode=no
de;script=cyrl;language=dflt;+liga;+tlig;"!
Missing character: There is no р (U+0440) in font "name:TeX Gyre Termes:mode=no
de;script=cyrl;language=dflt;+liga;+tlig;"!
Missing character: There is no е (U+0435) in font "name:TeX Gyre Termes:mode=no
de;script=cyrl;language=dflt;+liga;+tlig;"!
Missing character: There is no м (U+043C) in font "name:TeX Gyre Termes:mode=no
de;script=cyrl;language=dflt;+liga;+tlig;"!
Missing character: There is no е (U+0435) in font "name:TeX Gyre Termes:mode=no
de;script=cyrl;language=dflt;+liga;+tlig;"!
Missing character: There is no н (U+043D) in font "name:TeX Gyre Termes:mode=no
de;script=cyrl;language=dflt;+liga;+tlig;"!
Missing character: There is no н (U+043D) in font "name:TeX Gyre Termes:mode=no
de;script=cyrl;language=dflt;+liga;+tlig;"!
Missing character: There is no у (U+0443) in font "name:TeX Gyre Termes:mode=no
de;script=cyrl;language=dflt;+liga;+tlig;"!
Missing character: There is no ю (U+044E) in font "name:TeX Gyre Termes:mode=no
de;script=cyrl;language=dflt;+liga;+tlig;"!
Missing character: There is no с (U+0441) in font "name:TeX Gyre Termes:mode=no
de;script=cyrl;language=dflt;+liga;+tlig;"!
Missing character: There is no т (U+0442) in font "name:TeX Gyre Termes:mode=no
de;script=cyrl;language=dflt;+liga;+tlig;"!
Missing character: There is no р (U+0440) in font "name:TeX Gyre Termes:mode=no
de;script=cyrl;language=dflt;+liga;+tlig;"!
Missing character: There is no у (U+0443) in font "name:TeX Gyre Termes:mode=no
de;script=cyrl;language=dflt;+liga;+tlig;"!
Missing character: There is no к (U+043A) in font "name:TeX Gyre Termes:mode=no
de;script=cyrl;language=dflt;+liga;+tlig;"!
Missing character: There is no т (U+0442) in font "name:TeX Gyre Termes:mode=no
de;script=cyrl;language=dflt;+liga;+tlig;"!
Missing character: There is no у (U+0443) in font "name:TeX Gyre Termes:mode=no
de;script=cyrl;language=dflt;+liga;+tlig;"!
Missing character: There is no р (U+0440) in font "name:TeX Gyre Termes:mode=no
de;script=cyrl;language=dflt;+liga;+tlig;"!
Missing character: There is no у (U+0443) in font "name:TeX Gyre Termes:mode=no
de;script=cyrl;language=dflt;+liga;+tlig;"!
Missing character: There is no с (U+0441) in font "name:TeX Gyre Termes:mode=no
de;script=cyrl;language=dflt;+liga;+tlig;"!
Missing character: There is no б (U+0431) in font "name:TeX Gyre Termes:mode=no
de;script=cyrl;language=dflt;+liga;+tlig;"!
Missing character: There is no р (U+0440) in font "name:TeX Gyre Termes:mode=no
de;script=cyrl;language=dflt;+liga;+tlig;"!
Missing character: There is no о (U+043E) in font "name:TeX Gyre Termes:mode=no
de;script=cyrl;language=dflt;+liga;+tlig;"!
Missing character: There is no с (U+0441) in font "name:TeX Gyre Termes:mode=no
de;script=cyrl;language=dflt;+liga;+tlig;"!
Missing character: There is no о (U+043E) in font "name:TeX Gyre Termes:mode=no
de;script=cyrl;language=dflt;+liga;+tlig;"!
Missing character: There is no в (U+0432) in font "name:TeX Gyre Termes:mode=no
de;script=cyrl;language=dflt;+liga;+tlig;"!
Missing character: There is no Р (U+0420) in font "name:TeX Gyre Termes/B:mode=
node;script=cyrl;language=dflt;+liga;+tlig;"!
Missing character: There is no е (U+0435) in font "name:TeX Gyre Termes/B:mode=
node;script=cyrl;language=dflt;+liga;+tlig;"!
Missing character: There is no з (U+0437) in font "name:TeX Gyre Termes/B:mode=
node;script=cyrl;language=dflt;+liga;+tlig;"!
Missing character: There is no у (U+0443) in font "name:TeX Gyre Termes/B:mode=
node;script=cyrl;language=dflt;+liga;+tlig;"!
Missing character: There is no л (U+043B) in font "name:TeX Gyre Termes/B:mode=
node;script=cyrl;language=dflt;+liga;+tlig;"!
Missing character: There is no ь (U+044C) in font "name:TeX Gyre Termes/B:mode=
node;script=cyrl;language=dflt;+liga;+tlig;"!
Missing character: There is no т (U+0442) in font "name:TeX Gyre Termes/B:mode=
node;script=cyrl;language=dflt;+liga;+tlig;"!
Missing character: There is no а (U+0430) in font "name:TeX Gyre Termes/B:mode=
node;script=cyrl;language=dflt;+liga;+tlig;"!
Missing character: There is no т (U+0442) in font "name:TeX Gyre Termes/B:mode=
node;script=cyrl;language=dflt;+liga;+tlig;"!
Missing character: There is no ы (U+044B) in font "name:TeX Gyre Termes/B:mode=
node;script=cyrl;language=dflt;+liga;+tlig;"!
Missing character: There is no В (U+0412) in font "name:TeX Gyre Termes:mode=no
de;script=cyrl;language=dflt;+liga;+tlig;"!
Missing character: There is no с (U+0441) in font "name:TeX Gyre Termes:mode=no
de;script=cyrl;language=dflt;+liga;+tlig;"!
Missing character: There is no е (U+0435) in font "name:TeX Gyre Termes:mode=no
de;script=cyrl;language=dflt;+liga;+tlig;"!
Missing character: There is no а (U+0430) in font "name:TeX Gyre Termes:mode=no
de;script=cyrl;language=dflt;+liga;+tlig;"!
Missing character: There is no л (U+043B) in font "name:TeX Gyre Termes:mode=no
de;script=cyrl;language=dflt;+liga;+tlig;"!
Missing character: There is no г (U+0433) in font "name:TeX Gyre Termes:mode=no
de;script=cyrl;language=dflt;+liga;+tlig;"!
Missing character: There is no о (U+043E) in font "name:TeX Gyre Termes:mode=no
de;script=cyrl;language=dflt;+liga;+tlig;"!
Missing character: There is no р (U+0440) in font "name:TeX Gyre Termes:mode=no
de;script=cyrl;language=dflt;+liga;+tlig;"!
Missing character: There is no и (U+0438) in font "name:TeX Gyre Termes:mode=no
de;script=cyrl;language=dflt;+liga;+tlig;"!
Missing character: There is no т (U+0442) in font "name:TeX Gyre Termes:mode=no
de;script=cyrl;language=dflt;+liga;+tlig;"!
Missing character: There is no м (U+043C) in font "name:TeX Gyre Termes:mode=no
de;script=cyrl;language=dflt;+liga;+tlig;"!
Missing character: There is no ы (U+044B) in font "name:TeX Gyre Termes:mode=no
de;script=cyrl;language=dflt;+liga;+tlig;"!
Missing character: There is no о (U+043E) in font "name:TeX Gyre Termes:mode=no
de;script=cyrl;language=dflt;+liga;+tlig;"!
Missing character: There is no б (U+0431) in font "name:TeX Gyre Termes:mode=no
de;script=cyrl;language=dflt;+liga;+tlig;"!
Missing character: There is no е (U+0435) in font "name:TeX Gyre Termes:mode=no
de;script=cyrl;language=dflt;+liga;+tlig;"!
Missing character: There is no с (U+0441) in font "name:TeX Gyre Termes:mode=no
de;script=cyrl;language=dflt;+liga;+tlig;"!
Missing character: There is no п (U+043F) in font "name:TeX Gyre Termes:mode=no
de;script=cyrl;language=dflt;+liga;+tlig;"!
Missing character: There is no е (U+0435) in font "name:TeX Gyre Termes:mode=no
de;script=cyrl;language=dflt;+liga;+tlig;"!
Missing character: There is no ч (U+0447) in font "name:TeX Gyre Termes:mode=no
de;script=cyrl;language=dflt;+liga;+tlig;"!
Missing character: There is no и (U+0438) in font "name:TeX Gyre Termes:mode=no
de;script=cyrl;language=dflt;+liga;+tlig;"!
Missing character: There is no л (U+043B) in font "name:TeX Gyre Termes:mode=no
de;script=cyrl;language=dflt;+liga;+tlig;"!
Missing character: There is no и (U+0438) in font "name:TeX Gyre Termes:mode=no
de;script=cyrl;language=dflt;+liga;+tlig;"!
Missing character: There is no п (U+043F) in font "name:TeX Gyre Termes:mode=no
de;script=cyrl;language=dflt;+liga;+tlig;"!
Missing character: There is no р (U+0440) in font "name:TeX Gyre Termes:mode=no
de;script=cyrl;language=dflt;+liga;+tlig;"!
Missing character: There is no и (U+0438) in font "name:TeX Gyre Termes:mode=no
de;script=cyrl;language=dflt;+liga;+tlig;"!
Missing character: There is no б (U+0431) in font "name:TeX Gyre Termes:mode=no
de;script=cyrl;language=dflt;+liga;+tlig;"!
Missing character: There is no л (U+043B) in font "name:TeX Gyre Termes:mode=no
de;script=cyrl;language=dflt;+liga;+tlig;"!
Missing character: There is no и (U+0438) in font "name:TeX Gyre Termes:mode=no
de;script=cyrl;language=dflt;+liga;+tlig;"!
Missing character: There is no з (U+0437) in font "name:TeX Gyre Termes:mode=no
de;script=cyrl;language=dflt;+liga;+tlig;"!
Missing character: There is no и (U+0438) in font "name:TeX Gyre Termes:mode=no
de;script=cyrl;language=dflt;+liga;+tlig;"!
Missing character: There is no т (U+0442) in font "name:TeX Gyre Termes:mode=no
de;script=cyrl;language=dflt;+liga;+tlig;"!
Missing character: There is no е (U+0435) in font "name:TeX Gyre Termes:mode=no
de;script=cyrl;language=dflt;+liga;+tlig;"!
Missing character: There is no л (U+043B) in font "name:TeX Gyre Termes:mode=no
de;script=cyrl;language=dflt;+liga;+tlig;"!
Missing character: There is no ь (U+044C) in font "name:TeX Gyre Termes:mode=no
de;script=cyrl;language=dflt;+liga;+tlig;"!
Missing character: There is no н (U+043D) in font "name:TeX Gyre Termes:mode=no
de;script=cyrl;language=dflt;+liga;+tlig;"!
Missing character: There is no о (U+043E) in font "name:TeX Gyre Termes:mode=no
de;script=cyrl;language=dflt;+liga;+tlig;"!
Missing character: There is no у (U+0443) in font "name:TeX Gyre Termes:mode=no
de;script=cyrl;language=dflt;+liga;+tlig;"!
Missing character: There is no т (U+0442) in font "name:TeX Gyre Termes:mode=no
de;script=cyrl;language=dflt;+liga;+tlig;"!
Missing character: There is no и (U+0438) in font "name:TeX Gyre Termes:mode=no
de;script=cyrl;language=dflt;+liga;+tlig;"!
Missing character: There is no л (U+043B) in font "name:TeX Gyre Termes:mode=no
de;script=cyrl;language=dflt;+liga;+tlig;"!
Missing character: There is no и (U+0438) in font "name:TeX Gyre Termes:mode=no
de;script=cyrl;language=dflt;+liga;+tlig;"!
Missing character: There is no з (U+0437) in font "name:TeX Gyre Termes:mode=no
de;script=cyrl;language=dflt;+liga;+tlig;"!
Missing character: There is no а (U+0430) in font "name:TeX Gyre Termes:mode=no
de;script=cyrl;language=dflt;+liga;+tlig;"!
Missing character: There is no ц (U+0446) in font "name:TeX Gyre Termes:mode=no
de;script=cyrl;language=dflt;+liga;+tlig;"!
Missing character: There is no и (U+0438) in font "name:TeX Gyre Termes:mode=no
de;script=cyrl;language=dflt;+liga;+tlig;"!
Missing character: There is no и (U+0438) in font "name:TeX Gyre Termes:mode=no
de;script=cyrl;language=dflt;+liga;+tlig;"!
Missing character: There is no к (U+043A) in font "name:TeX Gyre Termes:mode=no
de;script=cyrl;language=dflt;+liga;+tlig;"!
Missing character: There is no а (U+0430) in font "name:TeX Gyre Termes:mode=no
de;script=cyrl;language=dflt;+liga;+tlig;"!
Missing character: There is no н (U+043D) in font "name:TeX Gyre Termes:mode=no
de;script=cyrl;language=dflt;+liga;+tlig;"!
Missing character: There is no а (U+0430) in font "name:TeX Gyre Termes:mode=no
de;script=cyrl;language=dflt;+liga;+tlig;"!
Missing character: There is no л (U+043B) in font "name:TeX Gyre Termes:mode=no
de;script=cyrl;language=dflt;+liga;+tlig;"!
Missing character: There is no а (U+0430) in font "name:TeX Gyre Termes:mode=no
de;script=cyrl;language=dflt;+liga;+tlig;"!
Missing character: There is no с (U+0441) in font "name:TeX Gyre Termes:mode=no
de;script=cyrl;language=dflt;+liga;+tlig;"!
Missing character: There is no р (U+0440) in font "name:TeX Gyre Termes:mode=no
de;script=cyrl;language=dflt;+liga;+tlig;"!
Missing character: There is no е (U+0435) in font "name:TeX Gyre Termes:mode=no
de;script=cyrl;language=dflt;+liga;+tlig;"!
Missing character: There is no д (U+0434) in font "name:TeX Gyre Termes:mode=no
de;script=cyrl;language=dflt;+liga;+tlig;"!
Missing character: There is no н (U+043D) in font "name:TeX Gyre Termes:mode=no
de;script=cyrl;language=dflt;+liga;+tlig;"!
Missing character: There is no я (U+044F) in font "name:TeX Gyre Termes:mode=no
de;script=cyrl;language=dflt;+liga;+tlig;"!
Missing character: There is no я (U+044F) in font "name:TeX Gyre Termes:mode=no
de;script=cyrl;language=dflt;+liga;+tlig;"!
Missing character: There is no п (U+043F) in font "name:TeX Gyre Termes:mode=no
de;script=cyrl;language=dflt;+liga;+tlig;"!
Missing character: There is no р (U+0440) in font "name:TeX Gyre Termes:mode=no
de;script=cyrl;language=dflt;+liga;+tlig;"!
Missing character: There is no о (U+043E) in font "name:TeX Gyre Termes:mode=no
de;script=cyrl;language=dflt;+liga;+tlig;"!
Missing character: There is no п (U+043F) in font "name:TeX Gyre Termes:mode=no
de;script=cyrl;language=dflt;+liga;+tlig;"!
Missing character: There is no у (U+0443) in font "name:TeX Gyre Termes:mode=no
de;script=cyrl;language=dflt;+liga;+tlig;"!
Missing character: There is no с (U+0441) in font "name:TeX Gyre Termes:mode=no
de;script=cyrl;language=dflt;+liga;+tlig;"!
Missing character: There is no к (U+043A) in font "name:TeX Gyre Termes:mode=no
de;script=cyrl;language=dflt;+liga;+tlig;"!
Missing character: There is no н (U+043D) in font "name:TeX Gyre Termes:mode=no
de;script=cyrl;language=dflt;+liga;+tlig;"!
Missing character: There is no а (U+0430) in font "name:TeX Gyre Termes:mode=no
de;script=cyrl;language=dflt;+liga;+tlig;"!
Missing character: There is no я (U+044F) in font "name:TeX Gyre Termes:mode=no
de;script=cyrl;language=dflt;+liga;+tlig;"!
Missing character: There is no с (U+0441) in font "name:TeX Gyre Termes:mode=no
de;script=cyrl;language=dflt;+liga;+tlig;"!
Missing character: There is no п (U+043F) in font "name:TeX Gyre Termes:mode=no
de;script=cyrl;language=dflt;+liga;+tlig;"!
Missing character: There is no о (U+043E) in font "name:TeX Gyre Termes:mode=no
de;script=cyrl;language=dflt;+liga;+tlig;"!
Missing character: There is no с (U+0441) in font "name:TeX Gyre Termes:mode=no
de;script=cyrl;language=dflt;+liga;+tlig;"!
Missing character: There is no о (U+043E) in font "name:TeX Gyre Termes:mode=no
de;script=cyrl;language=dflt;+liga;+tlig;"!
Missing character: There is no б (U+0431) in font "name:TeX Gyre Termes:mode=no
de;script=cyrl;language=dflt;+liga;+tlig;"!
Missing character: There is no н (U+043D) in font "name:TeX Gyre Termes:mode=no
de;script=cyrl;language=dflt;+liga;+tlig;"!
Missing character: There is no о (U+043E) in font "name:TeX Gyre Termes:mode=no
de;script=cyrl;language=dflt;+liga;+tlig;"!
Missing character: There is no с (U+0441) in font "name:TeX Gyre Termes:mode=no
de;script=cyrl;language=dflt;+liga;+tlig;"!
Missing character: There is no т (U+0442) in font "name:TeX Gyre Termes:mode=no
de;script=cyrl;language=dflt;+liga;+tlig;"!
Missing character: There is no ь (U+044C) in font "name:TeX Gyre Termes:mode=no
de;script=cyrl;language=dflt;+liga;+tlig;"!
Missing character: There is no М (U+041C) in font "name:TeX Gyre Termes:mode=no
de;script=cyrl;language=dflt;+liga;+tlig;"!
Missing character: There is no б (U+0431) in font "name:TeX Gyre Termes:mode=no
de;script=cyrl;language=dflt;+liga;+tlig;"!
Missing character: There is no и (U+0438) in font "name:TeX Gyre Termes:mode=no
de;script=cyrl;language=dflt;+liga;+tlig;"!
Missing character: There is no т (U+0442) in font "name:TeX Gyre Termes:mode=no
de;script=cyrl;language=dflt;+liga;+tlig;"!
Missing character: There is no с (U+0441) in font "name:TeX Gyre Termes:mode=no
de;script=cyrl;language=dflt;+liga;+tlig;"!
Missing character: There is no п (U+043F) in font "name:TeX Gyre Termes:mode=no
de;script=cyrl;language=dflt;+liga;+tlig;"!
Missing character: There is no о (U+043E) in font "name:TeX Gyre Termes:mode=no
de;script=cyrl;language=dflt;+liga;+tlig;"!
Missing character: There is no к (U+043A) in font "name:TeX Gyre Termes:mode=no
de;script=cyrl;language=dflt;+liga;+tlig;"!
Missing character: There is no а (U+0430) in font "name:TeX Gyre Termes:mode=no
de;script=cyrl;language=dflt;+liga;+tlig;"!
Missing character: There is no з (U+0437) in font "name:TeX Gyre Termes:mode=no
de;script=cyrl;language=dflt;+liga;+tlig;"!
Missing character: There is no а (U+0430) in font "name:TeX Gyre Termes:mode=no
de;script=cyrl;language=dflt;+liga;+tlig;"!
Missing character: There is no л (U+043B) in font "name:TeX Gyre Termes:mode=no
de;script=cyrl;language=dflt;+liga;+tlig;"!
Missing character: There is no н (U+043D) in font "name:TeX Gyre Termes:mode=no
de;script=cyrl;language=dflt;+liga;+tlig;"!
Missing character: There is no а (U+0430) in font "name:TeX Gyre Termes:mode=no
de;script=cyrl;language=dflt;+liga;+tlig;"!
Missing character: There is no и (U+0438) in font "name:TeX Gyre Termes:mode=no
de;script=cyrl;language=dflt;+liga;+tlig;"!
Missing character: There is no б (U+0431) in font "name:TeX Gyre Termes:mode=no
de;script=cyrl;language=dflt;+liga;+tlig;"!
Missing character: There is no о (U+043E) in font "name:TeX Gyre Termes:mode=no
de;script=cyrl;language=dflt;+liga;+tlig;"!
Missing character: There is no л (U+043B) in font "name:TeX Gyre Termes:mode=no
de;script=cyrl;language=dflt;+liga;+tlig;"!
Missing character: There is no е (U+0435) in font "name:TeX Gyre Termes:mode=no
de;script=cyrl;language=dflt;+liga;+tlig;"!
Missing character: There is no е (U+0435) in font "name:TeX Gyre Termes:mode=no
de;script=cyrl;language=dflt;+liga;+tlig;"!
Missing character: There is no п (U+043F) in font "name:TeX Gyre Termes:mode=no
de;script=cyrl;language=dflt;+liga;+tlig;"!
Missing character: There is no р (U+0440) in font "name:TeX Gyre Termes:mode=no
de;script=cyrl;language=dflt;+liga;+tlig;"!
Missing character: There is no е (U+0435) in font "name:TeX Gyre Termes:mode=no
de;script=cyrl;language=dflt;+liga;+tlig;"!
Missing character: There is no д (U+0434) in font "name:TeX Gyre Termes:mode=no
de;script=cyrl;language=dflt;+liga;+tlig;"!
Missing character: There is no с (U+0441) in font "name:TeX Gyre Termes:mode=no
de;script=cyrl;language=dflt;+liga;+tlig;"!
Missing character: There is no к (U+043A) in font "name:TeX Gyre Termes:mode=no
de;script=cyrl;language=dflt;+liga;+tlig;"!
Missing character: There is no а (U+0430) in font "name:TeX Gyre Termes:mode=no
de;script=cyrl;language=dflt;+liga;+tlig;"!
Missing character: There is no з (U+0437) in font "name:TeX Gyre Termes:mode=no
de;script=cyrl;language=dflt;+liga;+tlig;"!
Missing character: There is no у (U+0443) in font "name:TeX Gyre Termes:mode=no
de;script=cyrl;language=dflt;+liga;+tlig;"!
Missing character: There is no е (U+0435) in font "name:TeX Gyre Termes:mode=no
de;script=cyrl;language=dflt;+liga;+tlig;"!
Missing character: There is no м (U+043C) in font "name:TeX Gyre Termes:mode=no
de;script=cyrl;language=dflt;+liga;+tlig;"!
Missing character: There is no у (U+0443) in font "name:TeX Gyre Termes:mode=no
de;script=cyrl;language=dflt;+liga;+tlig;"!
Missing character: There is no ю (U+044E) in font "name:TeX Gyre Termes:mode=no
de;script=cyrl;language=dflt;+liga;+tlig;"!
Missing character: There is no п (U+043F) in font "name:TeX Gyre Termes:mode=no
de;script=cyrl;language=dflt;+liga;+tlig;"!
Missing character: There is no р (U+0440) in font "name:TeX Gyre Termes:mode=no
de;script=cyrl;language=dflt;+liga;+tlig;"!
Missing character: There is no о (U+043E) in font "name:TeX Gyre Termes:mode=no
de;script=cyrl;language=dflt;+liga;+tlig;"!
Missing character: There is no п (U+043F) in font "name:TeX Gyre Termes:mode=no
de;script=cyrl;language=dflt;+liga;+tlig;"!
Missing character: There is no у (U+0443) in font "name:TeX Gyre Termes:mode=no
de;script=cyrl;language=dflt;+liga;+tlig;"!
Missing character: There is no с (U+0441) in font "name:TeX Gyre Termes:mode=no
de;script=cyrl;language=dflt;+liga;+tlig;"!
Missing character: There is no к (U+043A) in font "name:TeX Gyre Termes:mode=no
de;script=cyrl;language=dflt;+liga;+tlig;"!
Missing character: There is no н (U+043D) in font "name:TeX Gyre Termes:mode=no
de;script=cyrl;language=dflt;+liga;+tlig;"!
Missing character: There is no у (U+0443) in font "name:TeX Gyre Termes:mode=no
de;script=cyrl;language=dflt;+liga;+tlig;"!
Missing character: There is no ю (U+044E) in font "name:TeX Gyre Termes:mode=no
de;script=cyrl;language=dflt;+liga;+tlig;"!
Missing character: There is no с (U+0441) in font "name:TeX Gyre Termes:mode=no
de;script=cyrl;language=dflt;+liga;+tlig;"!
Missing character: There is no п (U+043F) in font "name:TeX Gyre Termes:mode=no
de;script=cyrl;language=dflt;+liga;+tlig;"!
Missing character: There is no о (U+043E) in font "name:TeX Gyre Termes:mode=no
de;script=cyrl;language=dflt;+liga;+tlig;"!
Missing character: There is no с (U+0441) in font "name:TeX Gyre Termes:mode=no
de;script=cyrl;language=dflt;+liga;+tlig;"!
Missing character: There is no о (U+043E) in font "name:TeX Gyre Termes:mode=no
de;script=cyrl;language=dflt;+liga;+tlig;"!
Missing character: There is no б (U+0431) in font "name:TeX Gyre Termes:mode=no
de;script=cyrl;language=dflt;+liga;+tlig;"!
Missing character: There is no н (U+043D) in font "name:TeX Gyre Termes:mode=no
de;script=cyrl;language=dflt;+liga;+tlig;"!
Missing character: There is no о (U+043E) in font "name:TeX Gyre Termes:mode=no
de;script=cyrl;language=dflt;+liga;+tlig;"!
Missing character: There is no с (U+0441) in font "name:TeX Gyre Termes:mode=no
de;script=cyrl;language=dflt;+liga;+tlig;"!
Missing character: There is no т (U+0442) in font "name:TeX Gyre Termes:mode=no
de;script=cyrl;language=dflt;+liga;+tlig;"!
Missing character: There is no ь (U+044C) in font "name:TeX Gyre Termes:mode=no
de;script=cyrl;language=dflt;+liga;+tlig;"!
Missing character: There is no к (U+043A) in font "name:TeX Gyre Termes:mode=no
de;script=cyrl;language=dflt;+liga;+tlig;"!
Missing character: There is no о (U+043E) in font "name:TeX Gyre Termes:mode=no
de;script=cyrl;language=dflt;+liga;+tlig;"!
Missing character: There is no э (U+044D) in font "name:TeX Gyre Termes:mode=no
de;script=cyrl;language=dflt;+liga;+tlig;"!
Missing character: There is no ф (U+0444) in font "name:TeX Gyre Termes:mode=no
de;script=cyrl;language=dflt;+liga;+tlig;"!
Missing character: There is no ф (U+0444) in font "name:TeX Gyre Termes:mode=no
de;script=cyrl;language=dflt;+liga;+tlig;"!
Missing character: There is no и (U+0438) in font "name:TeX Gyre Termes:mode=no
de;script=cyrl;language=dflt;+liga;+tlig;"!
Missing character: There is no ц (U+0446) in font "name:TeX Gyre Termes:mode=no
de;script=cyrl;language=dflt;+liga;+tlig;"!
Missing character: There is no и (U+0438) in font "name:TeX Gyre Termes:mode=no
de;script=cyrl;language=dflt;+liga;+tlig;"!
Missing character: There is no е (U+0435) in font "name:TeX Gyre Termes:mode=no
de;script=cyrl;language=dflt;+liga;+tlig;"!
Missing character: There is no н (U+043D) in font "name:TeX Gyre Termes:mode=no
de;script=cyrl;language=dflt;+liga;+tlig;"!
Missing character: There is no т (U+0442) in font "name:TeX Gyre Termes:mode=no
de;script=cyrl;language=dflt;+liga;+tlig;"!
Missing character: There is no в (U+0432) in font "name:TeX Gyre Termes:mode=no
de;script=cyrl;language=dflt;+liga;+tlig;"!
Missing character: There is no а (U+0430) in font "name:TeX Gyre Termes:mode=no
de;script=cyrl;language=dflt;+liga;+tlig;"!
Missing character: There is no р (U+0440) in font "name:TeX Gyre Termes:mode=no
de;script=cyrl;language=dflt;+liga;+tlig;"!
Missing character: There is no и (U+0438) in font "name:TeX Gyre Termes:mode=no
de;script=cyrl;language=dflt;+liga;+tlig;"!
Missing character: There is no а (U+0430) in font "name:TeX Gyre Termes:mode=no
de;script=cyrl;language=dflt;+liga;+tlig;"!
Missing character: There is no ц (U+0446) in font "name:TeX Gyre Termes:mode=no
de;script=cyrl;language=dflt;+liga;+tlig;"!
Missing character: There is no и (U+0438) in font "name:TeX Gyre Termes:mode=no
de;script=cyrl;language=dflt;+liga;+tlig;"!
Missing character: There is no и (U+0438) in font "name:TeX Gyre Termes:mode=no
de;script=cyrl;language=dflt;+liga;+tlig;"!
Missing character: There is no ц (U+0446) in font "name:TeX Gyre Termes:mode=no
de;script=cyrl;language=dflt;+liga;+tlig;"!
Missing character: There is no е (U+0435) in font "name:TeX Gyre Termes:mode=no
de;script=cyrl;language=dflt;+liga;+tlig;"!
Missing character: There is no н (U+043D) in font "name:TeX Gyre Termes:mode=no
de;script=cyrl;language=dflt;+liga;+tlig;"!
Missing character: There is no о (U+043E) in font "name:TeX Gyre Termes:mode=no
de;script=cyrl;language=dflt;+liga;+tlig;"!
Missing character: There is no й (U+0439) in font "name:TeX Gyre Termes:mode=no
de;script=cyrl;language=dflt;+liga;+tlig;"!
Missing character: There is no н (U+043D) in font "name:TeX Gyre Termes:mode=no
de;script=cyrl;language=dflt;+liga;+tlig;"!
Missing character: There is no а (U+0430) in font "name:TeX Gyre Termes:mode=no
de;script=cyrl;language=dflt;+liga;+tlig;"!
Missing character: There is no и (U+0438) in font "name:TeX Gyre Termes:mode=no
de;script=cyrl;language=dflt;+liga;+tlig;"!
Missing character: There is no б (U+0431) in font "name:TeX Gyre Termes:mode=no
de;script=cyrl;language=dflt;+liga;+tlig;"!
Missing character: There is no о (U+043E) in font "name:TeX Gyre Termes:mode=no
de;script=cyrl;language=dflt;+liga;+tlig;"!
Missing character: There is no л (U+043B) in font "name:TeX Gyre Termes:mode=no
de;script=cyrl;language=dflt;+liga;+tlig;"!
Missing character: There is no ь (U+044C) in font "name:TeX Gyre Termes:mode=no
de;script=cyrl;language=dflt;+liga;+tlig;"!
Missing character: There is no ш (U+0448) in font "name:TeX Gyre Termes:mode=no
de;script=cyrl;language=dflt;+liga;+tlig;"!
Missing character: There is no е (U+0435) in font "name:TeX Gyre Termes:mode=no
de;script=cyrl;language=dflt;+liga;+tlig;"!
Missing character: There is no г (U+0433) in font "name:TeX Gyre Termes:mode=no
de;script=cyrl;language=dflt;+liga;+tlig;"!
Missing character: There is no о (U+043E) in font "name:TeX Gyre Termes:mode=no
de;script=cyrl;language=dflt;+liga;+tlig;"!
Missing character: There is no ч (U+0447) in font "name:TeX Gyre Termes:mode=no
de;script=cyrl;language=dflt;+liga;+tlig;"!
Missing character: There is no и (U+0438) in font "name:TeX Gyre Termes:mode=no
de;script=cyrl;language=dflt;+liga;+tlig;"!
Missing character: There is no с (U+0441) in font "name:TeX Gyre Termes:mode=no
de;script=cyrl;language=dflt;+liga;+tlig;"!
Missing character: There is no л (U+043B) in font "name:TeX Gyre Termes:mode=no
de;script=cyrl;language=dflt;+liga;+tlig;"!
Missing character: There is no а (U+0430) in font "name:TeX Gyre Termes:mode=no
de;script=cyrl;language=dflt;+liga;+tlig;"!
Missing character: There is no с (U+0441) in font "name:TeX Gyre Termes:mode=no
de;script=cyrl;language=dflt;+liga;+tlig;"!
Missing character: There is no б (U+0431) in font "name:TeX Gyre Termes:mode=no
de;script=cyrl;language=dflt;+liga;+tlig;"!
Missing character: There is no р (U+0440) in font "name:TeX Gyre Termes:mode=no
de;script=cyrl;language=dflt;+liga;+tlig;"!
Missing character: There is no о (U+043E) in font "name:TeX Gyre Termes:mode=no
de;script=cyrl;language=dflt;+liga;+tlig;"!
Missing character: There is no с (U+0441) in font "name:TeX Gyre Termes:mode=no
de;script=cyrl;language=dflt;+liga;+tlig;"!
Missing character: There is no о (U+043E) in font "name:TeX Gyre Termes:mode=no
de;script=cyrl;language=dflt;+liga;+tlig;"!
Missing character: There is no в (U+0432) in font "name:TeX Gyre Termes:mode=no
de;script=cyrl;language=dflt;+liga;+tlig;"!
Missing character: There is no п (U+043F) in font "name:TeX Gyre Termes:mode=no
de;script=cyrl;language=dflt;+liga;+tlig;"!
Missing character: There is no а (U+0430) in font "name:TeX Gyre Termes:mode=no
de;script=cyrl;language=dflt;+liga;+tlig;"!
Missing character: There is no к (U+043A) in font "name:TeX Gyre Termes:mode=no
de;script=cyrl;language=dflt;+liga;+tlig;"!
Missing character: There is no е (U+0435) in font "name:TeX Gyre Termes:mode=no
de;script=cyrl;language=dflt;+liga;+tlig;"!
Missing character: There is no т (U+0442) in font "name:TeX Gyre Termes:mode=no
de;script=cyrl;language=dflt;+liga;+tlig;"!
Missing character: There is no о (U+043E) in font "name:TeX Gyre Termes:mode=no
de;script=cyrl;language=dflt;+liga;+tlig;"!
Missing character: There is no в (U+0432) in font "name:TeX Gyre Termes:mode=no
de;script=cyrl;language=dflt;+liga;+tlig;"!
Missing character: There is no м (U+043C) in font "name:TeX Gyre Termes:mode=no
de;script=cyrl;language=dflt;+liga;+tlig;"!
Missing character: There is no и (U+0438) in font "name:TeX Gyre Termes:mode=no
de;script=cyrl;language=dflt;+liga;+tlig;"!
Missing character: There is no н (U+043D) in font "name:TeX Gyre Termes:mode=no
de;script=cyrl;language=dflt;+liga;+tlig;"!
Missing character: There is no и (U+0438) in font "name:TeX Gyre Termes:mode=no
de;script=cyrl;language=dflt;+liga;+tlig;"!
Missing character: There is no м (U+043C) in font "name:TeX Gyre Termes:mode=no
de;script=cyrl;language=dflt;+liga;+tlig;"!
Missing character: There is no и (U+0438) in font "name:TeX Gyre Termes:mode=no
de;script=cyrl;language=dflt;+liga;+tlig;"!
Missing character: There is no з (U+0437) in font "name:TeX Gyre Termes:mode=no
de;script=cyrl;language=dflt;+liga;+tlig;"!
Missing character: There is no и (U+0438) in font "name:TeX Gyre Termes:mode=no
de;script=cyrl;language=dflt;+liga;+tlig;"!
Missing character: There is no р (U+0440) in font "name:TeX Gyre Termes:mode=no
de;script=cyrl;language=dflt;+liga;+tlig;"!
Missing character: There is no о (U+043E) in font "name:TeX Gyre Termes:mode=no
de;script=cyrl;language=dflt;+liga;+tlig;"!
Missing character: There is no в (U+0432) in font "name:TeX Gyre Termes:mode=no
de;script=cyrl;language=dflt;+liga;+tlig;"!
Missing character: There is no а (U+0430) in font "name:TeX Gyre Termes:mode=no
de;script=cyrl;language=dflt;+liga;+tlig;"!
Missing character: There is no л (U+043B) in font "name:TeX Gyre Termes:mode=no
de;script=cyrl;language=dflt;+liga;+tlig;"!
Missing character: There is no с (U+0441) in font "name:TeX Gyre Termes:mode=no
de;script=cyrl;language=dflt;+liga;+tlig;"!
Missing character: There is no б (U+0431) in font "name:TeX Gyre Termes:mode=no
de;script=cyrl;language=dflt;+liga;+tlig;"!
Missing character: There is no р (U+0440) in font "name:TeX Gyre Termes:mode=no
de;script=cyrl;language=dflt;+liga;+tlig;"!
Missing character: There is no о (U+043E) in font "name:TeX Gyre Termes:mode=no
de;script=cyrl;language=dflt;+liga;+tlig;"!
Missing character: There is no с (U+0441) in font "name:TeX Gyre Termes:mode=no
de;script=cyrl;language=dflt;+liga;+tlig;"!
Missing character: There is no ы (U+044B) in font "name:TeX Gyre Termes:mode=no
de;script=cyrl;language=dflt;+liga;+tlig;"!
Missing character: There is no п (U+043F) in font "name:TeX Gyre Termes:mode=no
de;script=cyrl;language=dflt;+liga;+tlig;"!
Missing character: There is no а (U+0430) in font "name:TeX Gyre Termes:mode=no
de;script=cyrl;language=dflt;+liga;+tlig;"!
Missing character: There is no к (U+043A) in font "name:TeX Gyre Termes:mode=no
de;script=cyrl;language=dflt;+liga;+tlig;"!
Missing character: There is no е (U+0435) in font "name:TeX Gyre Termes:mode=no
de;script=cyrl;language=dflt;+liga;+tlig;"!
Missing character: There is no т (U+0442) in font "name:TeX Gyre Termes:mode=no
de;script=cyrl;language=dflt;+liga;+tlig;"!
Missing character: There is no а (U+0430) in font "name:TeX Gyre Termes:mode=no
de;script=cyrl;language=dflt;+liga;+tlig;"!
Missing character: There is no н (U+043D) in font "name:TeX Gyre Termes:mode=no
de;script=cyrl;language=dflt;+liga;+tlig;"!
Missing character: There is no а (U+0430) in font "name:TeX Gyre Termes:mode=no
de;script=cyrl;language=dflt;+liga;+tlig;"!
Missing character: There is no м (U+043C) in font "name:TeX Gyre Termes:mode=no
de;script=cyrl;language=dflt;+liga;+tlig;"!
Missing character: There is no е (U+0435) in font "name:TeX Gyre Termes:mode=no
de;script=cyrl;language=dflt;+liga;+tlig;"!
Missing character: There is no н (U+043D) in font "name:TeX Gyre Termes:mode=no
de;script=cyrl;language=dflt;+liga;+tlig;"!
Missing character: There is no ь (U+044C) in font "name:TeX Gyre Termes:mode=no
de;script=cyrl;language=dflt;+liga;+tlig;"!
Missing character: There is no ш (U+0448) in font "name:TeX Gyre Termes:mode=no
de;script=cyrl;language=dflt;+liga;+tlig;"!
Missing character: There is no е (U+0435) in font "name:TeX Gyre Termes:mode=no
de;script=cyrl;language=dflt;+liga;+tlig;"!
Missing character: There is no н (U+043D) in font "name:TeX Gyre Termes:mode=no
de;script=cyrl;language=dflt;+liga;+tlig;"!
Missing character: There is no о (U+043E) in font "name:TeX Gyre Termes:mode=no
de;script=cyrl;language=dflt;+liga;+tlig;"!
Missing character: There is no п (U+043F) in font "name:TeX Gyre Termes:mode=no
de;script=cyrl;language=dflt;+liga;+tlig;"!
Missing character: There is no о (U+043E) in font "name:TeX Gyre Termes:mode=no
de;script=cyrl;language=dflt;+liga;+tlig;"!
Missing character: There is no р (U+0440) in font "name:TeX Gyre Termes:mode=no
de;script=cyrl;language=dflt;+liga;+tlig;"!
Missing character: There is no о (U+043E) in font "name:TeX Gyre Termes:mode=no
de;script=cyrl;language=dflt;+liga;+tlig;"!
Missing character: There is no д (U+0434) in font "name:TeX Gyre Termes:mode=no
de;script=cyrl;language=dflt;+liga;+tlig;"!
Missing character: There is no и (U+0438) in font "name:TeX Gyre Termes:mode=no
de;script=cyrl;language=dflt;+liga;+tlig;"!
Missing character: There is no л (U+043B) in font "name:TeX Gyre Termes:mode=no
de;script=cyrl;language=dflt;+liga;+tlig;"!
Missing character: There is no н (U+043D) in font "name:TeX Gyre Termes:mode=no
de;script=cyrl;language=dflt;+liga;+tlig;"!
Missing character: There is no а (U+0430) in font "name:TeX Gyre Termes:mode=no
de;script=cyrl;language=dflt;+liga;+tlig;"!
Missing character: There is no и (U+0438) in font "name:TeX Gyre Termes:mode=no
de;script=cyrl;language=dflt;+liga;+tlig;"!
Missing character: There is no б (U+0431) in font "name:TeX Gyre Termes:mode=no
de;script=cyrl;language=dflt;+liga;+tlig;"!
Missing character: There is no о (U+043E) in font "name:TeX Gyre Termes:mode=no
de;script=cyrl;language=dflt;+liga;+tlig;"!
Missing character: There is no л (U+043B) in font "name:TeX Gyre Termes:mode=no
de;script=cyrl;language=dflt;+liga;+tlig;"!
Missing character: There is no ь (U+044C) in font "name:TeX Gyre Termes:mode=no
de;script=cyrl;language=dflt;+liga;+tlig;"!
Missing character: There is no ш (U+0448) in font "name:TeX Gyre Termes:mode=no
de;script=cyrl;language=dflt;+liga;+tlig;"!
Missing character: There is no и (U+0438) in font "name:TeX Gyre Termes:mode=no
de;script=cyrl;language=dflt;+liga;+tlig;"!
Missing character: There is no е (U+0435) in font "name:TeX Gyre Termes:mode=no
de;script=cyrl;language=dflt;+liga;+tlig;"!
Missing character: There is no о (U+043E) in font "name:TeX Gyre Termes:mode=no
de;script=cyrl;language=dflt;+liga;+tlig;"!
Missing character: There is no с (U+0441) in font "name:TeX Gyre Termes:mode=no
de;script=cyrl;language=dflt;+liga;+tlig;"!
Missing character: There is no ц (U+0446) in font "name:TeX Gyre Termes:mode=no
de;script=cyrl;language=dflt;+liga;+tlig;"!
Missing character: There is no и (U+0438) in font "name:TeX Gyre Termes:mode=no
de;script=cyrl;language=dflt;+liga;+tlig;"!
Missing character: There is no л (U+043B) in font "name:TeX Gyre Termes:mode=no
de;script=cyrl;language=dflt;+liga;+tlig;"!
Missing character: There is no л (U+043B) in font "name:TeX Gyre Termes:mode=no
de;script=cyrl;language=dflt;+liga;+tlig;"!
Missing character: There is no я (U+044F) in font "name:TeX Gyre Termes:mode=no
de;script=cyrl;language=dflt;+liga;+tlig;"!
Missing character: There is no ц (U+0446) in font "name:TeX Gyre Termes:mode=no
de;script=cyrl;language=dflt;+liga;+tlig;"!
Missing character: There is no и (U+0438) in font "name:TeX Gyre Termes:mode=no
de;script=cyrl;language=dflt;+liga;+tlig;"!
Missing character: There is no и (U+0438) in font "name:TeX Gyre Termes:mode=no
de;script=cyrl;language=dflt;+liga;+tlig;"!
Missing character: There is no о (U+043E) in font "name:TeX Gyre Termes:mode=no
de;script=cyrl;language=dflt;+liga;+tlig;"!
Missing character: There is no ч (U+0447) in font "name:TeX Gyre Termes:mode=no
de;script=cyrl;language=dflt;+liga;+tlig;"!
Missing character: There is no е (U+0435) in font "name:TeX Gyre Termes:mode=no
de;script=cyrl;language=dflt;+liga;+tlig;"!
Missing character: There is no р (U+0440) in font "name:TeX Gyre Termes:mode=no
de;script=cyrl;language=dflt;+liga;+tlig;"!
Missing character: There is no е (U+0435) in font "name:TeX Gyre Termes:mode=no
de;script=cyrl;language=dflt;+liga;+tlig;"!
Missing character: There is no д (U+0434) in font "name:TeX Gyre Termes:mode=no
de;script=cyrl;language=dflt;+liga;+tlig;"!
Missing character: There is no и (U+0438) in font "name:TeX Gyre Termes:mode=no
de;script=cyrl;language=dflt;+liga;+tlig;"!
Missing character: There is no п (U+043F) in font "name:TeX Gyre Termes:mode=no
de;script=cyrl;language=dflt;+liga;+tlig;"!
Missing character: There is no а (U+0430) in font "name:TeX Gyre Termes:mode=no
de;script=cyrl;language=dflt;+liga;+tlig;"!
Missing character: There is no к (U+043A) in font "name:TeX Gyre Termes:mode=no
de;script=cyrl;language=dflt;+liga;+tlig;"!
Missing character: There is no е (U+0435) in font "name:TeX Gyre Termes:mode=no
de;script=cyrl;language=dflt;+liga;+tlig;"!
Missing character: There is no т (U+0442) in font "name:TeX Gyre Termes:mode=no
de;script=cyrl;language=dflt;+liga;+tlig;"!
Missing character: There is no о (U+043E) in font "name:TeX Gyre Termes:mode=no
de;script=cyrl;language=dflt;+liga;+tlig;"!
Missing character: There is no в (U+0432) in font "name:TeX Gyre Termes:mode=no
de;script=cyrl;language=dflt;+liga;+tlig;"!
Missing character: There is no д (U+0434) in font "name:TeX Gyre Termes:mode=no
de;script=cyrl;language=dflt;+liga;+tlig;"!
Missing character: There is no о (U+043E) in font "name:TeX Gyre Termes:mode=no
de;script=cyrl;language=dflt;+liga;+tlig;"!
Missing character: There is no с (U+0441) in font "name:TeX Gyre Termes:mode=no
de;script=cyrl;language=dflt;+liga;+tlig;"!
Missing character: There is no т (U+0442) in font "name:TeX Gyre Termes:mode=no
de;script=cyrl;language=dflt;+liga;+tlig;"!
Missing character: There is no и (U+0438) in font "name:TeX Gyre Termes:mode=no
de;script=cyrl;language=dflt;+liga;+tlig;"!
Missing character: There is no г (U+0433) in font "name:TeX Gyre Termes:mode=no
de;script=cyrl;language=dflt;+liga;+tlig;"!
Missing character: There is no н (U+043D) in font "name:TeX Gyre Termes:mode=no
de;script=cyrl;language=dflt;+liga;+tlig;"!
Missing character: There is no а (U+0430) in font "name:TeX Gyre Termes:mode=no
de;script=cyrl;language=dflt;+liga;+tlig;"!
Missing character: There is no и (U+0438) in font "name:TeX Gyre Termes:mode=no
de;script=cyrl;language=dflt;+liga;+tlig;"!
Missing character: There is no м (U+043C) in font "name:TeX Gyre Termes:mode=no
de;script=cyrl;language=dflt;+liga;+tlig;"!
Missing character: There is no е (U+0435) in font "name:TeX Gyre Termes:mode=no
de;script=cyrl;language=dflt;+liga;+tlig;"!
Missing character: There is no н (U+043D) in font "name:TeX Gyre Termes:mode=no
de;script=cyrl;language=dflt;+liga;+tlig;"!
Missing character: There is no ь (U+044C) in font "name:TeX Gyre Termes:mode=no
de;script=cyrl;language=dflt;+liga;+tlig;"!
Missing character: There is no ш (U+0448) in font "name:TeX Gyre Termes:mode=no
de;script=cyrl;language=dflt;+liga;+tlig;"!
Missing character: There is no е (U+0435) in font "name:TeX Gyre Termes:mode=no
de;script=cyrl;language=dflt;+liga;+tlig;"!
Missing character: There is no й (U+0439) in font "name:TeX Gyre Termes:mode=no
de;script=cyrl;language=dflt;+liga;+tlig;"!
Missing character: There is no с (U+0441) in font "name:TeX Gyre Termes:mode=no
de;script=cyrl;language=dflt;+liga;+tlig;"!
Missing character: There is no р (U+0440) in font "name:TeX Gyre Termes:mode=no
de;script=cyrl;language=dflt;+liga;+tlig;"!
Missing character: There is no е (U+0435) in font "name:TeX Gyre Termes:mode=no
de;script=cyrl;language=dflt;+liga;+tlig;"!
Missing character: There is no д (U+0434) in font "name:TeX Gyre Termes:mode=no
de;script=cyrl;language=dflt;+liga;+tlig;"!
Missing character: There is no н (U+043D) in font "name:TeX Gyre Termes:mode=no
de;script=cyrl;language=dflt;+liga;+tlig;"!
Missing character: There is no е (U+0435) in font "name:TeX Gyre Termes:mode=no
de;script=cyrl;language=dflt;+liga;+tlig;"!
Missing character: There is no й (U+0439) in font "name:TeX Gyre Termes:mode=no
de;script=cyrl;language=dflt;+liga;+tlig;"!
Missing character: There is no д (U+0434) in font "name:TeX Gyre Termes:mode=no
de;script=cyrl;language=dflt;+liga;+tlig;"!
Missing character: There is no л (U+043B) in font "name:TeX Gyre Termes:mode=no
de;script=cyrl;language=dflt;+liga;+tlig;"!
Missing character: There is no и (U+0438) in font "name:TeX Gyre Termes:mode=no
de;script=cyrl;language=dflt;+liga;+tlig;"!
Missing character: There is no н (U+043D) in font "name:TeX Gyre Termes:mode=no
de;script=cyrl;language=dflt;+liga;+tlig;"!
Missing character: There is no ы (U+044B) in font "name:TeX Gyre Termes:mode=no
de;script=cyrl;language=dflt;+liga;+tlig;"!
Missing character: There is no о (U+043E) in font "name:TeX Gyre Termes:mode=no
de;script=cyrl;language=dflt;+liga;+tlig;"!
Missing character: There is no ч (U+0447) in font "name:TeX Gyre Termes:mode=no
de;script=cyrl;language=dflt;+liga;+tlig;"!
Missing character: There is no е (U+0435) in font "name:TeX Gyre Termes:mode=no
de;script=cyrl;language=dflt;+liga;+tlig;"!
Missing character: There is no р (U+0440) in font "name:TeX Gyre Termes:mode=no
de;script=cyrl;language=dflt;+liga;+tlig;"!
Missing character: There is no е (U+0435) in font "name:TeX Gyre Termes:mode=no
de;script=cyrl;language=dflt;+liga;+tlig;"!
Missing character: There is no д (U+0434) in font "name:TeX Gyre Termes:mode=no
de;script=cyrl;language=dflt;+liga;+tlig;"!
Missing character: There is no и (U+0438) in font "name:TeX Gyre Termes:mode=no
de;script=cyrl;language=dflt;+liga;+tlig;"!
Missing character: There is no п (U+043F) in font "name:TeX Gyre Termes:mode=no
de;script=cyrl;language=dflt;+liga;+tlig;"!
Missing character: There is no а (U+0430) in font "name:TeX Gyre Termes:mode=no
de;script=cyrl;language=dflt;+liga;+tlig;"!
Missing character: There is no к (U+043A) in font "name:TeX Gyre Termes:mode=no
de;script=cyrl;language=dflt;+liga;+tlig;"!
Missing character: There is no е (U+0435) in font "name:TeX Gyre Termes:mode=no
de;script=cyrl;language=dflt;+liga;+tlig;"!
Missing character: There is no т (U+0442) in font "name:TeX Gyre Termes:mode=no
de;script=cyrl;language=dflt;+liga;+tlig;"!
Missing character: There is no а (U+0430) in font "name:TeX Gyre Termes:mode=no
de;script=cyrl;language=dflt;+liga;+tlig;"!
Missing character: There is no п (U+043F) in font "name:TeX Gyre Termes:mode=no
de;script=cyrl;language=dflt;+liga;+tlig;"!
Missing character: There is no р (U+0440) in font "name:TeX Gyre Termes:mode=no
de;script=cyrl;language=dflt;+liga;+tlig;"!
Missing character: There is no и (U+0438) in font "name:TeX Gyre Termes:mode=no
de;script=cyrl;language=dflt;+liga;+tlig;"!
Missing character: There is no н (U+043D) in font "name:TeX Gyre Termes:mode=no
de;script=cyrl;language=dflt;+liga;+tlig;"!
Missing character: There is no а (U+0430) in font "name:TeX Gyre Termes:mode=no
de;script=cyrl;language=dflt;+liga;+tlig;"!
Missing character: There is no и (U+0438) in font "name:TeX Gyre Termes:mode=no
de;script=cyrl;language=dflt;+liga;+tlig;"!
Missing character: There is no б (U+0431) in font "name:TeX Gyre Termes:mode=no
de;script=cyrl;language=dflt;+liga;+tlig;"!
Missing character: There is no о (U+043E) in font "name:TeX Gyre Termes:mode=no
de;script=cyrl;language=dflt;+liga;+tlig;"!
Missing character: There is no л (U+043B) in font "name:TeX Gyre Termes:mode=no
de;script=cyrl;language=dflt;+liga;+tlig;"!
Missing character: There is no ь (U+044C) in font "name:TeX Gyre Termes:mode=no
de;script=cyrl;language=dflt;+liga;+tlig;"!
Missing character: There is no ш (U+0448) in font "name:TeX Gyre Termes:mode=no
de;script=cyrl;language=dflt;+liga;+tlig;"!
Missing character: There is no е (U+0435) in font "name:TeX Gyre Termes:mode=no
de;script=cyrl;language=dflt;+liga;+tlig;"!
Missing character: There is no й (U+0439) in font "name:TeX Gyre Termes:mode=no
de;script=cyrl;language=dflt;+liga;+tlig;"!
Missing character: There is no в (U+0432) in font "name:TeX Gyre Termes:mode=no
de;script=cyrl;language=dflt;+liga;+tlig;"!
Missing character: There is no а (U+0430) in font "name:TeX Gyre Termes:mode=no
de;script=cyrl;language=dflt;+liga;+tlig;"!
Missing character: There is no р (U+0440) in font "name:TeX Gyre Termes:mode=no
de;script=cyrl;language=dflt;+liga;+tlig;"!
Missing character: There is no и (U+0438) in font "name:TeX Gyre Termes:mode=no
de;script=cyrl;language=dflt;+liga;+tlig;"!
Missing character: There is no а (U+0430) in font "name:TeX Gyre Termes:mode=no
de;script=cyrl;language=dflt;+liga;+tlig;"!
Missing character: There is no б (U+0431) in font "name:TeX Gyre Termes:mode=no
de;script=cyrl;language=dflt;+liga;+tlig;"!
Missing character: There is no е (U+0435) in font "name:TeX Gyre Termes:mode=no
de;script=cyrl;language=dflt;+liga;+tlig;"!
Missing character: There is no л (U+043B) in font "name:TeX Gyre Termes:mode=no
de;script=cyrl;language=dflt;+liga;+tlig;"!
Missing character: There is no ь (U+044C) in font "name:TeX Gyre Termes:mode=no
de;script=cyrl;language=dflt;+liga;+tlig;"!
Missing character: There is no н (U+043D) in font "name:TeX Gyre Termes:mode=no
de;script=cyrl;language=dflt;+liga;+tlig;"!
Missing character: There is no о (U+043E) in font "name:TeX Gyre Termes:mode=no
de;script=cyrl;language=dflt;+liga;+tlig;"!
Missing character: There is no с (U+0441) in font "name:TeX Gyre Termes:mode=no
de;script=cyrl;language=dflt;+liga;+tlig;"!
Missing character: There is no т (U+0442) in font "name:TeX Gyre Termes:mode=no
de;script=cyrl;language=dflt;+liga;+tlig;"!
Missing character: There is no и (U+0438) in font "name:TeX Gyre Termes:mode=no
de;script=cyrl;language=dflt;+liga;+tlig;"!
Missing character: There is no п (U+043F) in font "name:TeX Gyre Termes:mode=no
de;script=cyrl;language=dflt;+liga;+tlig;"!
Missing character: There is no р (U+0440) in font "name:TeX Gyre Termes:mode=no
de;script=cyrl;language=dflt;+liga;+tlig;"!
Missing character: There is no о (U+043E) in font "name:TeX Gyre Termes:mode=no
de;script=cyrl;language=dflt;+liga;+tlig;"!
Missing character: There is no п (U+043F) in font "name:TeX Gyre Termes:mode=no
de;script=cyrl;language=dflt;+liga;+tlig;"!
Missing character: There is no у (U+0443) in font "name:TeX Gyre Termes:mode=no
de;script=cyrl;language=dflt;+liga;+tlig;"!
Missing character: There is no с (U+0441) in font "name:TeX Gyre Termes:mode=no
de;script=cyrl;language=dflt;+liga;+tlig;"!
Missing character: There is no к (U+043A) in font "name:TeX Gyre Termes:mode=no
de;script=cyrl;language=dflt;+liga;+tlig;"!
Missing character: There is no н (U+043D) in font "name:TeX Gyre Termes:mode=no
de;script=cyrl;language=dflt;+liga;+tlig;"!
Missing character: There is no о (U+043E) in font "name:TeX Gyre Termes:mode=no
de;script=cyrl;language=dflt;+liga;+tlig;"!
Missing character: There is no й (U+0439) in font "name:TeX Gyre Termes:mode=no
de;script=cyrl;language=dflt;+liga;+tlig;"!
Missing character: There is no с (U+0441) in font "name:TeX Gyre Termes:mode=no
de;script=cyrl;language=dflt;+liga;+tlig;"!
Missing character: There is no п (U+043F) in font "name:TeX Gyre Termes:mode=no
de;script=cyrl;language=dflt;+liga;+tlig;"!
Missing character: There is no о (U+043E) in font "name:TeX Gyre Termes:mode=no
de;script=cyrl;language=dflt;+liga;+tlig;"!
Missing character: There is no с (U+0441) in font "name:TeX Gyre Termes:mode=no
de;script=cyrl;language=dflt;+liga;+tlig;"!
Missing character: There is no о (U+043E) in font "name:TeX Gyre Termes:mode=no
de;script=cyrl;language=dflt;+liga;+tlig;"!
Missing character: There is no б (U+0431) in font "name:TeX Gyre Termes:mode=no
de;script=cyrl;language=dflt;+liga;+tlig;"!
Missing character: There is no н (U+043D) in font "name:TeX Gyre Termes:mode=no
de;script=cyrl;language=dflt;+liga;+tlig;"!
Missing character: There is no о (U+043E) in font "name:TeX Gyre Termes:mode=no
de;script=cyrl;language=dflt;+liga;+tlig;"!
Missing character: There is no с (U+0441) in font "name:TeX Gyre Termes:mode=no
de;script=cyrl;language=dflt;+liga;+tlig;"!
Missing character: There is no т (U+0442) in font "name:TeX Gyre Termes:mode=no
de;script=cyrl;language=dflt;+liga;+tlig;"!
Missing character: There is no и (U+0438) in font "name:TeX Gyre Termes:mode=no
de;script=cyrl;language=dflt;+liga;+tlig;"!
Missing character: There is no к (U+043A) in font "name:TeX Gyre Termes:mode=no
de;script=cyrl;language=dflt;+liga;+tlig;"!
Missing character: There is no о (U+043E) in font "name:TeX Gyre Termes:mode=no
de;script=cyrl;language=dflt;+liga;+tlig;"!
Missing character: There is no э (U+044D) in font "name:TeX Gyre Termes:mode=no
de;script=cyrl;language=dflt;+liga;+tlig;"!
Missing character: There is no ф (U+0444) in font "name:TeX Gyre Termes:mode=no
de;script=cyrl;language=dflt;+liga;+tlig;"!
Missing character: There is no ф (U+0444) in font "name:TeX Gyre Termes:mode=no
de;script=cyrl;language=dflt;+liga;+tlig;"!
Missing character: There is no и (U+0438) in font "name:TeX Gyre Termes:mode=no
de;script=cyrl;language=dflt;+liga;+tlig;"!
Missing character: There is no ц (U+0446) in font "name:TeX Gyre Termes:mode=no
de;script=cyrl;language=dflt;+liga;+tlig;"!
Missing character: There is no и (U+0438) in font "name:TeX Gyre Termes:mode=no
de;script=cyrl;language=dflt;+liga;+tlig;"!
Missing character: There is no е (U+0435) in font "name:TeX Gyre Termes:mode=no
de;script=cyrl;language=dflt;+liga;+tlig;"!
Missing character: There is no н (U+043D) in font "name:TeX Gyre Termes:mode=no
de;script=cyrl;language=dflt;+liga;+tlig;"!
Missing character: There is no т (U+0442) in font "name:TeX Gyre Termes:mode=no
de;script=cyrl;language=dflt;+liga;+tlig;"!
Missing character: There is no в (U+0432) in font "name:TeX Gyre Termes:mode=no
de;script=cyrl;language=dflt;+liga;+tlig;"!
Missing character: There is no а (U+0430) in font "name:TeX Gyre Termes:mode=no
de;script=cyrl;language=dflt;+liga;+tlig;"!
Missing character: There is no р (U+0440) in font "name:TeX Gyre Termes:mode=no
de;script=cyrl;language=dflt;+liga;+tlig;"!
Missing character: There is no и (U+0438) in font "name:TeX Gyre Termes:mode=no
de;script=cyrl;language=dflt;+liga;+tlig;"!
Missing character: There is no а (U+0430) in font "name:TeX Gyre Termes:mode=no
de;script=cyrl;language=dflt;+liga;+tlig;"!
Missing character: There is no ц (U+0446) in font "name:TeX Gyre Termes:mode=no
de;script=cyrl;language=dflt;+liga;+tlig;"!
Missing character: There is no и (U+0438) in font "name:TeX Gyre Termes:mode=no
de;script=cyrl;language=dflt;+liga;+tlig;"!
Missing character: There is no и (U+0438) in font "name:TeX Gyre Termes:mode=no
de;script=cyrl;language=dflt;+liga;+tlig;"!
Missing character: There is no В (U+0412) in font "name:TeX Gyre Termes/B:mode=
node;script=cyrl;language=dflt;+liga;+tlig;"!
Missing character: There is no ы (U+044B) in font "name:TeX Gyre Termes/B:mode=
node;script=cyrl;language=dflt;+liga;+tlig;"!
Missing character: There is no в (U+0432) in font "name:TeX Gyre Termes/B:mode=
node;script=cyrl;language=dflt;+liga;+tlig;"!
Missing character: There is no о (U+043E) in font "name:TeX Gyre Termes/B:mode=
node;script=cyrl;language=dflt;+liga;+tlig;"!
Missing character: There is no д (U+0434) in font "name:TeX Gyre Termes/B:mode=
node;script=cyrl;language=dflt;+liga;+tlig;"!
Missing character: There is no ы (U+044B) in font "name:TeX Gyre Termes/B:mode=
node;script=cyrl;language=dflt;+liga;+tlig;"!
Missing character: There is no У (U+0423) in font "name:TeX Gyre Termes:mode=no
de;script=cyrl;language=dflt;+liga;+tlig;"!
Missing character: There is no н (U+043D) in font "name:TeX Gyre Termes:mode=no
de;script=cyrl;language=dflt;+liga;+tlig;"!
Missing character: There is no и (U+0438) in font "name:TeX Gyre Termes:mode=no
de;script=cyrl;language=dflt;+liga;+tlig;"!
Missing character: There is no в (U+0432) in font "name:TeX Gyre Termes:mode=no
de;script=cyrl;language=dflt;+liga;+tlig;"!
Missing character: There is no е (U+0435) in font "name:TeX Gyre Termes:mode=no
de;script=cyrl;language=dflt;+liga;+tlig;"!
Missing character: There is no р (U+0440) in font "name:TeX Gyre Termes:mode=no
de;script=cyrl;language=dflt;+liga;+tlig;"!
Missing character: There is no с (U+0441) in font "name:TeX Gyre Termes:mode=no
de;script=cyrl;language=dflt;+liga;+tlig;"!
Missing character: There is no а (U+0430) in font "name:TeX Gyre Termes:mode=no
de;script=cyrl;language=dflt;+liga;+tlig;"!
Missing character: There is no л (U+043B) in font "name:TeX Gyre Termes:mode=no
de;script=cyrl;language=dflt;+liga;+tlig;"!
Missing character: There is no ь (U+044C) in font "name:TeX Gyre Termes:mode=no
de;script=cyrl;language=dflt;+liga;+tlig;"!
Missing character: There is no н (U+043D) in font "name:TeX Gyre Termes:mode=no
de;script=cyrl;language=dflt;+liga;+tlig;"!
Missing character: There is no о (U+043E) in font "name:TeX Gyre Termes:mode=no
de;script=cyrl;language=dflt;+liga;+tlig;"!
Missing character: There is no о (U+043E) in font "name:TeX Gyre Termes:mode=no
de;script=cyrl;language=dflt;+liga;+tlig;"!
Missing character: There is no п (U+043F) in font "name:TeX Gyre Termes:mode=no
de;script=cyrl;language=dflt;+liga;+tlig;"!
Missing character: There is no т (U+0442) in font "name:TeX Gyre Termes:mode=no
de;script=cyrl;language=dflt;+liga;+tlig;"!
Missing character: There is no и (U+0438) in font "name:TeX Gyre Termes:mode=no
de;script=cyrl;language=dflt;+liga;+tlig;"!
Missing character: There is no м (U+043C) in font "name:TeX Gyre Termes:mode=no
de;script=cyrl;language=dflt;+liga;+tlig;"!
Missing character: There is no а (U+0430) in font "name:TeX Gyre Termes:mode=no
de;script=cyrl;language=dflt;+liga;+tlig;"!
Missing character: There is no л (U+043B) in font "name:TeX Gyre Termes:mode=no
de;script=cyrl;language=dflt;+liga;+tlig;"!
Missing character: There is no ь (U+044C) in font "name:TeX Gyre Termes:mode=no
de;script=cyrl;language=dflt;+liga;+tlig;"!
Missing character: There is no н (U+043D) in font "name:TeX Gyre Termes:mode=no
de;script=cyrl;language=dflt;+liga;+tlig;"!
Missing character: There is no о (U+043E) in font "name:TeX Gyre Termes:mode=no
de;script=cyrl;language=dflt;+liga;+tlig;"!
Missing character: There is no г (U+0433) in font "name:TeX Gyre Termes:mode=no
de;script=cyrl;language=dflt;+liga;+tlig;"!
Missing character: There is no о (U+043E) in font "name:TeX Gyre Termes:mode=no
de;script=cyrl;language=dflt;+liga;+tlig;"!
Missing character: There is no а (U+0430) in font "name:TeX Gyre Termes:mode=no
de;script=cyrl;language=dflt;+liga;+tlig;"!
Missing character: There is no л (U+043B) in font "name:TeX Gyre Termes:mode=no
de;script=cyrl;language=dflt;+liga;+tlig;"!
Missing character: There is no г (U+0433) in font "name:TeX Gyre Termes:mode=no
de;script=cyrl;language=dflt;+liga;+tlig;"!
Missing character: There is no о (U+043E) in font "name:TeX Gyre Termes:mode=no
de;script=cyrl;language=dflt;+liga;+tlig;"!
Missing character: There is no р (U+0440) in font "name:TeX Gyre Termes:mode=no
de;script=cyrl;language=dflt;+liga;+tlig;"!
Missing character: There is no и (U+0438) in font "name:TeX Gyre Termes:mode=no
de;script=cyrl;language=dflt;+liga;+tlig;"!
Missing character: There is no т (U+0442) in font "name:TeX Gyre Termes:mode=no
de;script=cyrl;language=dflt;+liga;+tlig;"!
Missing character: There is no м (U+043C) in font "name:TeX Gyre Termes:mode=no
de;script=cyrl;language=dflt;+liga;+tlig;"!
Missing character: There is no а (U+0430) in font "name:TeX Gyre Termes:mode=no
de;script=cyrl;language=dflt;+liga;+tlig;"!
Missing character: There is no н (U+043D) in font "name:TeX Gyre Termes:mode=no
de;script=cyrl;language=dflt;+liga;+tlig;"!
Missing character: There is no е (U+0435) in font "name:TeX Gyre Termes:mode=no
de;script=cyrl;language=dflt;+liga;+tlig;"!
Missing character: There is no с (U+0441) in font "name:TeX Gyre Termes:mode=no
de;script=cyrl;language=dflt;+liga;+tlig;"!
Missing character: There is no у (U+0443) in font "name:TeX Gyre Termes:mode=no
de;script=cyrl;language=dflt;+liga;+tlig;"!
Missing character: There is no щ (U+0449) in font "name:TeX Gyre Termes:mode=no
de;script=cyrl;language=dflt;+liga;+tlig;"!
Missing character: There is no е (U+0435) in font "name:TeX Gyre Termes:mode=no
de;script=cyrl;language=dflt;+liga;+tlig;"!
Missing character: There is no с (U+0441) in font "name:TeX Gyre Termes:mode=no
de;script=cyrl;language=dflt;+liga;+tlig;"!
Missing character: There is no т (U+0442) in font "name:TeX Gyre Termes:mode=no
de;script=cyrl;language=dflt;+liga;+tlig;"!
Missing character: There is no в (U+0432) in font "name:TeX Gyre Termes:mode=no
de;script=cyrl;language=dflt;+liga;+tlig;"!
Missing character: There is no у (U+0443) in font "name:TeX Gyre Termes:mode=no
de;script=cyrl;language=dflt;+liga;+tlig;"!
Missing character: There is no е (U+0435) in font "name:TeX Gyre Termes:mode=no
de;script=cyrl;language=dflt;+liga;+tlig;"!
Missing character: There is no т (U+0442) in font "name:TeX Gyre Termes:mode=no
de;script=cyrl;language=dflt;+liga;+tlig;"!
Missing character: There is no в (U+0432) in font "name:TeX Gyre Termes:mode=no
de;script=cyrl;language=dflt;+liga;+tlig;"!
Missing character: There is no ы (U+044B) in font "name:TeX Gyre Termes:mode=no
de;script=cyrl;language=dflt;+liga;+tlig;"!
Missing character: There is no б (U+0431) in font "name:TeX Gyre Termes:mode=no
de;script=cyrl;language=dflt;+liga;+tlig;"!
Missing character: There is no о (U+043E) in font "name:TeX Gyre Termes:mode=no
de;script=cyrl;language=dflt;+liga;+tlig;"!
Missing character: There is no р (U+0440) in font "name:TeX Gyre Termes:mode=no
de;script=cyrl;language=dflt;+liga;+tlig;"!
Missing character: There is no о (U+043E) in font "name:TeX Gyre Termes:mode=no
de;script=cyrl;language=dflt;+liga;+tlig;"!
Missing character: There is no п (U+043F) in font "name:TeX Gyre Termes:mode=no
de;script=cyrl;language=dflt;+liga;+tlig;"!
Missing character: There is no р (U+0440) in font "name:TeX Gyre Termes:mode=no
de;script=cyrl;language=dflt;+liga;+tlig;"!
Missing character: There is no е (U+0435) in font "name:TeX Gyre Termes:mode=no
de;script=cyrl;language=dflt;+liga;+tlig;"!
Missing character: There is no д (U+0434) in font "name:TeX Gyre Termes:mode=no
de;script=cyrl;language=dflt;+liga;+tlig;"!
Missing character: There is no е (U+0435) in font "name:TeX Gyre Termes:mode=no
de;script=cyrl;language=dflt;+liga;+tlig;"!
Missing character: There is no л (U+043B) in font "name:TeX Gyre Termes:mode=no
de;script=cyrl;language=dflt;+liga;+tlig;"!
Missing character: There is no я (U+044F) in font "name:TeX Gyre Termes:mode=no
de;script=cyrl;language=dflt;+liga;+tlig;"!
Missing character: There is no е (U+0435) in font "name:TeX Gyre Termes:mode=no
de;script=cyrl;language=dflt;+liga;+tlig;"!
Missing character: There is no т (U+0442) in font "name:TeX Gyre Termes:mode=no
de;script=cyrl;language=dflt;+liga;+tlig;"!
Missing character: There is no с (U+0441) in font "name:TeX Gyre Termes:mode=no
de;script=cyrl;language=dflt;+liga;+tlig;"!
Missing character: There is no я (U+044F) in font "name:TeX Gyre Termes:mode=no
de;script=cyrl;language=dflt;+liga;+tlig;"!
Missing character: There is no п (U+043F) in font "name:TeX Gyre Termes:mode=no
de;script=cyrl;language=dflt;+liga;+tlig;"!
Missing character: There is no р (U+0440) in font "name:TeX Gyre Termes:mode=no
de;script=cyrl;language=dflt;+liga;+tlig;"!
Missing character: There is no и (U+0438) in font "name:TeX Gyre Termes:mode=no
de;script=cyrl;language=dflt;+liga;+tlig;"!
Missing character: There is no о (U+043E) in font "name:TeX Gyre Termes:mode=no
de;script=cyrl;language=dflt;+liga;+tlig;"!
Missing character: There is no р (U+0440) in font "name:TeX Gyre Termes:mode=no
de;script=cyrl;language=dflt;+liga;+tlig;"!
Missing character: There is no и (U+0438) in font "name:TeX Gyre Termes:mode=no
de;script=cyrl;language=dflt;+liga;+tlig;"!
Missing character: There is no т (U+0442) in font "name:TeX Gyre Termes:mode=no
de;script=cyrl;language=dflt;+liga;+tlig;"!
Missing character: There is no е (U+0435) in font "name:TeX Gyre Termes:mode=no
de;script=cyrl;language=dflt;+liga;+tlig;"!
Missing character: There is no т (U+0442) in font "name:TeX Gyre Termes:mode=no
de;script=cyrl;language=dflt;+liga;+tlig;"!
Missing character: There is no а (U+0430) in font "name:TeX Gyre Termes:mode=no
de;script=cyrl;language=dflt;+liga;+tlig;"!
Missing character: There is no м (U+043C) in font "name:TeX Gyre Termes:mode=no
de;script=cyrl;language=dflt;+liga;+tlig;"!
Missing character: There is no и (U+0438) in font "name:TeX Gyre Termes:mode=no
de;script=cyrl;language=dflt;+liga;+tlig;"!
Missing character: There is no с (U+0441) in font "name:TeX Gyre Termes:mode=no
de;script=cyrl;language=dflt;+liga;+tlig;"!
Missing character: There is no ц (U+0446) in font "name:TeX Gyre Termes:mode=no
de;script=cyrl;language=dflt;+liga;+tlig;"!
Missing character: There is no е (U+0435) in font "name:TeX Gyre Termes:mode=no
de;script=cyrl;language=dflt;+liga;+tlig;"!
Missing character: There is no н (U+043D) in font "name:TeX Gyre Termes:mode=no
de;script=cyrl;language=dflt;+liga;+tlig;"!
Missing character: There is no а (U+0430) in font "name:TeX Gyre Termes:mode=no
de;script=cyrl;language=dflt;+liga;+tlig;"!
Missing character: There is no р (U+0440) in font "name:TeX Gyre Termes:mode=no
de;script=cyrl;language=dflt;+liga;+tlig;"!
Missing character: There is no и (U+0438) in font "name:TeX Gyre Termes:mode=no
de;script=cyrl;language=dflt;+liga;+tlig;"!
Missing character: There is no я (U+044F) in font "name:TeX Gyre Termes:mode=no
de;script=cyrl;language=dflt;+liga;+tlig;"!
Missing character: There is no д (U+0434) in font "name:TeX Gyre Termes:mode=no
de;script=cyrl;language=dflt;+liga;+tlig;"!
Missing character: There is no л (U+043B) in font "name:TeX Gyre Termes:mode=no
de;script=cyrl;language=dflt;+liga;+tlig;"!
Missing character: There is no я (U+044F) in font "name:TeX Gyre Termes:mode=no
de;script=cyrl;language=dflt;+liga;+tlig;"!
Missing character: There is no м (U+043C) in font "name:TeX Gyre Termes:mode=no
de;script=cyrl;language=dflt;+liga;+tlig;"!
Missing character: There is no и (U+0438) in font "name:TeX Gyre Termes:mode=no
de;script=cyrl;language=dflt;+liga;+tlig;"!
Missing character: There is no н (U+043D) in font "name:TeX Gyre Termes:mode=no
de;script=cyrl;language=dflt;+liga;+tlig;"!
Missing character: There is no и (U+0438) in font "name:TeX Gyre Termes:mode=no
de;script=cyrl;language=dflt;+liga;+tlig;"!
Missing character: There is no м (U+043C) in font "name:TeX Gyre Termes:mode=no
de;script=cyrl;language=dflt;+liga;+tlig;"!
Missing character: There is no а (U+0430) in font "name:TeX Gyre Termes:mode=no
de;script=cyrl;language=dflt;+liga;+tlig;"!
Missing character: There is no л (U+043B) in font "name:TeX Gyre Termes:mode=no
de;script=cyrl;language=dflt;+liga;+tlig;"!
Missing character: There is no ь (U+044C) in font "name:TeX Gyre Termes:mode=no
de;script=cyrl;language=dflt;+liga;+tlig;"!
Missing character: There is no н (U+043D) in font "name:TeX Gyre Termes:mode=no
de;script=cyrl;language=dflt;+liga;+tlig;"!
Missing character: There is no о (U+043E) in font "name:TeX Gyre Termes:mode=no
de;script=cyrl;language=dflt;+liga;+tlig;"!
Missing character: There is no й (U+0439) in font "name:TeX Gyre Termes:mode=no
de;script=cyrl;language=dflt;+liga;+tlig;"!
Missing character: There is no з (U+0437) in font "name:TeX Gyre Termes:mode=no
de;script=cyrl;language=dflt;+liga;+tlig;"!
Missing character: There is no а (U+0430) in font "name:TeX Gyre Termes:mode=no
de;script=cyrl;language=dflt;+liga;+tlig;"!
Missing character: There is no д (U+0434) in font "name:TeX Gyre Termes:mode=no
de;script=cyrl;language=dflt;+liga;+tlig;"!
Missing character: There is no е (U+0435) in font "name:TeX Gyre Termes:mode=no
de;script=cyrl;language=dflt;+liga;+tlig;"!
Missing character: There is no р (U+0440) in font "name:TeX Gyre Termes:mode=no
de;script=cyrl;language=dflt;+liga;+tlig;"!
Missing character: There is no ж (U+0436) in font "name:TeX Gyre Termes:mode=no
de;script=cyrl;language=dflt;+liga;+tlig;"!
Missing character: There is no к (U+043A) in font "name:TeX Gyre Termes:mode=no
de;script=cyrl;language=dflt;+liga;+tlig;"!
Missing character: There is no и (U+0438) in font "name:TeX Gyre Termes:mode=no
de;script=cyrl;language=dflt;+liga;+tlig;"!
Missing character: There is no д (U+0434) in font "name:TeX Gyre Termes:mode=no
de;script=cyrl;language=dflt;+liga;+tlig;"!
Missing character: There is no л (U+043B) in font "name:TeX Gyre Termes:mode=no
de;script=cyrl;language=dflt;+liga;+tlig;"!
Missing character: There is no я (U+044F) in font "name:TeX Gyre Termes:mode=no
de;script=cyrl;language=dflt;+liga;+tlig;"!
Missing character: There is no м (U+043C) in font "name:TeX Gyre Termes:mode=no
de;script=cyrl;language=dflt;+liga;+tlig;"!
Missing character: There is no и (U+0438) in font "name:TeX Gyre Termes:mode=no
de;script=cyrl;language=dflt;+liga;+tlig;"!
Missing character: There is no н (U+043D) in font "name:TeX Gyre Termes:mode=no
de;script=cyrl;language=dflt;+liga;+tlig;"!
Missing character: There is no и (U+0438) in font "name:TeX Gyre Termes:mode=no
de;script=cyrl;language=dflt;+liga;+tlig;"!
Missing character: There is no м (U+043C) in font "name:TeX Gyre Termes:mode=no
de;script=cyrl;language=dflt;+liga;+tlig;"!
Missing character: There is no а (U+0430) in font "name:TeX Gyre Termes:mode=no
de;script=cyrl;language=dflt;+liga;+tlig;"!
Missing character: There is no л (U+043B) in font "name:TeX Gyre Termes:mode=no
de;script=cyrl;language=dflt;+liga;+tlig;"!
Missing character: There is no ь (U+044C) in font "name:TeX Gyre Termes:mode=no
de;script=cyrl;language=dflt;+liga;+tlig;"!
Missing character: There is no н (U+043D) in font "name:TeX Gyre Termes:mode=no
de;script=cyrl;language=dflt;+liga;+tlig;"!
Missing character: There is no ы (U+044B) in font "name:TeX Gyre Termes:mode=no
de;script=cyrl;language=dflt;+liga;+tlig;"!
Missing character: There is no х (U+0445) in font "name:TeX Gyre Termes:mode=no
de;script=cyrl;language=dflt;+liga;+tlig;"!
Missing character: There is no п (U+043F) in font "name:TeX Gyre Termes:mode=no
de;script=cyrl;language=dflt;+liga;+tlig;"!
Missing character: There is no о (U+043E) in font "name:TeX Gyre Termes:mode=no
de;script=cyrl;language=dflt;+liga;+tlig;"!
Missing character: There is no т (U+0442) in font "name:TeX Gyre Termes:mode=no
de;script=cyrl;language=dflt;+liga;+tlig;"!
Missing character: There is no е (U+0435) in font "name:TeX Gyre Termes:mode=no
de;script=cyrl;language=dflt;+liga;+tlig;"!
Missing character: There is no р (U+0440) in font "name:TeX Gyre Termes:mode=no
de;script=cyrl;language=dflt;+liga;+tlig;"!
Missing character: There is no ь (U+044C) in font "name:TeX Gyre Termes:mode=no
de;script=cyrl;language=dflt;+liga;+tlig;"!
Missing character: There is no п (U+043F) in font "name:TeX Gyre Termes:mode=no
de;script=cyrl;language=dflt;+liga;+tlig;"!
Missing character: There is no а (U+0430) in font "name:TeX Gyre Termes:mode=no
de;script=cyrl;language=dflt;+liga;+tlig;"!
Missing character: There is no к (U+043A) in font "name:TeX Gyre Termes:mode=no
de;script=cyrl;language=dflt;+liga;+tlig;"!
Missing character: There is no е (U+0435) in font "name:TeX Gyre Termes:mode=no
de;script=cyrl;language=dflt;+liga;+tlig;"!
Missing character: There is no т (U+0442) in font "name:TeX Gyre Termes:mode=no
de;script=cyrl;language=dflt;+liga;+tlig;"!
Missing character: There is no о (U+043E) in font "name:TeX Gyre Termes:mode=no
de;script=cyrl;language=dflt;+liga;+tlig;"!
Missing character: There is no в (U+0432) in font "name:TeX Gyre Termes:mode=no
de;script=cyrl;language=dflt;+liga;+tlig;"!
Missing character: There is no д (U+0434) in font "name:TeX Gyre Termes:mode=no
de;script=cyrl;language=dflt;+liga;+tlig;"!
Missing character: There is no л (U+043B) in font "name:TeX Gyre Termes:mode=no
de;script=cyrl;language=dflt;+liga;+tlig;"!
Missing character: There is no я (U+044F) in font "name:TeX Gyre Termes:mode=no
de;script=cyrl;language=dflt;+liga;+tlig;"!
Missing character: There is no м (U+043C) in font "name:TeX Gyre Termes:mode=no
de;script=cyrl;language=dflt;+liga;+tlig;"!
Missing character: There is no а (U+0430) in font "name:TeX Gyre Termes:mode=no
de;script=cyrl;language=dflt;+liga;+tlig;"!
Missing character: There is no к (U+043A) in font "name:TeX Gyre Termes:mode=no
de;script=cyrl;language=dflt;+liga;+tlig;"!
Missing character: There is no с (U+0441) in font "name:TeX Gyre Termes:mode=no
de;script=cyrl;language=dflt;+liga;+tlig;"!
Missing character: There is no и (U+0438) in font "name:TeX Gyre Termes:mode=no
de;script=cyrl;language=dflt;+liga;+tlig;"!
Missing character: There is no м (U+043C) in font "name:TeX Gyre Termes:mode=no
de;script=cyrl;language=dflt;+liga;+tlig;"!
Missing character: There is no а (U+0430) in font "name:TeX Gyre Termes:mode=no
de;script=cyrl;language=dflt;+liga;+tlig;"!
Missing character: There is no л (U+043B) in font "name:TeX Gyre Termes:mode=no
de;script=cyrl;language=dflt;+liga;+tlig;"!
Missing character: There is no ь (U+044C) in font "name:TeX Gyre Termes:mode=no
de;script=cyrl;language=dflt;+liga;+tlig;"!
Missing character: There is no н (U+043D) in font "name:TeX Gyre Termes:mode=no
de;script=cyrl;language=dflt;+liga;+tlig;"!
Missing character: There is no о (U+043E) in font "name:TeX Gyre Termes:mode=no
de;script=cyrl;language=dflt;+liga;+tlig;"!
Missing character: There is no й (U+0439) in font "name:TeX Gyre Termes:mode=no
de;script=cyrl;language=dflt;+liga;+tlig;"!
Missing character: There is no п (U+043F) in font "name:TeX Gyre Termes:mode=no
de;script=cyrl;language=dflt;+liga;+tlig;"!
Missing character: There is no р (U+0440) in font "name:TeX Gyre Termes:mode=no
de;script=cyrl;language=dflt;+liga;+tlig;"!
Missing character: There is no е (U+0435) in font "name:TeX Gyre Termes:mode=no
de;script=cyrl;language=dflt;+liga;+tlig;"!
Missing character: There is no д (U+0434) in font "name:TeX Gyre Termes:mode=no
de;script=cyrl;language=dflt;+liga;+tlig;"!
Missing character: There is no с (U+0441) in font "name:TeX Gyre Termes:mode=no
de;script=cyrl;language=dflt;+liga;+tlig;"!
Missing character: There is no к (U+043A) in font "name:TeX Gyre Termes:mode=no
de;script=cyrl;language=dflt;+liga;+tlig;"!
Missing character: There is no а (U+0430) in font "name:TeX Gyre Termes:mode=no
de;script=cyrl;language=dflt;+liga;+tlig;"!
Missing character: There is no з (U+0437) in font "name:TeX Gyre Termes:mode=no
de;script=cyrl;language=dflt;+liga;+tlig;"!
Missing character: There is no у (U+0443) in font "name:TeX Gyre Termes:mode=no
de;script=cyrl;language=dflt;+liga;+tlig;"!
Missing character: There is no е (U+0435) in font "name:TeX Gyre Termes:mode=no
de;script=cyrl;language=dflt;+liga;+tlig;"!
Missing character: There is no м (U+043C) in font "name:TeX Gyre Termes:mode=no
de;script=cyrl;language=dflt;+liga;+tlig;"!
Missing character: There is no о (U+043E) in font "name:TeX Gyre Termes:mode=no
de;script=cyrl;language=dflt;+liga;+tlig;"!
Missing character: There is no с (U+0441) in font "name:TeX Gyre Termes:mode=no
de;script=cyrl;language=dflt;+liga;+tlig;"!
Missing character: There is no т (U+0442) in font "name:TeX Gyre Termes:mode=no
de;script=cyrl;language=dflt;+liga;+tlig;"!
Missing character: There is no и (U+0438) in font "name:TeX Gyre Termes:mode=no
de;script=cyrl;language=dflt;+liga;+tlig;"!
Missing character: There is no п (U+043F) in font "name:TeX Gyre Termes:mode=no
de;script=cyrl;language=dflt;+liga;+tlig;"!
Missing character: There is no р (U+0440) in font "name:TeX Gyre Termes:mode=no
de;script=cyrl;language=dflt;+liga;+tlig;"!
Missing character: There is no о (U+043E) in font "name:TeX Gyre Termes:mode=no
de;script=cyrl;language=dflt;+liga;+tlig;"!
Missing character: There is no п (U+043F) in font "name:TeX Gyre Termes:mode=no
de;script=cyrl;language=dflt;+liga;+tlig;"!
Missing character: There is no у (U+0443) in font "name:TeX Gyre Termes:mode=no
de;script=cyrl;language=dflt;+liga;+tlig;"!
Missing character: There is no с (U+0441) in font "name:TeX Gyre Termes:mode=no
de;script=cyrl;language=dflt;+liga;+tlig;"!
Missing character: There is no к (U+043A) in font "name:TeX Gyre Termes:mode=no
de;script=cyrl;language=dflt;+liga;+tlig;"!
Missing character: There is no н (U+043D) in font "name:TeX Gyre Termes:mode=no
de;script=cyrl;language=dflt;+liga;+tlig;"!
Missing character: There is no о (U+043E) in font "name:TeX Gyre Termes:mode=no
de;script=cyrl;language=dflt;+liga;+tlig;"!
Missing character: There is no й (U+0439) in font "name:TeX Gyre Termes:mode=no
de;script=cyrl;language=dflt;+liga;+tlig;"!
Missing character: There is no с (U+0441) in font "name:TeX Gyre Termes:mode=no
de;script=cyrl;language=dflt;+liga;+tlig;"!
Missing character: There is no п (U+043F) in font "name:TeX Gyre Termes:mode=no
de;script=cyrl;language=dflt;+liga;+tlig;"!
Missing character: There is no о (U+043E) in font "name:TeX Gyre Termes:mode=no
de;script=cyrl;language=dflt;+liga;+tlig;"!
Missing character: There is no с (U+0441) in font "name:TeX Gyre Termes:mode=no
de;script=cyrl;language=dflt;+liga;+tlig;"!
Missing character: There is no о (U+043E) in font "name:TeX Gyre Termes:mode=no
de;script=cyrl;language=dflt;+liga;+tlig;"!
Missing character: There is no б (U+0431) in font "name:TeX Gyre Termes:mode=no
de;script=cyrl;language=dflt;+liga;+tlig;"!
Missing character: There is no н (U+043D) in font "name:TeX Gyre Termes:mode=no
de;script=cyrl;language=dflt;+liga;+tlig;"!
Missing character: There is no о (U+043E) in font "name:TeX Gyre Termes:mode=no
de;script=cyrl;language=dflt;+liga;+tlig;"!
Missing character: There is no с (U+0441) in font "name:TeX Gyre Termes:mode=no
de;script=cyrl;language=dflt;+liga;+tlig;"!
Missing character: There is no т (U+0442) in font "name:TeX Gyre Termes:mode=no
de;script=cyrl;language=dflt;+liga;+tlig;"!
Missing character: There is no и (U+0438) in font "name:TeX Gyre Termes:mode=no
de;script=cyrl;language=dflt;+liga;+tlig;"!
Missing character: There is no А (U+0410) in font "name:TeX Gyre Heros/B:mode=n
ode;script=cyrl;language=dflt;+liga;+tlig;"!
Missing character: There is no н (U+043D) in font "name:TeX Gyre Heros/B:mode=n
ode;script=cyrl;language=dflt;+liga;+tlig;"!
Missing character: There is no н (U+043D) in font "name:TeX Gyre Heros/B:mode=n
ode;script=cyrl;language=dflt;+liga;+tlig;"!
Missing character: There is no о (U+043E) in font "name:TeX Gyre Heros/B:mode=n
ode;script=cyrl;language=dflt;+liga;+tlig;"!
Missing character: There is no т (U+0442) in font "name:TeX Gyre Heros/B:mode=n
ode;script=cyrl;language=dflt;+liga;+tlig;"!
Missing character: There is no а (U+0430) in font "name:TeX Gyre Heros/B:mode=n
ode;script=cyrl;language=dflt;+liga;+tlig;"!
Missing character: There is no ц (U+0446) in font "name:TeX Gyre Heros/B:mode=n
ode;script=cyrl;language=dflt;+liga;+tlig;"!
Missing character: There is no и (U+0438) in font "name:TeX Gyre Heros/B:mode=n
ode;script=cyrl;language=dflt;+liga;+tlig;"!
Missing character: There is no я (U+044F) in font "name:TeX Gyre Heros/B:mode=n
ode;script=cyrl;language=dflt;+liga;+tlig;"!
Missing character: There is no П (U+041F) in font "name:TeX Gyre Termes/B:mode=
node;script=cyrl;language=dflt;+liga;+tlig;"!
Missing character: There is no р (U+0440) in font "name:TeX Gyre Termes/B:mode=
node;script=cyrl;language=dflt;+liga;+tlig;"!
Missing character: There is no е (U+0435) in font "name:TeX Gyre Termes/B:mode=
node;script=cyrl;language=dflt;+liga;+tlig;"!
Missing character: There is no д (U+0434) in font "name:TeX Gyre Termes/B:mode=
node;script=cyrl;language=dflt;+liga;+tlig;"!
Missing character: There is no п (U+043F) in font "name:TeX Gyre Termes/B:mode=
node;script=cyrl;language=dflt;+liga;+tlig;"!
Missing character: There is no о (U+043E) in font "name:TeX Gyre Termes/B:mode=
node;script=cyrl;language=dflt;+liga;+tlig;"!
Missing character: There is no с (U+0441) in font "name:TeX Gyre Termes/B:mode=
node;script=cyrl;language=dflt;+liga;+tlig;"!
Missing character: There is no ы (U+044B) in font "name:TeX Gyre Termes/B:mode=
node;script=cyrl;language=dflt;+liga;+tlig;"!
Missing character: There is no л (U+043B) in font "name:TeX Gyre Termes/B:mode=
node;script=cyrl;language=dflt;+liga;+tlig;"!
Missing character: There is no к (U+043A) in font "name:TeX Gyre Termes/B:mode=
node;script=cyrl;language=dflt;+liga;+tlig;"!
Missing character: There is no и (U+0438) in font "name:TeX Gyre Termes/B:mode=
node;script=cyrl;language=dflt;+liga;+tlig;"!
Missing character: There is no А (U+0410) in font "name:TeX Gyre Termes:mode=no
de;script=cyrl;language=dflt;+liga;+tlig;"!
Missing character: There is no л (U+043B) in font "name:TeX Gyre Termes:mode=no
de;script=cyrl;language=dflt;+liga;+tlig;"!
Missing character: There is no г (U+0433) in font "name:TeX Gyre Termes:mode=no
de;script=cyrl;language=dflt;+liga;+tlig;"!
Missing character: There is no о (U+043E) in font "name:TeX Gyre Termes:mode=no
de;script=cyrl;language=dflt;+liga;+tlig;"!
Missing character: There is no р (U+0440) in font "name:TeX Gyre Termes:mode=no
de;script=cyrl;language=dflt;+liga;+tlig;"!
Missing character: There is no и (U+0438) in font "name:TeX Gyre Termes:mode=no
de;script=cyrl;language=dflt;+liga;+tlig;"!
Missing character: There is no т (U+0442) in font "name:TeX Gyre Termes:mode=no
de;script=cyrl;language=dflt;+liga;+tlig;"!
Missing character: There is no м (U+043C) in font "name:TeX Gyre Termes:mode=no
de;script=cyrl;language=dflt;+liga;+tlig;"!
Missing character: There is no ы (U+044B) in font "name:TeX Gyre Termes:mode=no
de;script=cyrl;language=dflt;+liga;+tlig;"!
Missing character: There is no а (U+0430) in font "name:TeX Gyre Termes:mode=no
de;script=cyrl;language=dflt;+liga;+tlig;"!
Missing character: There is no к (U+043A) in font "name:TeX Gyre Termes:mode=no
de;script=cyrl;language=dflt;+liga;+tlig;"!
Missing character: There is no т (U+0442) in font "name:TeX Gyre Termes:mode=no
de;script=cyrl;language=dflt;+liga;+tlig;"!
Missing character: There is no и (U+0438) in font "name:TeX Gyre Termes:mode=no
de;script=cyrl;language=dflt;+liga;+tlig;"!
Missing character: There is no в (U+0432) in font "name:TeX Gyre Termes:mode=no
de;script=cyrl;language=dflt;+liga;+tlig;"!
Missing character: There is no н (U+043D) in font "name:TeX Gyre Termes:mode=no
de;script=cyrl;language=dflt;+liga;+tlig;"!
Missing character: There is no о (U+043E) in font "name:TeX Gyre Termes:mode=no
de;script=cyrl;language=dflt;+liga;+tlig;"!
Missing character: There is no г (U+0433) in font "name:TeX Gyre Termes:mode=no
de;script=cyrl;language=dflt;+liga;+tlig;"!
Missing character: There is no о (U+043E) in font "name:TeX Gyre Termes:mode=no
de;script=cyrl;language=dflt;+liga;+tlig;"!
Missing character: There is no у (U+0443) in font "name:TeX Gyre Termes:mode=no
de;script=cyrl;language=dflt;+liga;+tlig;"!
Missing character: There is no п (U+043F) in font "name:TeX Gyre Termes:mode=no
de;script=cyrl;language=dflt;+liga;+tlig;"!
Missing character: There is no р (U+0440) in font "name:TeX Gyre Termes:mode=no
de;script=cyrl;language=dflt;+liga;+tlig;"!
Missing character: There is no а (U+0430) in font "name:TeX Gyre Termes:mode=no
de;script=cyrl;language=dflt;+liga;+tlig;"!
Missing character: There is no в (U+0432) in font "name:TeX Gyre Termes:mode=no
de;script=cyrl;language=dflt;+liga;+tlig;"!
Missing character: There is no л (U+043B) in font "name:TeX Gyre Termes:mode=no
de;script=cyrl;language=dflt;+liga;+tlig;"!
Missing character: There is no е (U+0435) in font "name:TeX Gyre Termes:mode=no
de;script=cyrl;language=dflt;+liga;+tlig;"!
Missing character: There is no н (U+043D) in font "name:TeX Gyre Termes:mode=no
de;script=cyrl;language=dflt;+liga;+tlig;"!
Missing character: There is no и (U+0438) in font "name:TeX Gyre Termes:mode=no
de;script=cyrl;language=dflt;+liga;+tlig;"!
Missing character: There is no я (U+044F) in font "name:TeX Gyre Termes:mode=no
de;script=cyrl;language=dflt;+liga;+tlig;"!
Missing character: There is no о (U+043E) in font "name:TeX Gyre Termes:mode=no
de;script=cyrl;language=dflt;+liga;+tlig;"!
Missing character: There is no ч (U+0447) in font "name:TeX Gyre Termes:mode=no
de;script=cyrl;language=dflt;+liga;+tlig;"!
Missing character: There is no е (U+0435) in font "name:TeX Gyre Termes:mode=no
de;script=cyrl;language=dflt;+liga;+tlig;"!
Missing character: There is no р (U+0440) in font "name:TeX Gyre Termes:mode=no
de;script=cyrl;language=dflt;+liga;+tlig;"!
Missing character: There is no е (U+0435) in font "name:TeX Gyre Termes:mode=no
de;script=cyrl;language=dflt;+liga;+tlig;"!
Missing character: There is no д (U+0434) in font "name:TeX Gyre Termes:mode=no
de;script=cyrl;language=dflt;+liga;+tlig;"!
Missing character: There is no я (U+044F) in font "name:TeX Gyre Termes:mode=no
de;script=cyrl;language=dflt;+liga;+tlig;"!
Missing character: There is no м (U+043C) in font "name:TeX Gyre Termes:mode=no
de;script=cyrl;language=dflt;+liga;+tlig;"!
Missing character: There is no и (U+0438) in font "name:TeX Gyre Termes:mode=no
de;script=cyrl;language=dflt;+liga;+tlig;"!
Missing character: There is no с (U+0441) in font "name:TeX Gyre Termes:mode=no
de;script=cyrl;language=dflt;+liga;+tlig;"!
Missing character: There is no е (U+0435) in font "name:TeX Gyre Termes:mode=no
de;script=cyrl;language=dflt;+liga;+tlig;"!
Missing character: There is no м (U+043C) in font "name:TeX Gyre Termes:mode=no
de;script=cyrl;language=dflt;+liga;+tlig;"!
Missing character: There is no е (U+0435) in font "name:TeX Gyre Termes:mode=no
de;script=cyrl;language=dflt;+liga;+tlig;"!
Missing character: There is no й (U+0439) in font "name:TeX Gyre Termes:mode=no
de;script=cyrl;language=dflt;+liga;+tlig;"!
Missing character: There is no с (U+0441) in font "name:TeX Gyre Termes:mode=no
de;script=cyrl;language=dflt;+liga;+tlig;"!
Missing character: There is no т (U+0442) in font "name:TeX Gyre Termes:mode=no
de;script=cyrl;language=dflt;+liga;+tlig;"!
Missing character: There is no в (U+0432) in font "name:TeX Gyre Termes:mode=no
de;script=cyrl;language=dflt;+liga;+tlig;"!
Missing character: There is no а (U+0430) in font "name:TeX Gyre Termes:mode=no
de;script=cyrl;language=dflt;+liga;+tlig;"!
Missing character: There is no ш (U+0448) in font "name:TeX Gyre Termes:mode=no
de;script=cyrl;language=dflt;+liga;+tlig;"!
Missing character: There is no и (U+0438) in font "name:TeX Gyre Termes:mode=no
de;script=cyrl;language=dflt;+liga;+tlig;"!
Missing character: There is no р (U+0440) in font "name:TeX Gyre Termes:mode=no
de;script=cyrl;language=dflt;+liga;+tlig;"!
Missing character: There is no о (U+043E) in font "name:TeX Gyre Termes:mode=no
de;script=cyrl;language=dflt;+liga;+tlig;"!
Missing character: There is no к (U+043A) in font "name:TeX Gyre Termes:mode=no
de;script=cyrl;language=dflt;+liga;+tlig;"!
Missing character: There is no о (U+043E) in font "name:TeX Gyre Termes:mode=no
de;script=cyrl;language=dflt;+liga;+tlig;"!
Missing character: There is no п (U+043F) in font "name:TeX Gyre Termes:mode=no
de;script=cyrl;language=dflt;+liga;+tlig;"!
Missing character: There is no р (U+0440) in font "name:TeX Gyre Termes:mode=no
de;script=cyrl;language=dflt;+liga;+tlig;"!
Missing character: There is no и (U+0438) in font "name:TeX Gyre Termes:mode=no
de;script=cyrl;language=dflt;+liga;+tlig;"!
Missing character: There is no м (U+043C) in font "name:TeX Gyre Termes:mode=no
de;script=cyrl;language=dflt;+liga;+tlig;"!
Missing character: There is no е (U+0435) in font "name:TeX Gyre Termes:mode=no
de;script=cyrl;language=dflt;+liga;+tlig;"!
Missing character: There is no н (U+043D) in font "name:TeX Gyre Termes:mode=no
de;script=cyrl;language=dflt;+liga;+tlig;"!
Missing character: There is no я (U+044F) in font "name:TeX Gyre Termes:mode=no
de;script=cyrl;language=dflt;+liga;+tlig;"!
Missing character: There is no ю (U+044E) in font "name:TeX Gyre Termes:mode=no
de;script=cyrl;language=dflt;+liga;+tlig;"!
Missing character: There is no т (U+0442) in font "name:TeX Gyre Termes:mode=no
de;script=cyrl;language=dflt;+liga;+tlig;"!
Missing character: There is no с (U+0441) in font "name:TeX Gyre Termes:mode=no
de;script=cyrl;language=dflt;+liga;+tlig;"!
Missing character: There is no я (U+044F) in font "name:TeX Gyre Termes:mode=no
de;script=cyrl;language=dflt;+liga;+tlig;"!
Missing character: There is no в (U+0432) in font "name:TeX Gyre Termes:mode=no
de;script=cyrl;language=dflt;+liga;+tlig;"!
Missing character: There is no с (U+0441) in font "name:TeX Gyre Termes:mode=no
de;script=cyrl;language=dflt;+liga;+tlig;"!
Missing character: There is no е (U+0435) in font "name:TeX Gyre Termes:mode=no
de;script=cyrl;language=dflt;+liga;+tlig;"!
Missing character: There is no т (U+0442) in font "name:TeX Gyre Termes:mode=no
de;script=cyrl;language=dflt;+liga;+tlig;"!
Missing character: There is no е (U+0435) in font "name:TeX Gyre Termes:mode=no
de;script=cyrl;language=dflt;+liga;+tlig;"!
Missing character: There is no в (U+0432) in font "name:TeX Gyre Termes:mode=no
de;script=cyrl;language=dflt;+liga;+tlig;"!
Missing character: There is no о (U+043E) in font "name:TeX Gyre Termes:mode=no
de;script=cyrl;language=dflt;+liga;+tlig;"!
Missing character: There is no м (U+043C) in font "name:TeX Gyre Termes:mode=no
de;script=cyrl;language=dflt;+liga;+tlig;"!
Missing character: There is no о (U+043E) in font "name:TeX Gyre Termes:mode=no
de;script=cyrl;language=dflt;+liga;+tlig;"!
Missing character: There is no б (U+0431) in font "name:TeX Gyre Termes:mode=no
de;script=cyrl;language=dflt;+liga;+tlig;"!
Missing character: There is no о (U+043E) in font "name:TeX Gyre Termes:mode=no
de;script=cyrl;language=dflt;+liga;+tlig;"!
Missing character: There is no р (U+0440) in font "name:TeX Gyre Termes:mode=no
de;script=cyrl;language=dflt;+liga;+tlig;"!
Missing character: There is no у (U+0443) in font "name:TeX Gyre Termes:mode=no
de;script=cyrl;language=dflt;+liga;+tlig;"!
Missing character: There is no д (U+0434) in font "name:TeX Gyre Termes:mode=no
de;script=cyrl;language=dflt;+liga;+tlig;"!
Missing character: There is no о (U+043E) in font "name:TeX Gyre Termes:mode=no
de;script=cyrl;language=dflt;+liga;+tlig;"!
Missing character: There is no в (U+0432) in font "name:TeX Gyre Termes:mode=no
de;script=cyrl;language=dflt;+liga;+tlig;"!
Missing character: There is no а (U+0430) in font "name:TeX Gyre Termes:mode=no
de;script=cyrl;language=dflt;+liga;+tlig;"!
Missing character: There is no н (U+043D) in font "name:TeX Gyre Termes:mode=no
de;script=cyrl;language=dflt;+liga;+tlig;"!
Missing character: There is no и (U+0438) in font "name:TeX Gyre Termes:mode=no
de;script=cyrl;language=dflt;+liga;+tlig;"!
Missing character: There is no и (U+0438) in font "name:TeX Gyre Termes:mode=no
de;script=cyrl;language=dflt;+liga;+tlig;"!
Missing character: There is no о (U+043E) in font "name:TeX Gyre Termes:mode=no
de;script=cyrl;language=dflt;+liga;+tlig;"!
Missing character: There is no д (U+0434) in font "name:TeX Gyre Termes:mode=no
de;script=cyrl;language=dflt;+liga;+tlig;"!
Missing character: There is no н (U+043D) in font "name:TeX Gyre Termes:mode=no
de;script=cyrl;language=dflt;+liga;+tlig;"!
Missing character: There is no а (U+0430) in font "name:TeX Gyre Termes:mode=no
de;script=cyrl;language=dflt;+liga;+tlig;"!
Missing character: There is no к (U+043A) in font "name:TeX Gyre Termes:mode=no
de;script=cyrl;language=dflt;+liga;+tlig;"!
Missing character: There is no о (U+043E) in font "name:TeX Gyre Termes:mode=no
de;script=cyrl;language=dflt;+liga;+tlig;"!
Missing character: There is no с (U+0441) in font "name:TeX Gyre Termes:mode=no
de;script=cyrl;language=dflt;+liga;+tlig;"!
Missing character: There is no и (U+0438) in font "name:TeX Gyre Termes:mode=no
de;script=cyrl;language=dflt;+liga;+tlig;"!
Missing character: There is no с (U+0441) in font "name:TeX Gyre Termes:mode=no
de;script=cyrl;language=dflt;+liga;+tlig;"!
Missing character: There is no т (U+0442) in font "name:TeX Gyre Termes:mode=no
de;script=cyrl;language=dflt;+liga;+tlig;"!
Missing character: There is no е (U+0435) in font "name:TeX Gyre Termes:mode=no
de;script=cyrl;language=dflt;+liga;+tlig;"!
Missing character: There is no м (U+043C) in font "name:TeX Gyre Termes:mode=no
de;script=cyrl;language=dflt;+liga;+tlig;"!
Missing character: There is no а (U+0430) in font "name:TeX Gyre Termes:mode=no
de;script=cyrl;language=dflt;+liga;+tlig;"!
Missing character: There is no т (U+0442) in font "name:TeX Gyre Termes:mode=no
de;script=cyrl;language=dflt;+liga;+tlig;"!
Missing character: There is no и (U+0438) in font "name:TeX Gyre Termes:mode=no
de;script=cyrl;language=dflt;+liga;+tlig;"!
Missing character: There is no ч (U+0447) in font "name:TeX Gyre Termes:mode=no
de;script=cyrl;language=dflt;+liga;+tlig;"!
Missing character: There is no е (U+0435) in font "name:TeX Gyre Termes:mode=no
de;script=cyrl;language=dflt;+liga;+tlig;"!
Missing character: There is no с (U+0441) in font "name:TeX Gyre Termes:mode=no
de;script=cyrl;language=dflt;+liga;+tlig;"!
Missing character: There is no к (U+043A) in font "name:TeX Gyre Termes:mode=no
de;script=cyrl;language=dflt;+liga;+tlig;"!
Missing character: There is no о (U+043E) in font "name:TeX Gyre Termes:mode=no
de;script=cyrl;language=dflt;+liga;+tlig;"!
Missing character: There is no е (U+0435) in font "name:TeX Gyre Termes:mode=no
de;script=cyrl;language=dflt;+liga;+tlig;"!
Missing character: There is no т (U+0442) in font "name:TeX Gyre Termes:mode=no
de;script=cyrl;language=dflt;+liga;+tlig;"!
Missing character: There is no р (U+0440) in font "name:TeX Gyre Termes:mode=no
de;script=cyrl;language=dflt;+liga;+tlig;"!
Missing character: There is no ё (U+0451) in font "name:TeX Gyre Termes:mode=no
de;script=cyrl;language=dflt;+liga;+tlig;"!
Missing character: There is no х (U+0445) in font "name:TeX Gyre Termes:mode=no
de;script=cyrl;language=dflt;+liga;+tlig;"!
Missing character: There is no с (U+0441) in font "name:TeX Gyre Termes:mode=no
de;script=cyrl;language=dflt;+liga;+tlig;"!
Missing character: There is no т (U+0442) in font "name:TeX Gyre Termes:mode=no
de;script=cyrl;language=dflt;+liga;+tlig;"!
Missing character: There is no о (U+043E) in font "name:TeX Gyre Termes:mode=no
de;script=cyrl;language=dflt;+liga;+tlig;"!
Missing character: There is no р (U+0440) in font "name:TeX Gyre Termes:mode=no
de;script=cyrl;language=dflt;+liga;+tlig;"!
Missing character: There is no о (U+043E) in font "name:TeX Gyre Termes:mode=no
de;script=cyrl;language=dflt;+liga;+tlig;"!
Missing character: There is no н (U+043D) in font "name:TeX Gyre Termes:mode=no
de;script=cyrl;language=dflt;+liga;+tlig;"!
Missing character: There is no н (U+043D) in font "name:TeX Gyre Termes:mode=no
de;script=cyrl;language=dflt;+liga;+tlig;"!
Missing character: There is no е (U+0435) in font "name:TeX Gyre Termes:mode=no
de;script=cyrl;language=dflt;+liga;+tlig;"!
Missing character: There is no е (U+0435) in font "name:TeX Gyre Termes:mode=no
de;script=cyrl;language=dflt;+liga;+tlig;"!
Missing character: There is no с (U+0441) in font "name:TeX Gyre Termes:mode=no
de;script=cyrl;language=dflt;+liga;+tlig;"!
Missing character: There is no р (U+0440) in font "name:TeX Gyre Termes:mode=no
de;script=cyrl;language=dflt;+liga;+tlig;"!
Missing character: There is no а (U+0430) in font "name:TeX Gyre Termes:mode=no
de;script=cyrl;language=dflt;+liga;+tlig;"!
Missing character: There is no в (U+0432) in font "name:TeX Gyre Termes:mode=no
de;script=cyrl;language=dflt;+liga;+tlig;"!
Missing character: There is no н (U+043D) in font "name:TeX Gyre Termes:mode=no
de;script=cyrl;language=dflt;+liga;+tlig;"!
Missing character: There is no е (U+0435) in font "name:TeX Gyre Termes:mode=no
de;script=cyrl;language=dflt;+liga;+tlig;"!
Missing character: There is no н (U+043D) in font "name:TeX Gyre Termes:mode=no
de;script=cyrl;language=dflt;+liga;+tlig;"!
Missing character: There is no и (U+0438) in font "name:TeX Gyre Termes:mode=no
de;script=cyrl;language=dflt;+liga;+tlig;"!
Missing character: There is no е (U+0435) in font "name:TeX Gyre Termes:mode=no
de;script=cyrl;language=dflt;+liga;+tlig;"!
Missing character: There is no и (U+0438) in font "name:TeX Gyre Termes:mode=no
de;script=cyrl;language=dflt;+liga;+tlig;"!
Missing character: There is no в (U+0432) in font "name:TeX Gyre Termes:mode=no
de;script=cyrl;language=dflt;+liga;+tlig;"!
Missing character: There is no с (U+0441) in font "name:TeX Gyre Termes:mode=no
de;script=cyrl;language=dflt;+liga;+tlig;"!
Missing character: There is no т (U+0442) in font "name:TeX Gyre Termes:mode=no
de;script=cyrl;language=dflt;+liga;+tlig;"!
Missing character: There is no р (U+0440) in font "name:TeX Gyre Termes:mode=no
de;script=cyrl;language=dflt;+liga;+tlig;"!
Missing character: There is no о (U+043E) in font "name:TeX Gyre Termes:mode=no
de;script=cyrl;language=dflt;+liga;+tlig;"!
Missing character: There is no г (U+0433) in font "name:TeX Gyre Termes:mode=no
de;script=cyrl;language=dflt;+liga;+tlig;"!
Missing character: There is no о (U+043E) in font "name:TeX Gyre Termes:mode=no
de;script=cyrl;language=dflt;+liga;+tlig;"!
Missing character: There is no и (U+0438) in font "name:TeX Gyre Termes:mode=no
de;script=cyrl;language=dflt;+liga;+tlig;"!
Missing character: There is no д (U+0434) in font "name:TeX Gyre Termes:mode=no
de;script=cyrl;language=dflt;+liga;+tlig;"!
Missing character: There is no е (U+0435) in font "name:TeX Gyre Termes:mode=no
de;script=cyrl;language=dflt;+liga;+tlig;"!
Missing character: There is no н (U+043D) in font "name:TeX Gyre Termes:mode=no
de;script=cyrl;language=dflt;+liga;+tlig;"!
Missing character: There is no т (U+0442) in font "name:TeX Gyre Termes:mode=no
de;script=cyrl;language=dflt;+liga;+tlig;"!
Missing character: There is no и (U+0438) in font "name:TeX Gyre Termes:mode=no
de;script=cyrl;language=dflt;+liga;+tlig;"!
Missing character: There is no ч (U+0447) in font "name:TeX Gyre Termes:mode=no
de;script=cyrl;language=dflt;+liga;+tlig;"!
Missing character: There is no н (U+043D) in font "name:TeX Gyre Termes:mode=no
de;script=cyrl;language=dflt;+liga;+tlig;"!
Missing character: There is no ы (U+044B) in font "name:TeX Gyre Termes:mode=no
de;script=cyrl;language=dflt;+liga;+tlig;"!
Missing character: There is no х (U+0445) in font "name:TeX Gyre Termes:mode=no
de;script=cyrl;language=dflt;+liga;+tlig;"!
Missing character: There is no у (U+0443) in font "name:TeX Gyre Termes:mode=no
de;script=cyrl;language=dflt;+liga;+tlig;"!
Missing character: There is no с (U+0441) in font "name:TeX Gyre Termes:mode=no
de;script=cyrl;language=dflt;+liga;+tlig;"!
Missing character: There is no л (U+043B) in font "name:TeX Gyre Termes:mode=no
de;script=cyrl;language=dflt;+liga;+tlig;"!
Missing character: There is no о (U+043E) in font "name:TeX Gyre Termes:mode=no
de;script=cyrl;language=dflt;+liga;+tlig;"!
Missing character: There is no в (U+0432) in font "name:TeX Gyre Termes:mode=no
de;script=cyrl;language=dflt;+liga;+tlig;"!
Missing character: There is no и (U+0438) in font "name:TeX Gyre Termes:mode=no
de;script=cyrl;language=dflt;+liga;+tlig;"!
Missing character: There is no я (U+044F) in font "name:TeX Gyre Termes:mode=no
de;script=cyrl;language=dflt;+liga;+tlig;"!
Missing character: There is no х (U+0445) in font "name:TeX Gyre Termes:mode=no
de;script=cyrl;language=dflt;+liga;+tlig;"!
Missing character: There is no н (U+043D) in font "name:TeX Gyre Termes:mode=no
de;script=cyrl;language=dflt;+liga;+tlig;"!
Missing character: There is no е (U+0435) in font "name:TeX Gyre Termes:mode=no
de;script=cyrl;language=dflt;+liga;+tlig;"!
Missing character: There is no д (U+0434) in font "name:TeX Gyre Termes:mode=no
de;script=cyrl;language=dflt;+liga;+tlig;"!
Missing character: There is no о (U+043E) in font "name:TeX Gyre Termes:mode=no
de;script=cyrl;language=dflt;+liga;+tlig;"!
Missing character: There is no с (U+0441) in font "name:TeX Gyre Termes:mode=no
de;script=cyrl;language=dflt;+liga;+tlig;"!
Missing character: There is no т (U+0442) in font "name:TeX Gyre Termes:mode=no
de;script=cyrl;language=dflt;+liga;+tlig;"!
Missing character: There is no а (U+0430) in font "name:TeX Gyre Termes:mode=no
de;script=cyrl;language=dflt;+liga;+tlig;"!
Missing character: There is no т (U+0442) in font "name:TeX Gyre Termes:mode=no
de;script=cyrl;language=dflt;+liga;+tlig;"!
Missing character: There is no о (U+043E) in font "name:TeX Gyre Termes:mode=no
de;script=cyrl;language=dflt;+liga;+tlig;"!
Missing character: There is no ч (U+0447) in font "name:TeX Gyre Termes:mode=no
de;script=cyrl;language=dflt;+liga;+tlig;"!
Missing character: There is no н (U+043D) in font "name:TeX Gyre Termes:mode=no
de;script=cyrl;language=dflt;+liga;+tlig;"!
Missing character: There is no о (U+043E) in font "name:TeX Gyre Termes:mode=no
de;script=cyrl;language=dflt;+liga;+tlig;"!
Missing character: There is no п (U+043F) in font "name:TeX Gyre Termes:mode=no
de;script=cyrl;language=dflt;+liga;+tlig;"!
Missing character: There is no р (U+0440) in font "name:TeX Gyre Termes:mode=no
de;script=cyrl;language=dflt;+liga;+tlig;"!
Missing character: There is no е (U+0435) in font "name:TeX Gyre Termes:mode=no
de;script=cyrl;language=dflt;+liga;+tlig;"!
Missing character: There is no д (U+0434) in font "name:TeX Gyre Termes:mode=no
de;script=cyrl;language=dflt;+liga;+tlig;"!
Missing character: There is no с (U+0441) in font "name:TeX Gyre Termes:mode=no
de;script=cyrl;language=dflt;+liga;+tlig;"!
Missing character: There is no т (U+0442) in font "name:TeX Gyre Termes:mode=no
de;script=cyrl;language=dflt;+liga;+tlig;"!
Missing character: There is no а (U+0430) in font "name:TeX Gyre Termes:mode=no
de;script=cyrl;language=dflt;+liga;+tlig;"!
Missing character: There is no в (U+0432) in font "name:TeX Gyre Termes:mode=no
de;script=cyrl;language=dflt;+liga;+tlig;"!
Missing character: There is no л (U+043B) in font "name:TeX Gyre Termes:mode=no
de;script=cyrl;language=dflt;+liga;+tlig;"!
Missing character: There is no е (U+0435) in font "name:TeX Gyre Termes:mode=no
de;script=cyrl;language=dflt;+liga;+tlig;"!
Missing character: There is no н (U+043D) in font "name:TeX Gyre Termes:mode=no
de;script=cyrl;language=dflt;+liga;+tlig;"!
Missing character: There is no о (U+043E) in font "name:TeX Gyre Termes:mode=no
de;script=cyrl;language=dflt;+liga;+tlig;"!
Missing character: There is no в (U+0432) in font "name:TeX Gyre Termes:mode=no
de;script=cyrl;language=dflt;+liga;+tlig;"!
Missing character: There is no л (U+043B) in font "name:TeX Gyre Termes:mode=no
de;script=cyrl;language=dflt;+liga;+tlig;"!
Missing character: There is no и (U+0438) in font "name:TeX Gyre Termes:mode=no
de;script=cyrl;language=dflt;+liga;+tlig;"!
Missing character: There is no т (U+0442) in font "name:TeX Gyre Termes:mode=no
de;script=cyrl;language=dflt;+liga;+tlig;"!
Missing character: There is no е (U+0435) in font "name:TeX Gyre Termes:mode=no
de;script=cyrl;language=dflt;+liga;+tlig;"!
Missing character: There is no р (U+0440) in font "name:TeX Gyre Termes:mode=no
de;script=cyrl;language=dflt;+liga;+tlig;"!
Missing character: There is no а (U+0430) in font "name:TeX Gyre Termes:mode=no
de;script=cyrl;language=dflt;+liga;+tlig;"!
Missing character: There is no т (U+0442) in font "name:TeX Gyre Termes:mode=no
de;script=cyrl;language=dflt;+liga;+tlig;"!
Missing character: There is no у (U+0443) in font "name:TeX Gyre Termes:mode=no
de;script=cyrl;language=dflt;+liga;+tlig;"!
Missing character: There is no р (U+0440) in font "name:TeX Gyre Termes:mode=no
de;script=cyrl;language=dflt;+liga;+tlig;"!
Missing character: There is no е (U+0435) in font "name:TeX Gyre Termes:mode=no
de;script=cyrl;language=dflt;+liga;+tlig;"!
Missing character: There is no Ц (U+0426) in font "name:TeX Gyre Termes/B:mode=
node;script=cyrl;language=dflt;+liga;+tlig;"!
Missing character: There is no е (U+0435) in font "name:TeX Gyre Termes/B:mode=
node;script=cyrl;language=dflt;+liga;+tlig;"!
Missing character: There is no л (U+043B) in font "name:TeX Gyre Termes/B:mode=
node;script=cyrl;language=dflt;+liga;+tlig;"!
Missing character: There is no ь (U+044C) in font "name:TeX Gyre Termes/B:mode=
node;script=cyrl;language=dflt;+liga;+tlig;"!
Missing character: There is no Ц (U+0426) in font "name:TeX Gyre Termes:mode=no
de;script=cyrl;language=dflt;+liga;+tlig;"!
Missing character: There is no е (U+0435) in font "name:TeX Gyre Termes:mode=no
de;script=cyrl;language=dflt;+liga;+tlig;"!
Missing character: There is no л (U+043B) in font "name:TeX Gyre Termes:mode=no
de;script=cyrl;language=dflt;+liga;+tlig;"!
Missing character: There is no ь (U+044C) in font "name:TeX Gyre Termes:mode=no
de;script=cyrl;language=dflt;+liga;+tlig;"!
Missing character: There is no ю (U+044E) in font "name:TeX Gyre Termes:mode=no
de;script=cyrl;language=dflt;+liga;+tlig;"!
Missing character: There is no д (U+0434) in font "name:TeX Gyre Termes:mode=no
de;script=cyrl;language=dflt;+liga;+tlig;"!
Missing character: There is no а (U+0430) in font "name:TeX Gyre Termes:mode=no
de;script=cyrl;language=dflt;+liga;+tlig;"!
Missing character: There is no н (U+043D) in font "name:TeX Gyre Termes:mode=no
de;script=cyrl;language=dflt;+liga;+tlig;"!
Missing character: There is no н (U+043D) in font "name:TeX Gyre Termes:mode=no
de;script=cyrl;language=dflt;+liga;+tlig;"!
Missing character: There is no о (U+043E) in font "name:TeX Gyre Termes:mode=no
de;script=cyrl;language=dflt;+liga;+tlig;"!
Missing character: There is no г (U+0433) in font "name:TeX Gyre Termes:mode=no
de;script=cyrl;language=dflt;+liga;+tlig;"!
Missing character: There is no о (U+043E) in font "name:TeX Gyre Termes:mode=no
de;script=cyrl;language=dflt;+liga;+tlig;"!
Missing character: There is no и (U+0438) in font "name:TeX Gyre Termes:mode=no
de;script=cyrl;language=dflt;+liga;+tlig;"!
Missing character: There is no с (U+0441) in font "name:TeX Gyre Termes:mode=no
de;script=cyrl;language=dflt;+liga;+tlig;"!
Missing character: There is no с (U+0441) in font "name:TeX Gyre Termes:mode=no
de;script=cyrl;language=dflt;+liga;+tlig;"!
Missing character: There is no л (U+043B) in font "name:TeX Gyre Termes:mode=no
de;script=cyrl;language=dflt;+liga;+tlig;"!
Missing character: There is no е (U+0435) in font "name:TeX Gyre Termes:mode=no
de;script=cyrl;language=dflt;+liga;+tlig;"!
Missing character: There is no д (U+0434) in font "name:TeX Gyre Termes:mode=no
de;script=cyrl;language=dflt;+liga;+tlig;"!
Missing character: There is no о (U+043E) in font "name:TeX Gyre Termes:mode=no
de;script=cyrl;language=dflt;+liga;+tlig;"!
Missing character: There is no в (U+0432) in font "name:TeX Gyre Termes:mode=no
de;script=cyrl;language=dflt;+liga;+tlig;"!
Missing character: There is no а (U+0430) in font "name:TeX Gyre Termes:mode=no
de;script=cyrl;language=dflt;+liga;+tlig;"!
Missing character: There is no н (U+043D) in font "name:TeX Gyre Termes:mode=no
de;script=cyrl;language=dflt;+liga;+tlig;"!
Missing character: There is no и (U+0438) in font "name:TeX Gyre Termes:mode=no
de;script=cyrl;language=dflt;+liga;+tlig;"!
Missing character: There is no я (U+044F) in font "name:TeX Gyre Termes:mode=no
de;script=cyrl;language=dflt;+liga;+tlig;"!
Missing character: There is no я (U+044F) in font "name:TeX Gyre Termes:mode=no
de;script=cyrl;language=dflt;+liga;+tlig;"!
Missing character: There is no в (U+0432) in font "name:TeX Gyre Termes:mode=no
de;script=cyrl;language=dflt;+liga;+tlig;"!
Missing character: There is no л (U+043B) in font "name:TeX Gyre Termes:mode=no
de;script=cyrl;language=dflt;+liga;+tlig;"!
Missing character: There is no я (U+044F) in font "name:TeX Gyre Termes:mode=no
de;script=cyrl;language=dflt;+liga;+tlig;"!
Missing character: There is no е (U+0435) in font "name:TeX Gyre Termes:mode=no
de;script=cyrl;language=dflt;+liga;+tlig;"!
Missing character: There is no т (U+0442) in font "name:TeX Gyre Termes:mode=no
de;script=cyrl;language=dflt;+liga;+tlig;"!
Missing character: There is no с (U+0441) in font "name:TeX Gyre Termes:mode=no
de;script=cyrl;language=dflt;+liga;+tlig;"!
Missing character: There is no я (U+044F) in font "name:TeX Gyre Termes:mode=no
de;script=cyrl;language=dflt;+liga;+tlig;"!
Missing character: There is no к (U+043A) in font "name:TeX Gyre Termes:mode=no
de;script=cyrl;language=dflt;+liga;+tlig;"!
Missing character: There is no о (U+043E) in font "name:TeX Gyre Termes:mode=no
de;script=cyrl;language=dflt;+liga;+tlig;"!
Missing character: There is no л (U+043B) in font "name:TeX Gyre Termes:mode=no
de;script=cyrl;language=dflt;+liga;+tlig;"!
Missing character: There is no и (U+0438) in font "name:TeX Gyre Termes:mode=no
de;script=cyrl;language=dflt;+liga;+tlig;"!
Missing character: There is no ч (U+0447) in font "name:TeX Gyre Termes:mode=no
de;script=cyrl;language=dflt;+liga;+tlig;"!
Missing character: There is no е (U+0435) in font "name:TeX Gyre Termes:mode=no
de;script=cyrl;language=dflt;+liga;+tlig;"!
Missing character: There is no с (U+0441) in font "name:TeX Gyre Termes:mode=no
de;script=cyrl;language=dflt;+liga;+tlig;"!
Missing character: There is no т (U+0442) in font "name:TeX Gyre Termes:mode=no
de;script=cyrl;language=dflt;+liga;+tlig;"!
Missing character: There is no в (U+0432) in font "name:TeX Gyre Termes:mode=no
de;script=cyrl;language=dflt;+liga;+tlig;"!
Missing character: There is no е (U+0435) in font "name:TeX Gyre Termes:mode=no
de;script=cyrl;language=dflt;+liga;+tlig;"!
Missing character: There is no н (U+043D) in font "name:TeX Gyre Termes:mode=no
de;script=cyrl;language=dflt;+liga;+tlig;"!
Missing character: There is no н (U+043D) in font "name:TeX Gyre Termes:mode=no
de;script=cyrl;language=dflt;+liga;+tlig;"!
Missing character: There is no о (U+043E) in font "name:TeX Gyre Termes:mode=no
de;script=cyrl;language=dflt;+liga;+tlig;"!
Missing character: There is no е (U+0435) in font "name:TeX Gyre Termes:mode=no
de;script=cyrl;language=dflt;+liga;+tlig;"!
Missing character: There is no о (U+043E) in font "name:TeX Gyre Termes:mode=no
de;script=cyrl;language=dflt;+liga;+tlig;"!
Missing character: There is no п (U+043F) in font "name:TeX Gyre Termes:mode=no
de;script=cyrl;language=dflt;+liga;+tlig;"!
Missing character: There is no р (U+0440) in font "name:TeX Gyre Termes:mode=no
de;script=cyrl;language=dflt;+liga;+tlig;"!
Missing character: There is no е (U+0435) in font "name:TeX Gyre Termes:mode=no
de;script=cyrl;language=dflt;+liga;+tlig;"!
Missing character: There is no д (U+0434) in font "name:TeX Gyre Termes:mode=no
de;script=cyrl;language=dflt;+liga;+tlig;"!
Missing character: There is no е (U+0435) in font "name:TeX Gyre Termes:mode=no
de;script=cyrl;language=dflt;+liga;+tlig;"!
Missing character: There is no л (U+043B) in font "name:TeX Gyre Termes:mode=no
de;script=cyrl;language=dflt;+liga;+tlig;"!
Missing character: There is no е (U+0435) in font "name:TeX Gyre Termes:mode=no
de;script=cyrl;language=dflt;+liga;+tlig;"!
Missing character: There is no н (U+043D) in font "name:TeX Gyre Termes:mode=no
de;script=cyrl;language=dflt;+liga;+tlig;"!
Missing character: There is no и (U+0438) in font "name:TeX Gyre Termes:mode=no
de;script=cyrl;language=dflt;+liga;+tlig;"!
Missing character: There is no е (U+0435) in font "name:TeX Gyre Termes:mode=no
de;script=cyrl;language=dflt;+liga;+tlig;"!
Missing character: There is no р (U+0440) in font "name:TeX Gyre Termes:mode=no
de;script=cyrl;language=dflt;+liga;+tlig;"!
Missing character: There is no а (U+0430) in font "name:TeX Gyre Termes:mode=no
de;script=cyrl;language=dflt;+liga;+tlig;"!
Missing character: There is no з (U+0437) in font "name:TeX Gyre Termes:mode=no
de;script=cyrl;language=dflt;+liga;+tlig;"!
Missing character: There is no л (U+043B) in font "name:TeX Gyre Termes:mode=no
de;script=cyrl;language=dflt;+liga;+tlig;"!
Missing character: There is no и (U+0438) in font "name:TeX Gyre Termes:mode=no
de;script=cyrl;language=dflt;+liga;+tlig;"!
Missing character: There is no ч (U+0447) in font "name:TeX Gyre Termes:mode=no
de;script=cyrl;language=dflt;+liga;+tlig;"!
Missing character: There is no и (U+0438) in font "name:TeX Gyre Termes:mode=no
de;script=cyrl;language=dflt;+liga;+tlig;"!
Missing character: There is no й (U+0439) in font "name:TeX Gyre Termes:mode=no
de;script=cyrl;language=dflt;+liga;+tlig;"!
Missing character: There is no в (U+0432) in font "name:TeX Gyre Termes:mode=no
de;script=cyrl;language=dflt;+liga;+tlig;"!
Missing character: There is no д (U+0434) in font "name:TeX Gyre Termes:mode=no
de;script=cyrl;language=dflt;+liga;+tlig;"!
Missing character: There is no и (U+0438) in font "name:TeX Gyre Termes:mode=no
de;script=cyrl;language=dflt;+liga;+tlig;"!
Missing character: There is no н (U+043D) in font "name:TeX Gyre Termes:mode=no
de;script=cyrl;language=dflt;+liga;+tlig;"!
Missing character: There is no а (U+0430) in font "name:TeX Gyre Termes:mode=no
de;script=cyrl;language=dflt;+liga;+tlig;"!
Missing character: There is no м (U+043C) in font "name:TeX Gyre Termes:mode=no
de;script=cyrl;language=dflt;+liga;+tlig;"!
Missing character: There is no и (U+0438) in font "name:TeX Gyre Termes:mode=no
de;script=cyrl;language=dflt;+liga;+tlig;"!
Missing character: There is no к (U+043A) in font "name:TeX Gyre Termes:mode=no
de;script=cyrl;language=dflt;+liga;+tlig;"!
Missing character: There is no е (U+0435) in font "name:TeX Gyre Termes:mode=no
de;script=cyrl;language=dflt;+liga;+tlig;"!
Missing character: There is no у (U+0443) in font "name:TeX Gyre Termes:mode=no
de;script=cyrl;language=dflt;+liga;+tlig;"!
Missing character: There is no п (U+043F) in font "name:TeX Gyre Termes:mode=no
de;script=cyrl;language=dflt;+liga;+tlig;"!
Missing character: There is no р (U+0440) in font "name:TeX Gyre Termes:mode=no
de;script=cyrl;language=dflt;+liga;+tlig;"!
Missing character: There is no а (U+0430) in font "name:TeX Gyre Termes:mode=no
de;script=cyrl;language=dflt;+liga;+tlig;"!
Missing character: There is no в (U+0432) in font "name:TeX Gyre Termes:mode=no
de;script=cyrl;language=dflt;+liga;+tlig;"!
Missing character: There is no л (U+043B) in font "name:TeX Gyre Termes:mode=no
de;script=cyrl;language=dflt;+liga;+tlig;"!
Missing character: There is no е (U+0435) in font "name:TeX Gyre Termes:mode=no
de;script=cyrl;language=dflt;+liga;+tlig;"!
Missing character: There is no н (U+043D) in font "name:TeX Gyre Termes:mode=no
de;script=cyrl;language=dflt;+liga;+tlig;"!
Missing character: There is no и (U+0438) in font "name:TeX Gyre Termes:mode=no
de;script=cyrl;language=dflt;+liga;+tlig;"!
Missing character: There is no я (U+044F) in font "name:TeX Gyre Termes:mode=no
de;script=cyrl;language=dflt;+liga;+tlig;"!
Missing character: There is no б (U+0431) in font "name:TeX Gyre Termes:mode=no
de;script=cyrl;language=dflt;+liga;+tlig;"!
Missing character: There is no у (U+0443) in font "name:TeX Gyre Termes:mode=no
de;script=cyrl;language=dflt;+liga;+tlig;"!
Missing character: There is no ф (U+0444) in font "name:TeX Gyre Termes:mode=no
de;script=cyrl;language=dflt;+liga;+tlig;"!
Missing character: There is no е (U+0435) in font "name:TeX Gyre Termes:mode=no
de;script=cyrl;language=dflt;+liga;+tlig;"!
Missing character: There is no р (U+0440) in font "name:TeX Gyre Termes:mode=no
de;script=cyrl;language=dflt;+liga;+tlig;"!
Missing character: There is no о (U+043E) in font "name:TeX Gyre Termes:mode=no
de;script=cyrl;language=dflt;+liga;+tlig;"!
Missing character: There is no м (U+043C) in font "name:TeX Gyre Termes:mode=no
de;script=cyrl;language=dflt;+liga;+tlig;"!
Missing character: There is no с (U+0441) in font "name:TeX Gyre Termes:mode=no
de;script=cyrl;language=dflt;+liga;+tlig;"!
Missing character: There is no т (U+0442) in font "name:TeX Gyre Termes:mode=no
de;script=cyrl;language=dflt;+liga;+tlig;"!
Missing character: There is no а (U+0430) in font "name:TeX Gyre Termes:mode=no
de;script=cyrl;language=dflt;+liga;+tlig;"!
Missing character: There is no б (U+0431) in font "name:TeX Gyre Termes:mode=no
de;script=cyrl;language=dflt;+liga;+tlig;"!
Missing character: There is no и (U+0438) in font "name:TeX Gyre Termes:mode=no
de;script=cyrl;language=dflt;+liga;+tlig;"!
Missing character: There is no л (U+043B) in font "name:TeX Gyre Termes:mode=no
de;script=cyrl;language=dflt;+liga;+tlig;"!
Missing character: There is no ь (U+044C) in font "name:TeX Gyre Termes:mode=no
de;script=cyrl;language=dflt;+liga;+tlig;"!
Missing character: There is no н (U+043D) in font "name:TeX Gyre Termes:mode=no
de;script=cyrl;language=dflt;+liga;+tlig;"!
Missing character: There is no о (U+043E) in font "name:TeX Gyre Termes:mode=no
de;script=cyrl;language=dflt;+liga;+tlig;"!
Missing character: There is no с (U+0441) in font "name:TeX Gyre Termes:mode=no
de;script=cyrl;language=dflt;+liga;+tlig;"!
Missing character: There is no т (U+0442) in font "name:TeX Gyre Termes:mode=no
de;script=cyrl;language=dflt;+liga;+tlig;"!
Missing character: There is no и (U+0438) in font "name:TeX Gyre Termes:mode=no
de;script=cyrl;language=dflt;+liga;+tlig;"!
Missing character: There is no п (U+043F) in font "name:TeX Gyre Termes:mode=no
de;script=cyrl;language=dflt;+liga;+tlig;"!
Missing character: There is no р (U+0440) in font "name:TeX Gyre Termes:mode=no
de;script=cyrl;language=dflt;+liga;+tlig;"!
Missing character: There is no о (U+043E) in font "name:TeX Gyre Termes:mode=no
de;script=cyrl;language=dflt;+liga;+tlig;"!
Missing character: There is no п (U+043F) in font "name:TeX Gyre Termes:mode=no
de;script=cyrl;language=dflt;+liga;+tlig;"!
Missing character: There is no у (U+0443) in font "name:TeX Gyre Termes:mode=no
de;script=cyrl;language=dflt;+liga;+tlig;"!
Missing character: There is no с (U+0441) in font "name:TeX Gyre Termes:mode=no
de;script=cyrl;language=dflt;+liga;+tlig;"!
Missing character: There is no к (U+043A) in font "name:TeX Gyre Termes:mode=no
de;script=cyrl;language=dflt;+liga;+tlig;"!
Missing character: There is no н (U+043D) in font "name:TeX Gyre Termes:mode=no
de;script=cyrl;language=dflt;+liga;+tlig;"!
Missing character: There is no о (U+043E) in font "name:TeX Gyre Termes:mode=no
de;script=cyrl;language=dflt;+liga;+tlig;"!
Missing character: There is no й (U+0439) in font "name:TeX Gyre Termes:mode=no
de;script=cyrl;language=dflt;+liga;+tlig;"!
Missing character: There is no с (U+0441) in font "name:TeX Gyre Termes:mode=no
de;script=cyrl;language=dflt;+liga;+tlig;"!
Missing character: There is no п (U+043F) in font "name:TeX Gyre Termes:mode=no
de;script=cyrl;language=dflt;+liga;+tlig;"!
Missing character: There is no о (U+043E) in font "name:TeX Gyre Termes:mode=no
de;script=cyrl;language=dflt;+liga;+tlig;"!
Missing character: There is no с (U+0441) in font "name:TeX Gyre Termes:mode=no
de;script=cyrl;language=dflt;+liga;+tlig;"!
Missing character: There is no о (U+043E) in font "name:TeX Gyre Termes:mode=no
de;script=cyrl;language=dflt;+liga;+tlig;"!
Missing character: There is no б (U+0431) in font "name:TeX Gyre Termes:mode=no
de;script=cyrl;language=dflt;+liga;+tlig;"!
Missing character: There is no н (U+043D) in font "name:TeX Gyre Termes:mode=no
de;script=cyrl;language=dflt;+liga;+tlig;"!
Missing character: There is no о (U+043E) in font "name:TeX Gyre Termes:mode=no
de;script=cyrl;language=dflt;+liga;+tlig;"!
Missing character: There is no с (U+0441) in font "name:TeX Gyre Termes:mode=no
de;script=cyrl;language=dflt;+liga;+tlig;"!
Missing character: There is no т (U+0442) in font "name:TeX Gyre Termes:mode=no
de;script=cyrl;language=dflt;+liga;+tlig;"!
Missing character: There is no и (U+0438) in font "name:TeX Gyre Termes:mode=no
de;script=cyrl;language=dflt;+liga;+tlig;"!
Missing character: There is no и (U+0438) in font "name:TeX Gyre Termes:mode=no
de;script=cyrl;language=dflt;+liga;+tlig;"!
Missing character: There is no х (U+0445) in font "name:TeX Gyre Termes:mode=no
de;script=cyrl;language=dflt;+liga;+tlig;"!
Missing character: There is no а (U+0430) in font "name:TeX Gyre Termes:mode=no
de;script=cyrl;language=dflt;+liga;+tlig;"!
Missing character: There is no р (U+0440) in font "name:TeX Gyre Termes:mode=no
de;script=cyrl;language=dflt;+liga;+tlig;"!
Missing character: There is no а (U+0430) in font "name:TeX Gyre Termes:mode=no
de;script=cyrl;language=dflt;+liga;+tlig;"!
Missing character: There is no к (U+043A) in font "name:TeX Gyre Termes:mode=no
de;script=cyrl;language=dflt;+liga;+tlig;"!
Missing character: There is no т (U+0442) in font "name:TeX Gyre Termes:mode=no
de;script=cyrl;language=dflt;+liga;+tlig;"!
Missing character: There is no е (U+0435) in font "name:TeX Gyre Termes:mode=no
de;script=cyrl;language=dflt;+liga;+tlig;"!
Missing character: There is no р (U+0440) in font "name:TeX Gyre Termes:mode=no
de;script=cyrl;language=dflt;+liga;+tlig;"!
Missing character: There is no е (U+0435) in font "name:TeX Gyre Termes:mode=no
de;script=cyrl;language=dflt;+liga;+tlig;"!
Missing character: There is no с (U+0441) in font "name:TeX Gyre Termes:mode=no
de;script=cyrl;language=dflt;+liga;+tlig;"!
Missing character: There is no и (U+0438) in font "name:TeX Gyre Termes:mode=no
de;script=cyrl;language=dflt;+liga;+tlig;"!
Missing character: There is no г (U+0433) in font "name:TeX Gyre Termes:mode=no
de;script=cyrl;language=dflt;+liga;+tlig;"!
Missing character: There is no н (U+043D) in font "name:TeX Gyre Termes:mode=no
de;script=cyrl;language=dflt;+liga;+tlig;"!
Missing character: There is no а (U+0430) in font "name:TeX Gyre Termes:mode=no
de;script=cyrl;language=dflt;+liga;+tlig;"!
Missing character: There is no л (U+043B) in font "name:TeX Gyre Termes:mode=no
de;script=cyrl;language=dflt;+liga;+tlig;"!
Missing character: There is no о (U+043E) in font "name:TeX Gyre Termes:mode=no
de;script=cyrl;language=dflt;+liga;+tlig;"!
Missing character: There is no в (U+0432) in font "name:TeX Gyre Termes:mode=no
de;script=cyrl;language=dflt;+liga;+tlig;"!
Missing character: There is no п (U+043F) in font "name:TeX Gyre Termes:mode=no
de;script=cyrl;language=dflt;+liga;+tlig;"!
Missing character: There is no е (U+0435) in font "name:TeX Gyre Termes:mode=no
de;script=cyrl;language=dflt;+liga;+tlig;"!
Missing character: There is no р (U+0440) in font "name:TeX Gyre Termes:mode=no
de;script=cyrl;language=dflt;+liga;+tlig;"!
Missing character: There is no е (U+0435) in font "name:TeX Gyre Termes:mode=no
de;script=cyrl;language=dflt;+liga;+tlig;"!
Missing character: There is no г (U+0433) in font "name:TeX Gyre Termes:mode=no
de;script=cyrl;language=dflt;+liga;+tlig;"!
Missing character: There is no р (U+0440) in font "name:TeX Gyre Termes:mode=no
de;script=cyrl;language=dflt;+liga;+tlig;"!
Missing character: There is no у (U+0443) in font "name:TeX Gyre Termes:mode=no
de;script=cyrl;language=dflt;+liga;+tlig;"!
Missing character: There is no з (U+0437) in font "name:TeX Gyre Termes:mode=no
de;script=cyrl;language=dflt;+liga;+tlig;"!
Missing character: There is no к (U+043A) in font "name:TeX Gyre Termes:mode=no
de;script=cyrl;language=dflt;+liga;+tlig;"!
Missing character: There is no и (U+0438) in font "name:TeX Gyre Termes:mode=no
de;script=cyrl;language=dflt;+liga;+tlig;"!
Missing character: There is no м (U+043C) in font "name:TeX Gyre Termes:mode=no
de;script=cyrl;language=dflt;+liga;+tlig;"!
Missing character: There is no е (U+0435) in font "name:TeX Gyre Termes:mode=no
de;script=cyrl;language=dflt;+liga;+tlig;"!
Missing character: There is no ж (U+0436) in font "name:TeX Gyre Termes:mode=no
de;script=cyrl;language=dflt;+liga;+tlig;"!
Missing character: There is no д (U+0434) in font "name:TeX Gyre Termes:mode=no
de;script=cyrl;language=dflt;+liga;+tlig;"!
Missing character: There is no у (U+0443) in font "name:TeX Gyre Termes:mode=no
de;script=cyrl;language=dflt;+liga;+tlig;"!
Missing character: There is no т (U+0442) in font "name:TeX Gyre Termes:mode=no
de;script=cyrl;language=dflt;+liga;+tlig;"!
Missing character: There is no р (U+0440) in font "name:TeX Gyre Termes:mode=no
de;script=cyrl;language=dflt;+liga;+tlig;"!
Missing character: There is no е (U+0435) in font "name:TeX Gyre Termes:mode=no
de;script=cyrl;language=dflt;+liga;+tlig;"!
Missing character: There is no м (U+043C) in font "name:TeX Gyre Termes:mode=no
de;script=cyrl;language=dflt;+liga;+tlig;"!
Missing character: There is no я (U+044F) in font "name:TeX Gyre Termes:mode=no
de;script=cyrl;language=dflt;+liga;+tlig;"!
Missing character: There is no а (U+0430) in font "name:TeX Gyre Termes:mode=no
de;script=cyrl;language=dflt;+liga;+tlig;"!
Missing character: There is no л (U+043B) in font "name:TeX Gyre Termes:mode=no
de;script=cyrl;language=dflt;+liga;+tlig;"!
Missing character: There is no г (U+0433) in font "name:TeX Gyre Termes:mode=no
de;script=cyrl;language=dflt;+liga;+tlig;"!
Missing character: There is no о (U+043E) in font "name:TeX Gyre Termes:mode=no
de;script=cyrl;language=dflt;+liga;+tlig;"!
Missing character: There is no р (U+0440) in font "name:TeX Gyre Termes:mode=no
de;script=cyrl;language=dflt;+liga;+tlig;"!
Missing character: There is no и (U+0438) in font "name:TeX Gyre Termes:mode=no
de;script=cyrl;language=dflt;+liga;+tlig;"!
Missing character: There is no т (U+0442) in font "name:TeX Gyre Termes:mode=no
de;script=cyrl;language=dflt;+liga;+tlig;"!
Missing character: There is no м (U+043C) in font "name:TeX Gyre Termes:mode=no
de;script=cyrl;language=dflt;+liga;+tlig;"!
Missing character: There is no а (U+0430) in font "name:TeX Gyre Termes:mode=no
de;script=cyrl;language=dflt;+liga;+tlig;"!
Missing character: There is no м (U+043C) in font "name:TeX Gyre Termes:mode=no
de;script=cyrl;language=dflt;+liga;+tlig;"!
Missing character: There is no и (U+0438) in font "name:TeX Gyre Termes:mode=no
de;script=cyrl;language=dflt;+liga;+tlig;"!
Missing character: There is no а (U+0430) in font "name:TeX Gyre Termes:mode=no
de;script=cyrl;language=dflt;+liga;+tlig;"!
Missing character: There is no т (U+0442) in font "name:TeX Gyre Termes:mode=no
de;script=cyrl;language=dflt;+liga;+tlig;"!
Missing character: There is no а (U+0430) in font "name:TeX Gyre Termes:mode=no
de;script=cyrl;language=dflt;+liga;+tlig;"!
Missing character: There is no к (U+043A) in font "name:TeX Gyre Termes:mode=no
de;script=cyrl;language=dflt;+liga;+tlig;"!
Missing character: There is no ж (U+0436) in font "name:TeX Gyre Termes:mode=no
de;script=cyrl;language=dflt;+liga;+tlig;"!
Missing character: There is no е (U+0435) in font "name:TeX Gyre Termes:mode=no
de;script=cyrl;language=dflt;+liga;+tlig;"!
Missing character: There is no ф (U+0444) in font "name:TeX Gyre Termes:mode=no
de;script=cyrl;language=dflt;+liga;+tlig;"!
Missing character: There is no о (U+043E) in font "name:TeX Gyre Termes:mode=no
de;script=cyrl;language=dflt;+liga;+tlig;"!
Missing character: There is no р (U+0440) in font "name:TeX Gyre Termes:mode=no
de;script=cyrl;language=dflt;+liga;+tlig;"!
Missing character: There is no м (U+043C) in font "name:TeX Gyre Termes:mode=no
de;script=cyrl;language=dflt;+liga;+tlig;"!
Missing character: There is no у (U+0443) in font "name:TeX Gyre Termes:mode=no
de;script=cyrl;language=dflt;+liga;+tlig;"!
Missing character: There is no л (U+043B) in font "name:TeX Gyre Termes:mode=no
de;script=cyrl;language=dflt;+liga;+tlig;"!
Missing character: There is no и (U+0438) in font "name:TeX Gyre Termes:mode=no
de;script=cyrl;language=dflt;+liga;+tlig;"!
Missing character: There is no р (U+0440) in font "name:TeX Gyre Termes:mode=no
de;script=cyrl;language=dflt;+liga;+tlig;"!
Missing character: There is no о (U+043E) in font "name:TeX Gyre Termes:mode=no
de;script=cyrl;language=dflt;+liga;+tlig;"!
Missing character: There is no в (U+0432) in font "name:TeX Gyre Termes:mode=no
de;script=cyrl;language=dflt;+liga;+tlig;"!
Missing character: There is no к (U+043A) in font "name:TeX Gyre Termes:mode=no
de;script=cyrl;language=dflt;+liga;+tlig;"!
Missing character: There is no а (U+0430) in font "name:TeX Gyre Termes:mode=no
de;script=cyrl;language=dflt;+liga;+tlig;"!
Missing character: There is no п (U+043F) in font "name:TeX Gyre Termes:mode=no
de;script=cyrl;language=dflt;+liga;+tlig;"!
Missing character: There is no р (U+0440) in font "name:TeX Gyre Termes:mode=no
de;script=cyrl;language=dflt;+liga;+tlig;"!
Missing character: There is no а (U+0430) in font "name:TeX Gyre Termes:mode=no
de;script=cyrl;language=dflt;+liga;+tlig;"!
Missing character: There is no к (U+043A) in font "name:TeX Gyre Termes:mode=no
de;script=cyrl;language=dflt;+liga;+tlig;"!
Missing character: There is no т (U+0442) in font "name:TeX Gyre Termes:mode=no
de;script=cyrl;language=dflt;+liga;+tlig;"!
Missing character: There is no и (U+0438) in font "name:TeX Gyre Termes:mode=no
de;script=cyrl;language=dflt;+liga;+tlig;"!
Missing character: There is no ч (U+0447) in font "name:TeX Gyre Termes:mode=no
de;script=cyrl;language=dflt;+liga;+tlig;"!
Missing character: There is no е (U+0435) in font "name:TeX Gyre Termes:mode=no
de;script=cyrl;language=dflt;+liga;+tlig;"!
Missing character: There is no с (U+0441) in font "name:TeX Gyre Termes:mode=no
de;script=cyrl;language=dflt;+liga;+tlig;"!
Missing character: There is no к (U+043A) in font "name:TeX Gyre Termes:mode=no
de;script=cyrl;language=dflt;+liga;+tlig;"!
Missing character: There is no и (U+0438) in font "name:TeX Gyre Termes:mode=no
de;script=cyrl;language=dflt;+liga;+tlig;"!
Missing character: There is no х (U+0445) in font "name:TeX Gyre Termes:mode=no
de;script=cyrl;language=dflt;+liga;+tlig;"!
Missing character: There is no р (U+0440) in font "name:TeX Gyre Termes:mode=no
de;script=cyrl;language=dflt;+liga;+tlig;"!
Missing character: There is no е (U+0435) in font "name:TeX Gyre Termes:mode=no
de;script=cyrl;language=dflt;+liga;+tlig;"!
Missing character: There is no к (U+043A) in font "name:TeX Gyre Termes:mode=no
de;script=cyrl;language=dflt;+liga;+tlig;"!
Missing character: There is no о (U+043E) in font "name:TeX Gyre Termes:mode=no
de;script=cyrl;language=dflt;+liga;+tlig;"!
Missing character: There is no м (U+043C) in font "name:TeX Gyre Termes:mode=no
de;script=cyrl;language=dflt;+liga;+tlig;"!
Missing character: There is no е (U+0435) in font "name:TeX Gyre Termes:mode=no
de;script=cyrl;language=dflt;+liga;+tlig;"!
Missing character: There is no н (U+043D) in font "name:TeX Gyre Termes:mode=no
de;script=cyrl;language=dflt;+liga;+tlig;"!
Missing character: There is no д (U+0434) in font "name:TeX Gyre Termes:mode=no
de;script=cyrl;language=dflt;+liga;+tlig;"!
Missing character: There is no а (U+0430) in font "name:TeX Gyre Termes:mode=no
de;script=cyrl;language=dflt;+liga;+tlig;"!
Missing character: There is no ц (U+0446) in font "name:TeX Gyre Termes:mode=no
de;script=cyrl;language=dflt;+liga;+tlig;"!
Missing character: There is no и (U+0438) in font "name:TeX Gyre Termes:mode=no
de;script=cyrl;language=dflt;+liga;+tlig;"!
Missing character: There is no й (U+0439) in font "name:TeX Gyre Termes:mode=no
de;script=cyrl;language=dflt;+liga;+tlig;"!
Missing character: There is no п (U+043F) in font "name:TeX Gyre Termes:mode=no
de;script=cyrl;language=dflt;+liga;+tlig;"!
Missing character: There is no о (U+043E) in font "name:TeX Gyre Termes:mode=no
de;script=cyrl;language=dflt;+liga;+tlig;"!
Missing character: There is no и (U+0438) in font "name:TeX Gyre Termes:mode=no
de;script=cyrl;language=dflt;+liga;+tlig;"!
Missing character: There is no х (U+0445) in font "name:TeX Gyre Termes:mode=no
de;script=cyrl;language=dflt;+liga;+tlig;"!
Missing character: There is no в (U+0432) in font "name:TeX Gyre Termes:mode=no
de;script=cyrl;language=dflt;+liga;+tlig;"!
Missing character: There is no ы (U+044B) in font "name:TeX Gyre Termes:mode=no
de;script=cyrl;language=dflt;+liga;+tlig;"!
Missing character: There is no б (U+0431) in font "name:TeX Gyre Termes:mode=no
de;script=cyrl;language=dflt;+liga;+tlig;"!
Missing character: There is no о (U+043E) in font "name:TeX Gyre Termes:mode=no
de;script=cyrl;language=dflt;+liga;+tlig;"!
Missing character: There is no р (U+0440) in font "name:TeX Gyre Termes:mode=no
de;script=cyrl;language=dflt;+liga;+tlig;"!
Missing character: There is no у (U+0443) in font "name:TeX Gyre Termes:mode=no
de;script=cyrl;language=dflt;+liga;+tlig;"!
Missing character: There is no М (U+041C) in font "name:TeX Gyre Termes/B:mode=
node;script=cyrl;language=dflt;+liga;+tlig;"!
Missing character: There is no е (U+0435) in font "name:TeX Gyre Termes/B:mode=
node;script=cyrl;language=dflt;+liga;+tlig;"!
Missing character: There is no т (U+0442) in font "name:TeX Gyre Termes/B:mode=
node;script=cyrl;language=dflt;+liga;+tlig;"!
Missing character: There is no о (U+043E) in font "name:TeX Gyre Termes/B:mode=
node;script=cyrl;language=dflt;+liga;+tlig;"!
Missing character: There is no д (U+0434) in font "name:TeX Gyre Termes/B:mode=
node;script=cyrl;language=dflt;+liga;+tlig;"!
Missing character: There is no Р (U+0420) in font "name:TeX Gyre Termes:mode=no
de;script=cyrl;language=dflt;+liga;+tlig;"!
Missing character: There is no е (U+0435) in font "name:TeX Gyre Termes:mode=no
de;script=cyrl;language=dflt;+liga;+tlig;"!
Missing character: There is no а (U+0430) in font "name:TeX Gyre Termes:mode=no
de;script=cyrl;language=dflt;+liga;+tlig;"!
Missing character: There is no л (U+043B) in font "name:TeX Gyre Termes:mode=no
de;script=cyrl;language=dflt;+liga;+tlig;"!
Missing character: There is no и (U+0438) in font "name:TeX Gyre Termes:mode=no
de;script=cyrl;language=dflt;+liga;+tlig;"!
Missing character: There is no з (U+0437) in font "name:TeX Gyre Termes:mode=no
de;script=cyrl;language=dflt;+liga;+tlig;"!
Missing character: There is no о (U+043E) in font "name:TeX Gyre Termes:mode=no
de;script=cyrl;language=dflt;+liga;+tlig;"!
Missing character: There is no в (U+0432) in font "name:TeX Gyre Termes:mode=no
de;script=cyrl;language=dflt;+liga;+tlig;"!
Missing character: There is no а (U+0430) in font "name:TeX Gyre Termes:mode=no
de;script=cyrl;language=dflt;+liga;+tlig;"!
Missing character: There is no н (U+043D) in font "name:TeX Gyre Termes:mode=no
de;script=cyrl;language=dflt;+liga;+tlig;"!
Missing character: There is no а (U+0430) in font "name:TeX Gyre Termes:mode=no
de;script=cyrl;language=dflt;+liga;+tlig;"!
Missing character: There is no м (U+043C) in font "name:TeX Gyre Termes:mode=no
de;script=cyrl;language=dflt;+liga;+tlig;"!
Missing character: There is no о (U+043E) in font "name:TeX Gyre Termes:mode=no
de;script=cyrl;language=dflt;+liga;+tlig;"!
Missing character: There is no д (U+0434) in font "name:TeX Gyre Termes:mode=no
de;script=cyrl;language=dflt;+liga;+tlig;"!
Missing character: There is no е (U+0435) in font "name:TeX Gyre Termes:mode=no
de;script=cyrl;language=dflt;+liga;+tlig;"!
Missing character: There is no л (U+043B) in font "name:TeX Gyre Termes:mode=no
de;script=cyrl;language=dflt;+liga;+tlig;"!
Missing character: There is no ь (U+044C) in font "name:TeX Gyre Termes:mode=no
de;script=cyrl;language=dflt;+liga;+tlig;"!
Missing character: There is no с (U+0441) in font "name:TeX Gyre Termes:mode=no
de;script=cyrl;language=dflt;+liga;+tlig;"!
Missing character: There is no е (U+0435) in font "name:TeX Gyre Termes:mode=no
de;script=cyrl;language=dflt;+liga;+tlig;"!
Missing character: There is no т (U+0442) in font "name:TeX Gyre Termes:mode=no
de;script=cyrl;language=dflt;+liga;+tlig;"!
Missing character: There is no и (U+0438) in font "name:TeX Gyre Termes:mode=no
de;script=cyrl;language=dflt;+liga;+tlig;"!
Missing character: There is no с (U+0441) in font "name:TeX Gyre Termes:mode=no
de;script=cyrl;language=dflt;+liga;+tlig;"!
Missing character: There is no т (U+0442) in font "name:TeX Gyre Termes:mode=no
de;script=cyrl;language=dflt;+liga;+tlig;"!
Missing character: There is no о (U+043E) in font "name:TeX Gyre Termes:mode=no
de;script=cyrl;language=dflt;+liga;+tlig;"!
Missing character: There is no п (U+043F) in font "name:TeX Gyre Termes:mode=no
de;script=cyrl;language=dflt;+liga;+tlig;"!
Missing character: There is no о (U+043E) in font "name:TeX Gyre Termes:mode=no
de;script=cyrl;language=dflt;+liga;+tlig;"!
Missing character: There is no л (U+043B) in font "name:TeX Gyre Termes:mode=no
de;script=cyrl;language=dflt;+liga;+tlig;"!
Missing character: There is no о (U+043E) in font "name:TeX Gyre Termes:mode=no
de;script=cyrl;language=dflt;+liga;+tlig;"!
Missing character: There is no г (U+0433) in font "name:TeX Gyre Termes:mode=no
de;script=cyrl;language=dflt;+liga;+tlig;"!
Missing character: There is no и (U+0438) in font "name:TeX Gyre Termes:mode=no
de;script=cyrl;language=dflt;+liga;+tlig;"!
Missing character: There is no е (U+0435) in font "name:TeX Gyre Termes:mode=no
de;script=cyrl;language=dflt;+liga;+tlig;"!
Missing character: There is no й (U+0439) in font "name:TeX Gyre Termes:mode=no
de;script=cyrl;language=dflt;+liga;+tlig;"!
Missing character: There is no г (U+0433) in font "name:TeX Gyre Termes:mode=no
de;script=cyrl;language=dflt;+liga;+tlig;"!
Missing character: There is no а (U+0430) in font "name:TeX Gyre Termes:mode=no
de;script=cyrl;language=dflt;+liga;+tlig;"!
Missing character: There is no н (U+043D) in font "name:TeX Gyre Termes:mode=no
de;script=cyrl;language=dflt;+liga;+tlig;"!
Missing character: There is no т (U+0442) in font "name:TeX Gyre Termes:mode=no
de;script=cyrl;language=dflt;+liga;+tlig;"!
Missing character: There is no е (U+0435) in font "name:TeX Gyre Termes:mode=no
de;script=cyrl;language=dflt;+liga;+tlig;"!
Missing character: There is no л (U+043B) in font "name:TeX Gyre Termes:mode=no
de;script=cyrl;language=dflt;+liga;+tlig;"!
Missing character: There is no ь (U+044C) in font "name:TeX Gyre Termes:mode=no
de;script=cyrl;language=dflt;+liga;+tlig;"!
Missing character: There is no в (U+0432) in font "name:TeX Gyre Termes:mode=no
de;script=cyrl;language=dflt;+liga;+tlig;"!
Missing character: There is no с (U+0441) in font "name:TeX Gyre Termes:mode=no
de;script=cyrl;language=dflt;+liga;+tlig;"!
Missing character: There is no р (U+0440) in font "name:TeX Gyre Termes:mode=no
de;script=cyrl;language=dflt;+liga;+tlig;"!
Missing character: There is no е (U+0435) in font "name:TeX Gyre Termes:mode=no
de;script=cyrl;language=dflt;+liga;+tlig;"!
Missing character: There is no д (U+0434) in font "name:TeX Gyre Termes:mode=no
de;script=cyrl;language=dflt;+liga;+tlig;"!
Missing character: There is no е (U+0435) in font "name:TeX Gyre Termes:mode=no
de;script=cyrl;language=dflt;+liga;+tlig;"!
Missing character: There is no д (U+0434) in font "name:TeX Gyre Termes:mode=no
de;script=cyrl;language=dflt;+liga;+tlig;"!
Missing character: There is no и (U+0438) in font "name:TeX Gyre Termes:mode=no
de;script=cyrl;language=dflt;+liga;+tlig;"!
Missing character: There is no с (U+0441) in font "name:TeX Gyre Termes:mode=no
de;script=cyrl;language=dflt;+liga;+tlig;"!
Missing character: There is no к (U+043A) in font "name:TeX Gyre Termes:mode=no
de;script=cyrl;language=dflt;+liga;+tlig;"!
Missing character: There is no р (U+0440) in font "name:TeX Gyre Termes:mode=no
de;script=cyrl;language=dflt;+liga;+tlig;"!
Missing character: There is no е (U+0435) in font "name:TeX Gyre Termes:mode=no
de;script=cyrl;language=dflt;+liga;+tlig;"!
Missing character: There is no т (U+0442) in font "name:TeX Gyre Termes:mode=no
de;script=cyrl;language=dflt;+liga;+tlig;"!
Missing character: There is no н (U+043D) in font "name:TeX Gyre Termes:mode=no
de;script=cyrl;language=dflt;+liga;+tlig;"!
Missing character: There is no о (U+043E) in font "name:TeX Gyre Termes:mode=no
de;script=cyrl;language=dflt;+liga;+tlig;"!
Missing character: There is no с (U+0441) in font "name:TeX Gyre Termes:mode=no
de;script=cyrl;language=dflt;+liga;+tlig;"!
Missing character: There is no о (U+043E) in font "name:TeX Gyre Termes:mode=no
de;script=cyrl;language=dflt;+liga;+tlig;"!
Missing character: There is no б (U+0431) in font "name:TeX Gyre Termes:mode=no
de;script=cyrl;language=dflt;+liga;+tlig;"!
Missing character: There is no ы (U+044B) in font "name:TeX Gyre Termes:mode=no
de;script=cyrl;language=dflt;+liga;+tlig;"!
Missing character: There is no т (U+0442) in font "name:TeX Gyre Termes:mode=no
de;script=cyrl;language=dflt;+liga;+tlig;"!
Missing character: There is no и (U+0438) in font "name:TeX Gyre Termes:mode=no
de;script=cyrl;language=dflt;+liga;+tlig;"!
Missing character: There is no й (U+0439) in font "name:TeX Gyre Termes:mode=no
de;script=cyrl;language=dflt;+liga;+tlig;"!
Missing character: There is no н (U+043D) in font "name:TeX Gyre Termes:mode=no
de;script=cyrl;language=dflt;+liga;+tlig;"!
Missing character: There is no о (U+043E) in font "name:TeX Gyre Termes:mode=no
de;script=cyrl;language=dflt;+liga;+tlig;"!
Missing character: There is no г (U+0433) in font "name:TeX Gyre Termes:mode=no
de;script=cyrl;language=dflt;+liga;+tlig;"!
Missing character: There is no о (U+043E) in font "name:TeX Gyre Termes:mode=no
de;script=cyrl;language=dflt;+liga;+tlig;"!
Missing character: There is no с (U+0441) in font "name:TeX Gyre Termes:mode=no
de;script=cyrl;language=dflt;+liga;+tlig;"!
Missing character: There is no и (U+0438) in font "name:TeX Gyre Termes:mode=no
de;script=cyrl;language=dflt;+liga;+tlig;"!
Missing character: There is no м (U+043C) in font "name:TeX Gyre Termes:mode=no
de;script=cyrl;language=dflt;+liga;+tlig;"!
Missing character: There is no у (U+0443) in font "name:TeX Gyre Termes:mode=no
de;script=cyrl;language=dflt;+liga;+tlig;"!
Missing character: There is no л (U+043B) in font "name:TeX Gyre Termes:mode=no
de;script=cyrl;language=dflt;+liga;+tlig;"!
Missing character: There is no я (U+044F) in font "name:TeX Gyre Termes:mode=no
de;script=cyrl;language=dflt;+liga;+tlig;"!
Missing character: There is no т (U+0442) in font "name:TeX Gyre Termes:mode=no
de;script=cyrl;language=dflt;+liga;+tlig;"!
Missing character: There is no о (U+043E) in font "name:TeX Gyre Termes:mode=no
de;script=cyrl;language=dflt;+liga;+tlig;"!
Missing character: There is no р (U+0440) in font "name:TeX Gyre Termes:mode=no
de;script=cyrl;language=dflt;+liga;+tlig;"!
Missing character: There is no а (U+0430) in font "name:TeX Gyre Termes:mode=no
de;script=cyrl;language=dflt;+liga;+tlig;"!
Missing character: There is no в (U+0432) in font "name:TeX Gyre Termes:mode=no
de;script=cyrl;language=dflt;+liga;+tlig;"!
Missing character: There is no е (U+0435) in font "name:TeX Gyre Termes:mode=no
de;script=cyrl;language=dflt;+liga;+tlig;"!
Missing character: There is no р (U+0440) in font "name:TeX Gyre Termes:mode=no
de;script=cyrl;language=dflt;+liga;+tlig;"!
Missing character: There is no с (U+0441) in font "name:TeX Gyre Termes:mode=no
de;script=cyrl;language=dflt;+liga;+tlig;"!
Missing character: There is no и (U+0438) in font "name:TeX Gyre Termes:mode=no
de;script=cyrl;language=dflt;+liga;+tlig;"!
Missing character: There is no я (U+044F) in font "name:TeX Gyre Termes:mode=no
de;script=cyrl;language=dflt;+liga;+tlig;"!
Missing character: There is no с (U+0441) in font "name:TeX Gyre Termes:mode=no
de;script=cyrl;language=dflt;+liga;+tlig;"!
Missing character: There is no д (U+0434) in font "name:TeX Gyre Termes:mode=no
de;script=cyrl;language=dflt;+liga;+tlig;"!
Missing character: There is no е (U+0435) in font "name:TeX Gyre Termes:mode=no
de;script=cyrl;language=dflt;+liga;+tlig;"!
Missing character: There is no с (U+0441) in font "name:TeX Gyre Termes:mode=no
de;script=cyrl;language=dflt;+liga;+tlig;"!
Missing character: There is no я (U+044F) in font "name:TeX Gyre Termes:mode=no
de;script=cyrl;language=dflt;+liga;+tlig;"!
Missing character: There is no т (U+0442) in font "name:TeX Gyre Termes:mode=no
de;script=cyrl;language=dflt;+liga;+tlig;"!
Missing character: There is no ь (U+044C) in font "name:TeX Gyre Termes:mode=no
de;script=cyrl;language=dflt;+liga;+tlig;"!
Missing character: There is no ю (U+044E) in font "name:TeX Gyre Termes:mode=no
de;script=cyrl;language=dflt;+liga;+tlig;"!
Missing character: There is no и (U+0438) in font "name:TeX Gyre Termes:mode=no
de;script=cyrl;language=dflt;+liga;+tlig;"!
Missing character: There is no с (U+0441) in font "name:TeX Gyre Termes:mode=no
de;script=cyrl;language=dflt;+liga;+tlig;"!
Missing character: There is no т (U+0442) in font "name:TeX Gyre Termes:mode=no
de;script=cyrl;language=dflt;+liga;+tlig;"!
Missing character: There is no о (U+043E) in font "name:TeX Gyre Termes:mode=no
de;script=cyrl;language=dflt;+liga;+tlig;"!
Missing character: There is no ч (U+0447) in font "name:TeX Gyre Termes:mode=no
de;script=cyrl;language=dflt;+liga;+tlig;"!
Missing character: There is no н (U+043D) in font "name:TeX Gyre Termes:mode=no
de;script=cyrl;language=dflt;+liga;+tlig;"!
Missing character: There is no и (U+0438) in font "name:TeX Gyre Termes:mode=no
de;script=cyrl;language=dflt;+liga;+tlig;"!
Missing character: There is no к (U+043A) in font "name:TeX Gyre Termes:mode=no
de;script=cyrl;language=dflt;+liga;+tlig;"!
Missing character: There is no а (U+0430) in font "name:TeX Gyre Termes:mode=no
de;script=cyrl;language=dflt;+liga;+tlig;"!
Missing character: There is no м (U+043C) in font "name:TeX Gyre Termes:mode=no
de;script=cyrl;language=dflt;+liga;+tlig;"!
Missing character: There is no и (U+0438) in font "name:TeX Gyre Termes:mode=no
de;script=cyrl;language=dflt;+liga;+tlig;"!
Missing character: There is no с (U+0441) in font "name:TeX Gyre Termes:mode=no
de;script=cyrl;language=dflt;+liga;+tlig;"!
Missing character: There is no о (U+043E) in font "name:TeX Gyre Termes:mode=no
de;script=cyrl;language=dflt;+liga;+tlig;"!
Missing character: There is no з (U+0437) in font "name:TeX Gyre Termes:mode=no
de;script=cyrl;language=dflt;+liga;+tlig;"!
Missing character: There is no д (U+0434) in font "name:TeX Gyre Termes:mode=no
de;script=cyrl;language=dflt;+liga;+tlig;"!
Missing character: There is no а (U+0430) in font "name:TeX Gyre Termes:mode=no
de;script=cyrl;language=dflt;+liga;+tlig;"!
Missing character: There is no ю (U+044E) in font "name:TeX Gyre Termes:mode=no
de;script=cyrl;language=dflt;+liga;+tlig;"!
Missing character: There is no щ (U+0449) in font "name:TeX Gyre Termes:mode=no
de;script=cyrl;language=dflt;+liga;+tlig;"!
Missing character: There is no и (U+0438) in font "name:TeX Gyre Termes:mode=no
de;script=cyrl;language=dflt;+liga;+tlig;"!
Missing character: There is no м (U+043C) in font "name:TeX Gyre Termes:mode=no
de;script=cyrl;language=dflt;+liga;+tlig;"!
Missing character: There is no и (U+0438) in font "name:TeX Gyre Termes:mode=no
de;script=cyrl;language=dflt;+liga;+tlig;"!
Missing character: There is no у (U+0443) in font "name:TeX Gyre Termes:mode=no
de;script=cyrl;language=dflt;+liga;+tlig;"!
Missing character: There is no с (U+0441) in font "name:TeX Gyre Termes:mode=no
de;script=cyrl;language=dflt;+liga;+tlig;"!
Missing character: There is no т (U+0442) in font "name:TeX Gyre Termes:mode=no
de;script=cyrl;language=dflt;+liga;+tlig;"!
Missing character: There is no о (U+043E) in font "name:TeX Gyre Termes:mode=no
de;script=cyrl;language=dflt;+liga;+tlig;"!
Missing character: There is no й (U+0439) in font "name:TeX Gyre Termes:mode=no
de;script=cyrl;language=dflt;+liga;+tlig;"!
Missing character: There is no ч (U+0447) in font "name:TeX Gyre Termes:mode=no
de;script=cyrl;language=dflt;+liga;+tlig;"!
Missing character: There is no и (U+0438) in font "name:TeX Gyre Termes:mode=no
de;script=cyrl;language=dflt;+liga;+tlig;"!
Missing character: There is no в (U+0432) in font "name:TeX Gyre Termes:mode=no
de;script=cyrl;language=dflt;+liga;+tlig;"!
Missing character: There is no у (U+0443) in font "name:TeX Gyre Termes:mode=no
de;script=cyrl;language=dflt;+liga;+tlig;"!
Missing character: There is no ю (U+044E) in font "name:TeX Gyre Termes:mode=no
de;script=cyrl;language=dflt;+liga;+tlig;"!
Missing character: There is no п (U+043F) in font "name:TeX Gyre Termes:mode=no
de;script=cyrl;language=dflt;+liga;+tlig;"!
Missing character: There is no е (U+0435) in font "name:TeX Gyre Termes:mode=no
de;script=cyrl;language=dflt;+liga;+tlig;"!
Missing character: There is no р (U+0440) in font "name:TeX Gyre Termes:mode=no
de;script=cyrl;language=dflt;+liga;+tlig;"!
Missing character: There is no е (U+0435) in font "name:TeX Gyre Termes:mode=no
de;script=cyrl;language=dflt;+liga;+tlig;"!
Missing character: There is no г (U+0433) in font "name:TeX Gyre Termes:mode=no
de;script=cyrl;language=dflt;+liga;+tlig;"!
Missing character: There is no р (U+0440) in font "name:TeX Gyre Termes:mode=no
de;script=cyrl;language=dflt;+liga;+tlig;"!
Missing character: There is no у (U+0443) in font "name:TeX Gyre Termes:mode=no
de;script=cyrl;language=dflt;+liga;+tlig;"!
Missing character: There is no з (U+0437) in font "name:TeX Gyre Termes:mode=no
de;script=cyrl;language=dflt;+liga;+tlig;"!
Missing character: There is no к (U+043A) in font "name:TeX Gyre Termes:mode=no
de;script=cyrl;language=dflt;+liga;+tlig;"!
Missing character: There is no у (U+0443) in font "name:TeX Gyre Termes:mode=no
de;script=cyrl;language=dflt;+liga;+tlig;"!
Missing character: There is no у (U+0443) in font "name:TeX Gyre Termes:mode=no
de;script=cyrl;language=dflt;+liga;+tlig;"!
Missing character: There is no з (U+0437) in font "name:TeX Gyre Termes:mode=no
de;script=cyrl;language=dflt;+liga;+tlig;"!
Missing character: There is no к (U+043A) in font "name:TeX Gyre Termes:mode=no
de;script=cyrl;language=dflt;+liga;+tlig;"!
Missing character: There is no о (U+043E) in font "name:TeX Gyre Termes:mode=no
de;script=cyrl;language=dflt;+liga;+tlig;"!
Missing character: There is no г (U+0433) in font "name:TeX Gyre Termes:mode=no
de;script=cyrl;language=dflt;+liga;+tlig;"!
Missing character: There is no о (U+043E) in font "name:TeX Gyre Termes:mode=no
de;script=cyrl;language=dflt;+liga;+tlig;"!
Missing character: There is no к (U+043A) in font "name:TeX Gyre Termes:mode=no
de;script=cyrl;language=dflt;+liga;+tlig;"!
Missing character: There is no а (U+0430) in font "name:TeX Gyre Termes:mode=no
de;script=cyrl;language=dflt;+liga;+tlig;"!
Missing character: There is no н (U+043D) in font "name:TeX Gyre Termes:mode=no
de;script=cyrl;language=dflt;+liga;+tlig;"!
Missing character: There is no а (U+0430) in font "name:TeX Gyre Termes:mode=no
de;script=cyrl;language=dflt;+liga;+tlig;"!
Missing character: There is no л (U+043B) in font "name:TeX Gyre Termes:mode=no
de;script=cyrl;language=dflt;+liga;+tlig;"!
Missing character: There is no а (U+0430) in font "name:TeX Gyre Termes:mode=no
de;script=cyrl;language=dflt;+liga;+tlig;"!
Missing character: There is no М (U+041C) in font "name:TeX Gyre Termes:mode=no
de;script=cyrl;language=dflt;+liga;+tlig;"!
Missing character: There is no б (U+0431) in font "name:TeX Gyre Termes:mode=no
de;script=cyrl;language=dflt;+liga;+tlig;"!
Missing character: There is no и (U+0438) in font "name:TeX Gyre Termes:mode=no
de;script=cyrl;language=dflt;+liga;+tlig;"!
Missing character: There is no т (U+0442) in font "name:TeX Gyre Termes:mode=no
de;script=cyrl;language=dflt;+liga;+tlig;"!
Missing character: There is no с (U+0441) in font "name:TeX Gyre Termes:mode=no
de;script=cyrl;language=dflt;+liga;+tlig;"!
Missing character: There is no В (U+0412) in font "name:TeX Gyre Termes:mode=no
de;script=cyrl;language=dflt;+liga;+tlig;"!
Missing character: There is no с (U+0441) in font "name:TeX Gyre Termes:mode=no
de;script=cyrl;language=dflt;+liga;+tlig;"!
Missing character: There is no е (U+0435) in font "name:TeX Gyre Termes:mode=no
de;script=cyrl;language=dflt;+liga;+tlig;"!
Missing character: There is no т (U+0442) in font "name:TeX Gyre Termes:mode=no
de;script=cyrl;language=dflt;+liga;+tlig;"!
Missing character: There is no р (U+0440) in font "name:TeX Gyre Termes:mode=no
de;script=cyrl;language=dflt;+liga;+tlig;"!
Missing character: There is no и (U+0438) in font "name:TeX Gyre Termes:mode=no
de;script=cyrl;language=dflt;+liga;+tlig;"!
Missing character: There is no а (U+0430) in font "name:TeX Gyre Termes:mode=no
de;script=cyrl;language=dflt;+liga;+tlig;"!
Missing character: There is no л (U+043B) in font "name:TeX Gyre Termes:mode=no
de;script=cyrl;language=dflt;+liga;+tlig;"!
Missing character: There is no г (U+0433) in font "name:TeX Gyre Termes:mode=no
de;script=cyrl;language=dflt;+liga;+tlig;"!
Missing character: There is no о (U+043E) in font "name:TeX Gyre Termes:mode=no
de;script=cyrl;language=dflt;+liga;+tlig;"!
Missing character: There is no р (U+0440) in font "name:TeX Gyre Termes:mode=no
de;script=cyrl;language=dflt;+liga;+tlig;"!
Missing character: There is no и (U+0438) in font "name:TeX Gyre Termes:mode=no
de;script=cyrl;language=dflt;+liga;+tlig;"!
Missing character: There is no т (U+0442) in font "name:TeX Gyre Termes:mode=no
de;script=cyrl;language=dflt;+liga;+tlig;"!
Missing character: There is no м (U+043C) in font "name:TeX Gyre Termes:mode=no
de;script=cyrl;language=dflt;+liga;+tlig;"!
Missing character: There is no а (U+0430) in font "name:TeX Gyre Termes:mode=no
de;script=cyrl;language=dflt;+liga;+tlig;"!
Missing character: There is no о (U+043E) in font "name:TeX Gyre Termes:mode=no
de;script=cyrl;language=dflt;+liga;+tlig;"!
Missing character: There is no ц (U+0446) in font "name:TeX Gyre Termes:mode=no
de;script=cyrl;language=dflt;+liga;+tlig;"!
Missing character: There is no е (U+0435) in font "name:TeX Gyre Termes:mode=no
de;script=cyrl;language=dflt;+liga;+tlig;"!
Missing character: There is no н (U+043D) in font "name:TeX Gyre Termes:mode=no
de;script=cyrl;language=dflt;+liga;+tlig;"!
Missing character: There is no е (U+0435) in font "name:TeX Gyre Termes:mode=no
de;script=cyrl;language=dflt;+liga;+tlig;"!
Missing character: There is no н (U+043D) in font "name:TeX Gyre Termes:mode=no
de;script=cyrl;language=dflt;+liga;+tlig;"!
Missing character: There is no ы (U+044B) in font "name:TeX Gyre Termes:mode=no
de;script=cyrl;language=dflt;+liga;+tlig;"!
Missing character: There is no с (U+0441) in font "name:TeX Gyre Termes:mode=no
de;script=cyrl;language=dflt;+liga;+tlig;"!
Missing character: There is no и (U+0438) in font "name:TeX Gyre Termes:mode=no
de;script=cyrl;language=dflt;+liga;+tlig;"!
Missing character: There is no д (U+0434) in font "name:TeX Gyre Termes:mode=no
de;script=cyrl;language=dflt;+liga;+tlig;"!
Missing character: There is no е (U+0435) in font "name:TeX Gyre Termes:mode=no
de;script=cyrl;language=dflt;+liga;+tlig;"!
Missing character: There is no н (U+043D) in font "name:TeX Gyre Termes:mode=no
de;script=cyrl;language=dflt;+liga;+tlig;"!
Missing character: There is no т (U+0442) in font "name:TeX Gyre Termes:mode=no
de;script=cyrl;language=dflt;+liga;+tlig;"!
Missing character: There is no и (U+0438) in font "name:TeX Gyre Termes:mode=no
de;script=cyrl;language=dflt;+liga;+tlig;"!
Missing character: There is no ч (U+0447) in font "name:TeX Gyre Termes:mode=no
de;script=cyrl;language=dflt;+liga;+tlig;"!
Missing character: There is no н (U+043D) in font "name:TeX Gyre Termes:mode=no
de;script=cyrl;language=dflt;+liga;+tlig;"!
Missing character: There is no ы (U+044B) in font "name:TeX Gyre Termes:mode=no
de;script=cyrl;language=dflt;+liga;+tlig;"!
Missing character: There is no м (U+043C) in font "name:TeX Gyre Termes:mode=no
de;script=cyrl;language=dflt;+liga;+tlig;"!
Missing character: There is no и (U+0438) in font "name:TeX Gyre Termes:mode=no
de;script=cyrl;language=dflt;+liga;+tlig;"!
Missing character: There is no п (U+043F) in font "name:TeX Gyre Termes:mode=no
de;script=cyrl;language=dflt;+liga;+tlig;"!
Missing character: There is no о (U+043E) in font "name:TeX Gyre Termes:mode=no
de;script=cyrl;language=dflt;+liga;+tlig;"!
Missing character: There is no р (U+0440) in font "name:TeX Gyre Termes:mode=no
de;script=cyrl;language=dflt;+liga;+tlig;"!
Missing character: There is no о (U+043E) in font "name:TeX Gyre Termes:mode=no
de;script=cyrl;language=dflt;+liga;+tlig;"!
Missing character: There is no г (U+0433) in font "name:TeX Gyre Termes:mode=no
de;script=cyrl;language=dflt;+liga;+tlig;"!
Missing character: There is no а (U+0430) in font "name:TeX Gyre Termes:mode=no
de;script=cyrl;language=dflt;+liga;+tlig;"!
Missing character: There is no м (U+043C) in font "name:TeX Gyre Termes:mode=no
de;script=cyrl;language=dflt;+liga;+tlig;"!
Missing character: There is no и (U+0438) in font "name:TeX Gyre Termes:mode=no
de;script=cyrl;language=dflt;+liga;+tlig;"!
Missing character: There is no о (U+043E) in font "name:TeX Gyre Termes:mode=no
de;script=cyrl;language=dflt;+liga;+tlig;"!
Missing character: There is no ч (U+0447) in font "name:TeX Gyre Termes:mode=no
de;script=cyrl;language=dflt;+liga;+tlig;"!
Missing character: There is no е (U+0435) in font "name:TeX Gyre Termes:mode=no
de;script=cyrl;language=dflt;+liga;+tlig;"!
Missing character: There is no р (U+0440) in font "name:TeX Gyre Termes:mode=no
de;script=cyrl;language=dflt;+liga;+tlig;"!
Missing character: There is no е (U+0435) in font "name:TeX Gyre Termes:mode=no
de;script=cyrl;language=dflt;+liga;+tlig;"!
Missing character: There is no д (U+0434) in font "name:TeX Gyre Termes:mode=no
de;script=cyrl;language=dflt;+liga;+tlig;"!
Missing character: There is no и (U+0438) in font "name:TeX Gyre Termes:mode=no
de;script=cyrl;language=dflt;+liga;+tlig;"!
Missing character: There is no п (U+043F) in font "name:TeX Gyre Termes:mode=no
de;script=cyrl;language=dflt;+liga;+tlig;"!
Missing character: There is no р (U+0440) in font "name:TeX Gyre Termes:mode=no
de;script=cyrl;language=dflt;+liga;+tlig;"!
Missing character: There is no о (U+043E) in font "name:TeX Gyre Termes:mode=no
de;script=cyrl;language=dflt;+liga;+tlig;"!
Missing character: There is no ф (U+0444) in font "name:TeX Gyre Termes:mode=no
de;script=cyrl;language=dflt;+liga;+tlig;"!
Missing character: There is no и (U+0438) in font "name:TeX Gyre Termes:mode=no
de;script=cyrl;language=dflt;+liga;+tlig;"!
Missing character: There is no л (U+043B) in font "name:TeX Gyre Termes:mode=no
de;script=cyrl;language=dflt;+liga;+tlig;"!
Missing character: There is no е (U+0435) in font "name:TeX Gyre Termes:mode=no
de;script=cyrl;language=dflt;+liga;+tlig;"!
Missing character: There is no м (U+043C) in font "name:TeX Gyre Termes:mode=no
de;script=cyrl;language=dflt;+liga;+tlig;"!
Missing character: There is no н (U+043D) in font "name:TeX Gyre Termes:mode=no
de;script=cyrl;language=dflt;+liga;+tlig;"!
Missing character: There is no а (U+0430) in font "name:TeX Gyre Termes:mode=no
de;script=cyrl;language=dflt;+liga;+tlig;"!
Missing character: There is no г (U+0433) in font "name:TeX Gyre Termes:mode=no
de;script=cyrl;language=dflt;+liga;+tlig;"!
Missing character: There is no р (U+0440) in font "name:TeX Gyre Termes:mode=no
de;script=cyrl;language=dflt;+liga;+tlig;"!
Missing character: There is no у (U+0443) in font "name:TeX Gyre Termes:mode=no
de;script=cyrl;language=dflt;+liga;+tlig;"!
Missing character: There is no з (U+0437) in font "name:TeX Gyre Termes:mode=no
de;script=cyrl;language=dflt;+liga;+tlig;"!
Missing character: There is no к (U+043A) in font "name:TeX Gyre Termes:mode=no
de;script=cyrl;language=dflt;+liga;+tlig;"!
Missing character: There is no и (U+0438) in font "name:TeX Gyre Termes:mode=no
de;script=cyrl;language=dflt;+liga;+tlig;"!
Missing character: There is no и (U+0438) in font "name:TeX Gyre Termes:mode=no
de;script=cyrl;language=dflt;+liga;+tlig;"!
Missing character: There is no т (U+0442) in font "name:TeX Gyre Termes:mode=no
de;script=cyrl;language=dflt;+liga;+tlig;"!
Missing character: There is no о (U+043E) in font "name:TeX Gyre Termes:mode=no
de;script=cyrl;language=dflt;+liga;+tlig;"!
Missing character: There is no п (U+043F) in font "name:TeX Gyre Termes:mode=no
de;script=cyrl;language=dflt;+liga;+tlig;"!
Missing character: There is no о (U+043E) in font "name:TeX Gyre Termes:mode=no
de;script=cyrl;language=dflt;+liga;+tlig;"!
Missing character: There is no л (U+043B) in font "name:TeX Gyre Termes:mode=no
de;script=cyrl;language=dflt;+liga;+tlig;"!
Missing character: There is no о (U+043E) in font "name:TeX Gyre Termes:mode=no
de;script=cyrl;language=dflt;+liga;+tlig;"!
Missing character: There is no г (U+0433) in font "name:TeX Gyre Termes:mode=no
de;script=cyrl;language=dflt;+liga;+tlig;"!
Missing character: There is no и (U+0438) in font "name:TeX Gyre Termes:mode=no
de;script=cyrl;language=dflt;+liga;+tlig;"!
Missing character: There is no е (U+0435) in font "name:TeX Gyre Termes:mode=no
de;script=cyrl;language=dflt;+liga;+tlig;"!
Missing character: There is no й (U+0439) in font "name:TeX Gyre Termes:mode=no
de;script=cyrl;language=dflt;+liga;+tlig;"!
Missing character: There is no в (U+0432) in font "name:TeX Gyre Termes:mode=no
de;script=cyrl;language=dflt;+liga;+tlig;"!
Missing character: There is no т (U+0442) in font "name:TeX Gyre Termes:mode=no
de;script=cyrl;language=dflt;+liga;+tlig;"!
Missing character: There is no е (U+0435) in font "name:TeX Gyre Termes:mode=no
de;script=cyrl;language=dflt;+liga;+tlig;"!
Missing character: There is no ч (U+0447) in font "name:TeX Gyre Termes:mode=no
de;script=cyrl;language=dflt;+liga;+tlig;"!
Missing character: There is no е (U+0435) in font "name:TeX Gyre Termes:mode=no
de;script=cyrl;language=dflt;+liga;+tlig;"!
Missing character: There is no н (U+043D) in font "name:TeX Gyre Termes:mode=no
de;script=cyrl;language=dflt;+liga;+tlig;"!
Missing character: There is no и (U+0438) in font "name:TeX Gyre Termes:mode=no
de;script=cyrl;language=dflt;+liga;+tlig;"!
Missing character: There is no е (U+0435) in font "name:TeX Gyre Termes:mode=no
de;script=cyrl;language=dflt;+liga;+tlig;"!
Missing character: There is no с (U+0441) in font "name:TeX Gyre Termes:mode=no
de;script=cyrl;language=dflt;+liga;+tlig;"!
Missing character: There is no е (U+0435) in font "name:TeX Gyre Termes:mode=no
de;script=cyrl;language=dflt;+liga;+tlig;"!
Missing character: There is no к (U+043A) in font "name:TeX Gyre Termes:mode=no
de;script=cyrl;language=dflt;+liga;+tlig;"!
Missing character: There is no у (U+0443) in font "name:TeX Gyre Termes:mode=no
de;script=cyrl;language=dflt;+liga;+tlig;"!
Missing character: There is no н (U+043D) in font "name:TeX Gyre Termes:mode=no
de;script=cyrl;language=dflt;+liga;+tlig;"!
Missing character: There is no д (U+0434) in font "name:TeX Gyre Termes:mode=no
de;script=cyrl;language=dflt;+liga;+tlig;"!
Missing character: There is no м (U+043C) in font "name:TeX Gyre Termes:mode=no
de;script=cyrl;language=dflt;+liga;+tlig;"!
Missing character: There is no о (U+043E) in font "name:TeX Gyre Termes:mode=no
de;script=cyrl;language=dflt;+liga;+tlig;"!
Missing character: There is no д (U+0434) in font "name:TeX Gyre Termes:mode=no
de;script=cyrl;language=dflt;+liga;+tlig;"!
Missing character: There is no е (U+0435) in font "name:TeX Gyre Termes:mode=no
de;script=cyrl;language=dflt;+liga;+tlig;"!
Missing character: There is no л (U+043B) in font "name:TeX Gyre Termes:mode=no
de;script=cyrl;language=dflt;+liga;+tlig;"!
Missing character: There is no и (U+0438) in font "name:TeX Gyre Termes:mode=no
de;script=cyrl;language=dflt;+liga;+tlig;"!
Missing character: There is no р (U+0440) in font "name:TeX Gyre Termes:mode=no
de;script=cyrl;language=dflt;+liga;+tlig;"!
Missing character: There is no о (U+043E) in font "name:TeX Gyre Termes:mode=no
de;script=cyrl;language=dflt;+liga;+tlig;"!
Missing character: There is no в (U+0432) in font "name:TeX Gyre Termes:mode=no
de;script=cyrl;language=dflt;+liga;+tlig;"!
Missing character: There is no а (U+0430) in font "name:TeX Gyre Termes:mode=no
de;script=cyrl;language=dflt;+liga;+tlig;"!
Missing character: There is no н (U+043D) in font "name:TeX Gyre Termes:mode=no
de;script=cyrl;language=dflt;+liga;+tlig;"!
Missing character: There is no и (U+0438) in font "name:TeX Gyre Termes:mode=no
de;script=cyrl;language=dflt;+liga;+tlig;"!
Missing character: There is no я (U+044F) in font "name:TeX Gyre Termes:mode=no
de;script=cyrl;language=dflt;+liga;+tlig;"!
Missing character: There is no П (U+041F) in font "name:TeX Gyre Termes:mode=no
de;script=cyrl;language=dflt;+liga;+tlig;"!
Missing character: There is no р (U+0440) in font "name:TeX Gyre Termes:mode=no
de;script=cyrl;language=dflt;+liga;+tlig;"!
Missing character: There is no и (U+0438) in font "name:TeX Gyre Termes:mode=no
de;script=cyrl;language=dflt;+liga;+tlig;"!
Missing character: There is no м (U+043C) in font "name:TeX Gyre Termes:mode=no
de;script=cyrl;language=dflt;+liga;+tlig;"!
Missing character: There is no е (U+0435) in font "name:TeX Gyre Termes:mode=no
de;script=cyrl;language=dflt;+liga;+tlig;"!
Missing character: There is no н (U+043D) in font "name:TeX Gyre Termes:mode=no
de;script=cyrl;language=dflt;+liga;+tlig;"!
Missing character: There is no ё (U+0451) in font "name:TeX Gyre Termes:mode=no
de;script=cyrl;language=dflt;+liga;+tlig;"!
Missing character: There is no н (U+043D) in font "name:TeX Gyre Termes:mode=no
de;script=cyrl;language=dflt;+liga;+tlig;"!
Missing character: There is no р (U+0440) in font "name:TeX Gyre Termes:mode=no
de;script=cyrl;language=dflt;+liga;+tlig;"!
Missing character: There is no а (U+0430) in font "name:TeX Gyre Termes:mode=no
de;script=cyrl;language=dflt;+liga;+tlig;"!
Missing character: There is no с (U+0441) in font "name:TeX Gyre Termes:mode=no
de;script=cyrl;language=dflt;+liga;+tlig;"!
Missing character: There is no ш (U+0448) in font "name:TeX Gyre Termes:mode=no
de;script=cyrl;language=dflt;+liga;+tlig;"!
Missing character: There is no и (U+0438) in font "name:TeX Gyre Termes:mode=no
de;script=cyrl;language=dflt;+liga;+tlig;"!
Missing character: There is no р (U+0440) in font "name:TeX Gyre Termes:mode=no
de;script=cyrl;language=dflt;+liga;+tlig;"!
Missing character: There is no е (U+0435) in font "name:TeX Gyre Termes:mode=no
de;script=cyrl;language=dflt;+liga;+tlig;"!
Missing character: There is no н (U+043D) in font "name:TeX Gyre Termes:mode=no
de;script=cyrl;language=dflt;+liga;+tlig;"!
Missing character: There is no н (U+043D) in font "name:TeX Gyre Termes:mode=no
de;script=cyrl;language=dflt;+liga;+tlig;"!
Missing character: There is no ы (U+044B) in font "name:TeX Gyre Termes:mode=no
de;script=cyrl;language=dflt;+liga;+tlig;"!
Missing character: There is no й (U+0439) in font "name:TeX Gyre Termes:mode=no
de;script=cyrl;language=dflt;+liga;+tlig;"!
Missing character: There is no н (U+043D) in font "name:TeX Gyre Termes:mode=no
de;script=cyrl;language=dflt;+liga;+tlig;"!
Missing character: There is no а (U+0430) in font "name:TeX Gyre Termes:mode=no
de;script=cyrl;language=dflt;+liga;+tlig;"!
Missing character: There is no б (U+0431) in font "name:TeX Gyre Termes:mode=no
de;script=cyrl;language=dflt;+liga;+tlig;"!
Missing character: There is no о (U+043E) in font "name:TeX Gyre Termes:mode=no
de;script=cyrl;language=dflt;+liga;+tlig;"!
Missing character: There is no р (U+0440) in font "name:TeX Gyre Termes:mode=no
de;script=cyrl;language=dflt;+liga;+tlig;"!
Missing character: There is no м (U+043C) in font "name:TeX Gyre Termes:mode=no
de;script=cyrl;language=dflt;+liga;+tlig;"!
Missing character: There is no е (U+0435) in font "name:TeX Gyre Termes:mode=no
de;script=cyrl;language=dflt;+liga;+tlig;"!
Missing character: There is no т (U+0442) in font "name:TeX Gyre Termes:mode=no
de;script=cyrl;language=dflt;+liga;+tlig;"!
Missing character: There is no р (U+0440) in font "name:TeX Gyre Termes:mode=no
de;script=cyrl;language=dflt;+liga;+tlig;"!
Missing character: There is no и (U+0438) in font "name:TeX Gyre Termes:mode=no
de;script=cyrl;language=dflt;+liga;+tlig;"!
Missing character: There is no к (U+043A) in font "name:TeX Gyre Termes:mode=no
de;script=cyrl;language=dflt;+liga;+tlig;"!
Missing character: There is no в (U+0432) in font "name:TeX Gyre Termes:mode=no
de;script=cyrl;language=dflt;+liga;+tlig;"!
Missing character: There is no к (U+043A) in font "name:TeX Gyre Termes:mode=no
de;script=cyrl;language=dflt;+liga;+tlig;"!
Missing character: There is no л (U+043B) in font "name:TeX Gyre Termes:mode=no
de;script=cyrl;language=dflt;+liga;+tlig;"!
Missing character: There is no ю (U+044E) in font "name:TeX Gyre Termes:mode=no
de;script=cyrl;language=dflt;+liga;+tlig;"!
Missing character: There is no ч (U+0447) in font "name:TeX Gyre Termes:mode=no
de;script=cyrl;language=dflt;+liga;+tlig;"!
Missing character: There is no а (U+0430) in font "name:TeX Gyre Termes:mode=no
de;script=cyrl;language=dflt;+liga;+tlig;"!
Missing character: There is no ю (U+044E) in font "name:TeX Gyre Termes:mode=no
de;script=cyrl;language=dflt;+liga;+tlig;"!
Missing character: There is no щ (U+0449) in font "name:TeX Gyre Termes:mode=no
de;script=cyrl;language=dflt;+liga;+tlig;"!
Missing character: There is no и (U+0438) in font "name:TeX Gyre Termes:mode=no
de;script=cyrl;language=dflt;+liga;+tlig;"!
Missing character: There is no й (U+0439) in font "name:TeX Gyre Termes:mode=no
de;script=cyrl;language=dflt;+liga;+tlig;"!
Missing character: There is no з (U+0437) in font "name:TeX Gyre Termes:mode=no
de;script=cyrl;language=dflt;+liga;+tlig;"!
Missing character: There is no о (U+043E) in font "name:TeX Gyre Termes:mode=no
de;script=cyrl;language=dflt;+liga;+tlig;"!
Missing character: There is no н (U+043D) in font "name:TeX Gyre Termes:mode=no
de;script=cyrl;language=dflt;+liga;+tlig;"!
Missing character: There is no а (U+0430) in font "name:TeX Gyre Termes:mode=no
de;script=cyrl;language=dflt;+liga;+tlig;"!
Missing character: There is no л (U+043B) in font "name:TeX Gyre Termes:mode=no
de;script=cyrl;language=dflt;+liga;+tlig;"!
Missing character: There is no ь (U+044C) in font "name:TeX Gyre Termes:mode=no
de;script=cyrl;language=dflt;+liga;+tlig;"!
Missing character: There is no н (U+043D) in font "name:TeX Gyre Termes:mode=no
de;script=cyrl;language=dflt;+liga;+tlig;"!
Missing character: There is no о (U+043E) in font "name:TeX Gyre Termes:mode=no
de;script=cyrl;language=dflt;+liga;+tlig;"!
Missing character: There is no е (U+0435) in font "name:TeX Gyre Termes:mode=no
de;script=cyrl;language=dflt;+liga;+tlig;"!
Missing character: There is no р (U+0440) in font "name:TeX Gyre Termes:mode=no
de;script=cyrl;language=dflt;+liga;+tlig;"!
Missing character: There is no а (U+0430) in font "name:TeX Gyre Termes:mode=no
de;script=cyrl;language=dflt;+liga;+tlig;"!
Missing character: There is no с (U+0441) in font "name:TeX Gyre Termes:mode=no
de;script=cyrl;language=dflt;+liga;+tlig;"!
Missing character: There is no п (U+043F) in font "name:TeX Gyre Termes:mode=no
de;script=cyrl;language=dflt;+liga;+tlig;"!
Missing character: There is no р (U+0440) in font "name:TeX Gyre Termes:mode=no
de;script=cyrl;language=dflt;+liga;+tlig;"!
Missing character: There is no е (U+0435) in font "name:TeX Gyre Termes:mode=no
de;script=cyrl;language=dflt;+liga;+tlig;"!
Missing character: There is no д (U+0434) in font "name:TeX Gyre Termes:mode=no
de;script=cyrl;language=dflt;+liga;+tlig;"!
Missing character: There is no е (U+0435) in font "name:TeX Gyre Termes:mode=no
de;script=cyrl;language=dflt;+liga;+tlig;"!
Missing character: There is no л (U+043B) in font "name:TeX Gyre Termes:mode=no
de;script=cyrl;language=dflt;+liga;+tlig;"!
Missing character: There is no е (U+0435) in font "name:TeX Gyre Termes:mode=no
de;script=cyrl;language=dflt;+liga;+tlig;"!
Missing character: There is no н (U+043D) in font "name:TeX Gyre Termes:mode=no
de;script=cyrl;language=dflt;+liga;+tlig;"!
Missing character: There is no и (U+0438) in font "name:TeX Gyre Termes:mode=no
de;script=cyrl;language=dflt;+liga;+tlig;"!
Missing character: There is no е (U+0435) in font "name:TeX Gyre Termes:mode=no
de;script=cyrl;language=dflt;+liga;+tlig;"!
Missing character: There is no с (U+0441) in font "name:TeX Gyre Termes:mode=no
de;script=cyrl;language=dflt;+liga;+tlig;"!
Missing character: There is no р (U+0440) in font "name:TeX Gyre Termes:mode=no
de;script=cyrl;language=dflt;+liga;+tlig;"!
Missing character: There is no е (U+0435) in font "name:TeX Gyre Termes:mode=no
de;script=cyrl;language=dflt;+liga;+tlig;"!
Missing character: There is no д (U+0434) in font "name:TeX Gyre Termes:mode=no
de;script=cyrl;language=dflt;+liga;+tlig;"!
Missing character: There is no н (U+043D) in font "name:TeX Gyre Termes:mode=no
de;script=cyrl;language=dflt;+liga;+tlig;"!
Missing character: There is no е (U+0435) in font "name:TeX Gyre Termes:mode=no
de;script=cyrl;language=dflt;+liga;+tlig;"!
Missing character: There is no й (U+0439) in font "name:TeX Gyre Termes:mode=no
de;script=cyrl;language=dflt;+liga;+tlig;"!
Missing character: There is no и (U+0438) in font "name:TeX Gyre Termes:mode=no
de;script=cyrl;language=dflt;+liga;+tlig;"!
Missing character: There is no в (U+0432) in font "name:TeX Gyre Termes:mode=no
de;script=cyrl;language=dflt;+liga;+tlig;"!
Missing character: There is no р (U+0440) in font "name:TeX Gyre Termes:mode=no
de;script=cyrl;language=dflt;+liga;+tlig;"!
Missing character: There is no е (U+0435) in font "name:TeX Gyre Termes:mode=no
de;script=cyrl;language=dflt;+liga;+tlig;"!
Missing character: There is no м (U+043C) in font "name:TeX Gyre Termes:mode=no
de;script=cyrl;language=dflt;+liga;+tlig;"!
Missing character: There is no е (U+0435) in font "name:TeX Gyre Termes:mode=no
de;script=cyrl;language=dflt;+liga;+tlig;"!
Missing character: There is no н (U+043D) in font "name:TeX Gyre Termes:mode=no
de;script=cyrl;language=dflt;+liga;+tlig;"!
Missing character: There is no н (U+043D) in font "name:TeX Gyre Termes:mode=no
de;script=cyrl;language=dflt;+liga;+tlig;"!
Missing character: There is no у (U+0443) in font "name:TeX Gyre Termes:mode=no
de;script=cyrl;language=dflt;+liga;+tlig;"!
Missing character: There is no ю (U+044E) in font "name:TeX Gyre Termes:mode=no
de;script=cyrl;language=dflt;+liga;+tlig;"!
Missing character: There is no с (U+0441) in font "name:TeX Gyre Termes:mode=no
de;script=cyrl;language=dflt;+liga;+tlig;"!
Missing character: There is no т (U+0442) in font "name:TeX Gyre Termes:mode=no
de;script=cyrl;language=dflt;+liga;+tlig;"!
Missing character: There is no р (U+0440) in font "name:TeX Gyre Termes:mode=no
de;script=cyrl;language=dflt;+liga;+tlig;"!
Missing character: There is no у (U+0443) in font "name:TeX Gyre Termes:mode=no
de;script=cyrl;language=dflt;+liga;+tlig;"!
Missing character: There is no к (U+043A) in font "name:TeX Gyre Termes:mode=no
de;script=cyrl;language=dflt;+liga;+tlig;"!
Missing character: There is no т (U+0442) in font "name:TeX Gyre Termes:mode=no
de;script=cyrl;language=dflt;+liga;+tlig;"!
Missing character: There is no у (U+0443) in font "name:TeX Gyre Termes:mode=no
de;script=cyrl;language=dflt;+liga;+tlig;"!
Missing character: There is no р (U+0440) in font "name:TeX Gyre Termes:mode=no
de;script=cyrl;language=dflt;+liga;+tlig;"!
Missing character: There is no у (U+0443) in font "name:TeX Gyre Termes:mode=no
de;script=cyrl;language=dflt;+liga;+tlig;"!
Missing character: There is no с (U+0441) in font "name:TeX Gyre Termes:mode=no
de;script=cyrl;language=dflt;+liga;+tlig;"!
Missing character: There is no б (U+0431) in font "name:TeX Gyre Termes:mode=no
de;script=cyrl;language=dflt;+liga;+tlig;"!
Missing character: There is no р (U+0440) in font "name:TeX Gyre Termes:mode=no
de;script=cyrl;language=dflt;+liga;+tlig;"!
Missing character: There is no о (U+043E) in font "name:TeX Gyre Termes:mode=no
de;script=cyrl;language=dflt;+liga;+tlig;"!
Missing character: There is no с (U+0441) in font "name:TeX Gyre Termes:mode=no
de;script=cyrl;language=dflt;+liga;+tlig;"!
Missing character: There is no о (U+043E) in font "name:TeX Gyre Termes:mode=no
de;script=cyrl;language=dflt;+liga;+tlig;"!
Missing character: There is no в (U+0432) in font "name:TeX Gyre Termes:mode=no
de;script=cyrl;language=dflt;+liga;+tlig;"!
Missing character: There is no Р (U+0420) in font "name:TeX Gyre Termes/B:mode=
node;script=cyrl;language=dflt;+liga;+tlig;"!
Missing character: There is no е (U+0435) in font "name:TeX Gyre Termes/B:mode=
node;script=cyrl;language=dflt;+liga;+tlig;"!
Missing character: There is no з (U+0437) in font "name:TeX Gyre Termes/B:mode=
node;script=cyrl;language=dflt;+liga;+tlig;"!
Missing character: There is no у (U+0443) in font "name:TeX Gyre Termes/B:mode=
node;script=cyrl;language=dflt;+liga;+tlig;"!
Missing character: There is no л (U+043B) in font "name:TeX Gyre Termes/B:mode=
node;script=cyrl;language=dflt;+liga;+tlig;"!
Missing character: There is no ь (U+044C) in font "name:TeX Gyre Termes/B:mode=
node;script=cyrl;language=dflt;+liga;+tlig;"!
Missing character: There is no т (U+0442) in font "name:TeX Gyre Termes/B:mode=
node;script=cyrl;language=dflt;+liga;+tlig;"!
Missing character: There is no а (U+0430) in font "name:TeX Gyre Termes/B:mode=
node;script=cyrl;language=dflt;+liga;+tlig;"!
Missing character: There is no т (U+0442) in font "name:TeX Gyre Termes/B:mode=
node;script=cyrl;language=dflt;+liga;+tlig;"!
Missing character: There is no ы (U+044B) in font "name:TeX Gyre Termes/B:mode=
node;script=cyrl;language=dflt;+liga;+tlig;"!
Missing character: There is no В (U+0412) in font "name:TeX Gyre Termes:mode=no
de;script=cyrl;language=dflt;+liga;+tlig;"!
Missing character: There is no с (U+0441) in font "name:TeX Gyre Termes:mode=no
de;script=cyrl;language=dflt;+liga;+tlig;"!
Missing character: There is no е (U+0435) in font "name:TeX Gyre Termes:mode=no
de;script=cyrl;language=dflt;+liga;+tlig;"!
Missing character: There is no а (U+0430) in font "name:TeX Gyre Termes:mode=no
de;script=cyrl;language=dflt;+liga;+tlig;"!
Missing character: There is no л (U+043B) in font "name:TeX Gyre Termes:mode=no
de;script=cyrl;language=dflt;+liga;+tlig;"!
Missing character: There is no г (U+0433) in font "name:TeX Gyre Termes:mode=no
de;script=cyrl;language=dflt;+liga;+tlig;"!
Missing character: There is no о (U+043E) in font "name:TeX Gyre Termes:mode=no
de;script=cyrl;language=dflt;+liga;+tlig;"!
Missing character: There is no р (U+0440) in font "name:TeX Gyre Termes:mode=no
de;script=cyrl;language=dflt;+liga;+tlig;"!
Missing character: There is no и (U+0438) in font "name:TeX Gyre Termes:mode=no
de;script=cyrl;language=dflt;+liga;+tlig;"!
Missing character: There is no т (U+0442) in font "name:TeX Gyre Termes:mode=no
de;script=cyrl;language=dflt;+liga;+tlig;"!
Missing character: There is no м (U+043C) in font "name:TeX Gyre Termes:mode=no
de;script=cyrl;language=dflt;+liga;+tlig;"!
Missing character: There is no ы (U+044B) in font "name:TeX Gyre Termes:mode=no
de;script=cyrl;language=dflt;+liga;+tlig;"!
Missing character: There is no о (U+043E) in font "name:TeX Gyre Termes:mode=no
de;script=cyrl;language=dflt;+liga;+tlig;"!
Missing character: There is no б (U+0431) in font "name:TeX Gyre Termes:mode=no
de;script=cyrl;language=dflt;+liga;+tlig;"!
Missing character: There is no е (U+0435) in font "name:TeX Gyre Termes:mode=no
de;script=cyrl;language=dflt;+liga;+tlig;"!
Missing character: There is no с (U+0441) in font "name:TeX Gyre Termes:mode=no
de;script=cyrl;language=dflt;+liga;+tlig;"!
Missing character: There is no п (U+043F) in font "name:TeX Gyre Termes:mode=no
de;script=cyrl;language=dflt;+liga;+tlig;"!
Missing character: There is no е (U+0435) in font "name:TeX Gyre Termes:mode=no
de;script=cyrl;language=dflt;+liga;+tlig;"!
Missing character: There is no ч (U+0447) in font "name:TeX Gyre Termes:mode=no
de;script=cyrl;language=dflt;+liga;+tlig;"!
Missing character: There is no и (U+0438) in font "name:TeX Gyre Termes:mode=no
de;script=cyrl;language=dflt;+liga;+tlig;"!
Missing character: There is no л (U+043B) in font "name:TeX Gyre Termes:mode=no
de;script=cyrl;language=dflt;+liga;+tlig;"!
Missing character: There is no и (U+0438) in font "name:TeX Gyre Termes:mode=no
de;script=cyrl;language=dflt;+liga;+tlig;"!
Missing character: There is no п (U+043F) in font "name:TeX Gyre Termes:mode=no
de;script=cyrl;language=dflt;+liga;+tlig;"!
Missing character: There is no р (U+0440) in font "name:TeX Gyre Termes:mode=no
de;script=cyrl;language=dflt;+liga;+tlig;"!
Missing character: There is no и (U+0438) in font "name:TeX Gyre Termes:mode=no
de;script=cyrl;language=dflt;+liga;+tlig;"!
Missing character: There is no б (U+0431) in font "name:TeX Gyre Termes:mode=no
de;script=cyrl;language=dflt;+liga;+tlig;"!
Missing character: There is no л (U+043B) in font "name:TeX Gyre Termes:mode=no
de;script=cyrl;language=dflt;+liga;+tlig;"!
Missing character: There is no и (U+0438) in font "name:TeX Gyre Termes:mode=no
de;script=cyrl;language=dflt;+liga;+tlig;"!
Missing character: There is no з (U+0437) in font "name:TeX Gyre Termes:mode=no
de;script=cyrl;language=dflt;+liga;+tlig;"!
Missing character: There is no и (U+0438) in font "name:TeX Gyre Termes:mode=no
de;script=cyrl;language=dflt;+liga;+tlig;"!
Missing character: There is no т (U+0442) in font "name:TeX Gyre Termes:mode=no
de;script=cyrl;language=dflt;+liga;+tlig;"!
Missing character: There is no е (U+0435) in font "name:TeX Gyre Termes:mode=no
de;script=cyrl;language=dflt;+liga;+tlig;"!
Missing character: There is no л (U+043B) in font "name:TeX Gyre Termes:mode=no
de;script=cyrl;language=dflt;+liga;+tlig;"!
Missing character: There is no ь (U+044C) in font "name:TeX Gyre Termes:mode=no
de;script=cyrl;language=dflt;+liga;+tlig;"!
Missing character: There is no н (U+043D) in font "name:TeX Gyre Termes:mode=no
de;script=cyrl;language=dflt;+liga;+tlig;"!
Missing character: There is no о (U+043E) in font "name:TeX Gyre Termes:mode=no
de;script=cyrl;language=dflt;+liga;+tlig;"!
Missing character: There is no у (U+0443) in font "name:TeX Gyre Termes:mode=no
de;script=cyrl;language=dflt;+liga;+tlig;"!
Missing character: There is no т (U+0442) in font "name:TeX Gyre Termes:mode=no
de;script=cyrl;language=dflt;+liga;+tlig;"!
Missing character: There is no и (U+0438) in font "name:TeX Gyre Termes:mode=no
de;script=cyrl;language=dflt;+liga;+tlig;"!
Missing character: There is no л (U+043B) in font "name:TeX Gyre Termes:mode=no
de;script=cyrl;language=dflt;+liga;+tlig;"!
Missing character: There is no и (U+0438) in font "name:TeX Gyre Termes:mode=no
de;script=cyrl;language=dflt;+liga;+tlig;"!
Missing character: There is no з (U+0437) in font "name:TeX Gyre Termes:mode=no
de;script=cyrl;language=dflt;+liga;+tlig;"!
Missing character: There is no а (U+0430) in font "name:TeX Gyre Termes:mode=no
de;script=cyrl;language=dflt;+liga;+tlig;"!
Missing character: There is no ц (U+0446) in font "name:TeX Gyre Termes:mode=no
de;script=cyrl;language=dflt;+liga;+tlig;"!
Missing character: There is no и (U+0438) in font "name:TeX Gyre Termes:mode=no
de;script=cyrl;language=dflt;+liga;+tlig;"!
Missing character: There is no и (U+0438) in font "name:TeX Gyre Termes:mode=no
de;script=cyrl;language=dflt;+liga;+tlig;"!
Missing character: There is no к (U+043A) in font "name:TeX Gyre Termes:mode=no
de;script=cyrl;language=dflt;+liga;+tlig;"!
Missing character: There is no а (U+0430) in font "name:TeX Gyre Termes:mode=no
de;script=cyrl;language=dflt;+liga;+tlig;"!
Missing character: There is no н (U+043D) in font "name:TeX Gyre Termes:mode=no
de;script=cyrl;language=dflt;+liga;+tlig;"!
Missing character: There is no а (U+0430) in font "name:TeX Gyre Termes:mode=no
de;script=cyrl;language=dflt;+liga;+tlig;"!
Missing character: There is no л (U+043B) in font "name:TeX Gyre Termes:mode=no
de;script=cyrl;language=dflt;+liga;+tlig;"!
Missing character: There is no а (U+0430) in font "name:TeX Gyre Termes:mode=no
de;script=cyrl;language=dflt;+liga;+tlig;"!
Missing character: There is no с (U+0441) in font "name:TeX Gyre Termes:mode=no
de;script=cyrl;language=dflt;+liga;+tlig;"!
Missing character: There is no р (U+0440) in font "name:TeX Gyre Termes:mode=no
de;script=cyrl;language=dflt;+liga;+tlig;"!
Missing character: There is no е (U+0435) in font "name:TeX Gyre Termes:mode=no
de;script=cyrl;language=dflt;+liga;+tlig;"!
Missing character: There is no д (U+0434) in font "name:TeX Gyre Termes:mode=no
de;script=cyrl;language=dflt;+liga;+tlig;"!
Missing character: There is no н (U+043D) in font "name:TeX Gyre Termes:mode=no
de;script=cyrl;language=dflt;+liga;+tlig;"!
Missing character: There is no я (U+044F) in font "name:TeX Gyre Termes:mode=no
de;script=cyrl;language=dflt;+liga;+tlig;"!
Missing character: There is no я (U+044F) in font "name:TeX Gyre Termes:mode=no
de;script=cyrl;language=dflt;+liga;+tlig;"!
Missing character: There is no п (U+043F) in font "name:TeX Gyre Termes:mode=no
de;script=cyrl;language=dflt;+liga;+tlig;"!
Missing character: There is no р (U+0440) in font "name:TeX Gyre Termes:mode=no
de;script=cyrl;language=dflt;+liga;+tlig;"!
Missing character: There is no о (U+043E) in font "name:TeX Gyre Termes:mode=no
de;script=cyrl;language=dflt;+liga;+tlig;"!
Missing character: There is no п (U+043F) in font "name:TeX Gyre Termes:mode=no
de;script=cyrl;language=dflt;+liga;+tlig;"!
Missing character: There is no у (U+0443) in font "name:TeX Gyre Termes:mode=no
de;script=cyrl;language=dflt;+liga;+tlig;"!
Missing character: There is no с (U+0441) in font "name:TeX Gyre Termes:mode=no
de;script=cyrl;language=dflt;+liga;+tlig;"!
Missing character: There is no к (U+043A) in font "name:TeX Gyre Termes:mode=no
de;script=cyrl;language=dflt;+liga;+tlig;"!
Missing character: There is no н (U+043D) in font "name:TeX Gyre Termes:mode=no
de;script=cyrl;language=dflt;+liga;+tlig;"!
Missing character: There is no а (U+0430) in font "name:TeX Gyre Termes:mode=no
de;script=cyrl;language=dflt;+liga;+tlig;"!
Missing character: There is no я (U+044F) in font "name:TeX Gyre Termes:mode=no
de;script=cyrl;language=dflt;+liga;+tlig;"!
Missing character: There is no с (U+0441) in font "name:TeX Gyre Termes:mode=no
de;script=cyrl;language=dflt;+liga;+tlig;"!
Missing character: There is no п (U+043F) in font "name:TeX Gyre Termes:mode=no
de;script=cyrl;language=dflt;+liga;+tlig;"!
Missing character: There is no о (U+043E) in font "name:TeX Gyre Termes:mode=no
de;script=cyrl;language=dflt;+liga;+tlig;"!
Missing character: There is no с (U+0441) in font "name:TeX Gyre Termes:mode=no
de;script=cyrl;language=dflt;+liga;+tlig;"!
Missing character: There is no о (U+043E) in font "name:TeX Gyre Termes:mode=no
de;script=cyrl;language=dflt;+liga;+tlig;"!
Missing character: There is no б (U+0431) in font "name:TeX Gyre Termes:mode=no
de;script=cyrl;language=dflt;+liga;+tlig;"!
Missing character: There is no н (U+043D) in font "name:TeX Gyre Termes:mode=no
de;script=cyrl;language=dflt;+liga;+tlig;"!
Missing character: There is no о (U+043E) in font "name:TeX Gyre Termes:mode=no
de;script=cyrl;language=dflt;+liga;+tlig;"!
Missing character: There is no с (U+0441) in font "name:TeX Gyre Termes:mode=no
de;script=cyrl;language=dflt;+liga;+tlig;"!
Missing character: There is no т (U+0442) in font "name:TeX Gyre Termes:mode=no
de;script=cyrl;language=dflt;+liga;+tlig;"!
Missing character: There is no ь (U+044C) in font "name:TeX Gyre Termes:mode=no
de;script=cyrl;language=dflt;+liga;+tlig;"!
Missing character: There is no М (U+041C) in font "name:TeX Gyre Termes:mode=no
de;script=cyrl;language=dflt;+liga;+tlig;"!
Missing character: There is no б (U+0431) in font "name:TeX Gyre Termes:mode=no
de;script=cyrl;language=dflt;+liga;+tlig;"!
Missing character: There is no и (U+0438) in font "name:TeX Gyre Termes:mode=no
de;script=cyrl;language=dflt;+liga;+tlig;"!
Missing character: There is no т (U+0442) in font "name:TeX Gyre Termes:mode=no
de;script=cyrl;language=dflt;+liga;+tlig;"!
Missing character: There is no с (U+0441) in font "name:TeX Gyre Termes:mode=no
de;script=cyrl;language=dflt;+liga;+tlig;"!
Missing character: There is no п (U+043F) in font "name:TeX Gyre Termes:mode=no
de;script=cyrl;language=dflt;+liga;+tlig;"!
Missing character: There is no о (U+043E) in font "name:TeX Gyre Termes:mode=no
de;script=cyrl;language=dflt;+liga;+tlig;"!
Missing character: There is no к (U+043A) in font "name:TeX Gyre Termes:mode=no
de;script=cyrl;language=dflt;+liga;+tlig;"!
Missing character: There is no а (U+0430) in font "name:TeX Gyre Termes:mode=no
de;script=cyrl;language=dflt;+liga;+tlig;"!
Missing character: There is no з (U+0437) in font "name:TeX Gyre Termes:mode=no
de;script=cyrl;language=dflt;+liga;+tlig;"!
Missing character: There is no а (U+0430) in font "name:TeX Gyre Termes:mode=no
de;script=cyrl;language=dflt;+liga;+tlig;"!
Missing character: There is no л (U+043B) in font "name:TeX Gyre Termes:mode=no
de;script=cyrl;language=dflt;+liga;+tlig;"!
Missing character: There is no н (U+043D) in font "name:TeX Gyre Termes:mode=no
de;script=cyrl;language=dflt;+liga;+tlig;"!
Missing character: There is no а (U+0430) in font "name:TeX Gyre Termes:mode=no
de;script=cyrl;language=dflt;+liga;+tlig;"!
Missing character: There is no и (U+0438) in font "name:TeX Gyre Termes:mode=no
de;script=cyrl;language=dflt;+liga;+tlig;"!
Missing character: There is no б (U+0431) in font "name:TeX Gyre Termes:mode=no
de;script=cyrl;language=dflt;+liga;+tlig;"!
Missing character: There is no о (U+043E) in font "name:TeX Gyre Termes:mode=no
de;script=cyrl;language=dflt;+liga;+tlig;"!
Missing character: There is no л (U+043B) in font "name:TeX Gyre Termes:mode=no
de;script=cyrl;language=dflt;+liga;+tlig;"!
Missing character: There is no е (U+0435) in font "name:TeX Gyre Termes:mode=no
de;script=cyrl;language=dflt;+liga;+tlig;"!
Missing character: There is no е (U+0435) in font "name:TeX Gyre Termes:mode=no
de;script=cyrl;language=dflt;+liga;+tlig;"!
Missing character: There is no п (U+043F) in font "name:TeX Gyre Termes:mode=no
de;script=cyrl;language=dflt;+liga;+tlig;"!
Missing character: There is no р (U+0440) in font "name:TeX Gyre Termes:mode=no
de;script=cyrl;language=dflt;+liga;+tlig;"!
Missing character: There is no е (U+0435) in font "name:TeX Gyre Termes:mode=no
de;script=cyrl;language=dflt;+liga;+tlig;"!
Missing character: There is no д (U+0434) in font "name:TeX Gyre Termes:mode=no
de;script=cyrl;language=dflt;+liga;+tlig;"!
Missing character: There is no с (U+0441) in font "name:TeX Gyre Termes:mode=no
de;script=cyrl;language=dflt;+liga;+tlig;"!
Missing character: There is no к (U+043A) in font "name:TeX Gyre Termes:mode=no
de;script=cyrl;language=dflt;+liga;+tlig;"!
Missing character: There is no а (U+0430) in font "name:TeX Gyre Termes:mode=no
de;script=cyrl;language=dflt;+liga;+tlig;"!
Missing character: There is no з (U+0437) in font "name:TeX Gyre Termes:mode=no
de;script=cyrl;language=dflt;+liga;+tlig;"!
Missing character: There is no у (U+0443) in font "name:TeX Gyre Termes:mode=no
de;script=cyrl;language=dflt;+liga;+tlig;"!
Missing character: There is no е (U+0435) in font "name:TeX Gyre Termes:mode=no
de;script=cyrl;language=dflt;+liga;+tlig;"!
Missing character: There is no м (U+043C) in font "name:TeX Gyre Termes:mode=no
de;script=cyrl;language=dflt;+liga;+tlig;"!
Missing character: There is no у (U+0443) in font "name:TeX Gyre Termes:mode=no
de;script=cyrl;language=dflt;+liga;+tlig;"!
Missing character: There is no ю (U+044E) in font "name:TeX Gyre Termes:mode=no
de;script=cyrl;language=dflt;+liga;+tlig;"!
Missing character: There is no п (U+043F) in font "name:TeX Gyre Termes:mode=no
de;script=cyrl;language=dflt;+liga;+tlig;"!
Missing character: There is no р (U+0440) in font "name:TeX Gyre Termes:mode=no
de;script=cyrl;language=dflt;+liga;+tlig;"!
Missing character: There is no о (U+043E) in font "name:TeX Gyre Termes:mode=no
de;script=cyrl;language=dflt;+liga;+tlig;"!
Missing character: There is no п (U+043F) in font "name:TeX Gyre Termes:mode=no
de;script=cyrl;language=dflt;+liga;+tlig;"!
Missing character: There is no у (U+0443) in font "name:TeX Gyre Termes:mode=no
de;script=cyrl;language=dflt;+liga;+tlig;"!
Missing character: There is no с (U+0441) in font "name:TeX Gyre Termes:mode=no
de;script=cyrl;language=dflt;+liga;+tlig;"!
Missing character: There is no к (U+043A) in font "name:TeX Gyre Termes:mode=no
de;script=cyrl;language=dflt;+liga;+tlig;"!
Missing character: There is no н (U+043D) in font "name:TeX Gyre Termes:mode=no
de;script=cyrl;language=dflt;+liga;+tlig;"!
Missing character: There is no у (U+0443) in font "name:TeX Gyre Termes:mode=no
de;script=cyrl;language=dflt;+liga;+tlig;"!
Missing character: There is no ю (U+044E) in font "name:TeX Gyre Termes:mode=no
de;script=cyrl;language=dflt;+liga;+tlig;"!
Missing character: There is no с (U+0441) in font "name:TeX Gyre Termes:mode=no
de;script=cyrl;language=dflt;+liga;+tlig;"!
Missing character: There is no п (U+043F) in font "name:TeX Gyre Termes:mode=no
de;script=cyrl;language=dflt;+liga;+tlig;"!
Missing character: There is no о (U+043E) in font "name:TeX Gyre Termes:mode=no
de;script=cyrl;language=dflt;+liga;+tlig;"!
Missing character: There is no с (U+0441) in font "name:TeX Gyre Termes:mode=no
de;script=cyrl;language=dflt;+liga;+tlig;"!
Missing character: There is no о (U+043E) in font "name:TeX Gyre Termes:mode=no
de;script=cyrl;language=dflt;+liga;+tlig;"!
Missing character: There is no б (U+0431) in font "name:TeX Gyre Termes:mode=no
de;script=cyrl;language=dflt;+liga;+tlig;"!
Missing character: There is no н (U+043D) in font "name:TeX Gyre Termes:mode=no
de;script=cyrl;language=dflt;+liga;+tlig;"!
Missing character: There is no о (U+043E) in font "name:TeX Gyre Termes:mode=no
de;script=cyrl;language=dflt;+liga;+tlig;"!
Missing character: There is no с (U+0441) in font "name:TeX Gyre Termes:mode=no
de;script=cyrl;language=dflt;+liga;+tlig;"!
Missing character: There is no т (U+0442) in font "name:TeX Gyre Termes:mode=no
de;script=cyrl;language=dflt;+liga;+tlig;"!
Missing character: There is no ь (U+044C) in font "name:TeX Gyre Termes:mode=no
de;script=cyrl;language=dflt;+liga;+tlig;"!
Missing character: There is no к (U+043A) in font "name:TeX Gyre Termes:mode=no
de;script=cyrl;language=dflt;+liga;+tlig;"!
Missing character: There is no о (U+043E) in font "name:TeX Gyre Termes:mode=no
de;script=cyrl;language=dflt;+liga;+tlig;"!
Missing character: There is no э (U+044D) in font "name:TeX Gyre Termes:mode=no
de;script=cyrl;language=dflt;+liga;+tlig;"!
Missing character: There is no ф (U+0444) in font "name:TeX Gyre Termes:mode=no
de;script=cyrl;language=dflt;+liga;+tlig;"!
Missing character: There is no ф (U+0444) in font "name:TeX Gyre Termes:mode=no
de;script=cyrl;language=dflt;+liga;+tlig;"!
Missing character: There is no и (U+0438) in font "name:TeX Gyre Termes:mode=no
de;script=cyrl;language=dflt;+liga;+tlig;"!
Missing character: There is no ц (U+0446) in font "name:TeX Gyre Termes:mode=no
de;script=cyrl;language=dflt;+liga;+tlig;"!
Missing character: There is no и (U+0438) in font "name:TeX Gyre Termes:mode=no
de;script=cyrl;language=dflt;+liga;+tlig;"!
Missing character: There is no е (U+0435) in font "name:TeX Gyre Termes:mode=no
de;script=cyrl;language=dflt;+liga;+tlig;"!
Missing character: There is no н (U+043D) in font "name:TeX Gyre Termes:mode=no
de;script=cyrl;language=dflt;+liga;+tlig;"!
Missing character: There is no т (U+0442) in font "name:TeX Gyre Termes:mode=no
de;script=cyrl;language=dflt;+liga;+tlig;"!
Missing character: There is no в (U+0432) in font "name:TeX Gyre Termes:mode=no
de;script=cyrl;language=dflt;+liga;+tlig;"!
Missing character: There is no а (U+0430) in font "name:TeX Gyre Termes:mode=no
de;script=cyrl;language=dflt;+liga;+tlig;"!
Missing character: There is no р (U+0440) in font "name:TeX Gyre Termes:mode=no
de;script=cyrl;language=dflt;+liga;+tlig;"!
Missing character: There is no и (U+0438) in font "name:TeX Gyre Termes:mode=no
de;script=cyrl;language=dflt;+liga;+tlig;"!
Missing character: There is no а (U+0430) in font "name:TeX Gyre Termes:mode=no
de;script=cyrl;language=dflt;+liga;+tlig;"!
Missing character: There is no ц (U+0446) in font "name:TeX Gyre Termes:mode=no
de;script=cyrl;language=dflt;+liga;+tlig;"!
Missing character: There is no и (U+0438) in font "name:TeX Gyre Termes:mode=no
de;script=cyrl;language=dflt;+liga;+tlig;"!
Missing character: There is no и (U+0438) in font "name:TeX Gyre Termes:mode=no
de;script=cyrl;language=dflt;+liga;+tlig;"!
Missing character: There is no ц (U+0446) in font "name:TeX Gyre Termes:mode=no
de;script=cyrl;language=dflt;+liga;+tlig;"!
Missing character: There is no е (U+0435) in font "name:TeX Gyre Termes:mode=no
de;script=cyrl;language=dflt;+liga;+tlig;"!
Missing character: There is no н (U+043D) in font "name:TeX Gyre Termes:mode=no
de;script=cyrl;language=dflt;+liga;+tlig;"!
Missing character: There is no о (U+043E) in font "name:TeX Gyre Termes:mode=no
de;script=cyrl;language=dflt;+liga;+tlig;"!
Missing character: There is no й (U+0439) in font "name:TeX Gyre Termes:mode=no
de;script=cyrl;language=dflt;+liga;+tlig;"!
Missing character: There is no н (U+043D) in font "name:TeX Gyre Termes:mode=no
de;script=cyrl;language=dflt;+liga;+tlig;"!
Missing character: There is no а (U+0430) in font "name:TeX Gyre Termes:mode=no
de;script=cyrl;language=dflt;+liga;+tlig;"!
Missing character: There is no и (U+0438) in font "name:TeX Gyre Termes:mode=no
de;script=cyrl;language=dflt;+liga;+tlig;"!
Missing character: There is no б (U+0431) in font "name:TeX Gyre Termes:mode=no
de;script=cyrl;language=dflt;+liga;+tlig;"!
Missing character: There is no о (U+043E) in font "name:TeX Gyre Termes:mode=no
de;script=cyrl;language=dflt;+liga;+tlig;"!
Missing character: There is no л (U+043B) in font "name:TeX Gyre Termes:mode=no
de;script=cyrl;language=dflt;+liga;+tlig;"!
Missing character: There is no ь (U+044C) in font "name:TeX Gyre Termes:mode=no
de;script=cyrl;language=dflt;+liga;+tlig;"!
Missing character: There is no ш (U+0448) in font "name:TeX Gyre Termes:mode=no
de;script=cyrl;language=dflt;+liga;+tlig;"!
Missing character: There is no е (U+0435) in font "name:TeX Gyre Termes:mode=no
de;script=cyrl;language=dflt;+liga;+tlig;"!
Missing character: There is no г (U+0433) in font "name:TeX Gyre Termes:mode=no
de;script=cyrl;language=dflt;+liga;+tlig;"!
Missing character: There is no о (U+043E) in font "name:TeX Gyre Termes:mode=no
de;script=cyrl;language=dflt;+liga;+tlig;"!
Missing character: There is no ч (U+0447) in font "name:TeX Gyre Termes:mode=no
de;script=cyrl;language=dflt;+liga;+tlig;"!
Missing character: There is no и (U+0438) in font "name:TeX Gyre Termes:mode=no
de;script=cyrl;language=dflt;+liga;+tlig;"!
Missing character: There is no с (U+0441) in font "name:TeX Gyre Termes:mode=no
de;script=cyrl;language=dflt;+liga;+tlig;"!
Missing character: There is no л (U+043B) in font "name:TeX Gyre Termes:mode=no
de;script=cyrl;language=dflt;+liga;+tlig;"!
Missing character: There is no а (U+0430) in font "name:TeX Gyre Termes:mode=no
de;script=cyrl;language=dflt;+liga;+tlig;"!
Missing character: There is no с (U+0441) in font "name:TeX Gyre Termes:mode=no
de;script=cyrl;language=dflt;+liga;+tlig;"!
Missing character: There is no б (U+0431) in font "name:TeX Gyre Termes:mode=no
de;script=cyrl;language=dflt;+liga;+tlig;"!
Missing character: There is no р (U+0440) in font "name:TeX Gyre Termes:mode=no
de;script=cyrl;language=dflt;+liga;+tlig;"!
Missing character: There is no о (U+043E) in font "name:TeX Gyre Termes:mode=no
de;script=cyrl;language=dflt;+liga;+tlig;"!
Missing character: There is no с (U+0441) in font "name:TeX Gyre Termes:mode=no
de;script=cyrl;language=dflt;+liga;+tlig;"!
Missing character: There is no о (U+043E) in font "name:TeX Gyre Termes:mode=no
de;script=cyrl;language=dflt;+liga;+tlig;"!
Missing character: There is no в (U+0432) in font "name:TeX Gyre Termes:mode=no
de;script=cyrl;language=dflt;+liga;+tlig;"!
Missing character: There is no п (U+043F) in font "name:TeX Gyre Termes:mode=no
de;script=cyrl;language=dflt;+liga;+tlig;"!
Missing character: There is no а (U+0430) in font "name:TeX Gyre Termes:mode=no
de;script=cyrl;language=dflt;+liga;+tlig;"!
Missing character: There is no к (U+043A) in font "name:TeX Gyre Termes:mode=no
de;script=cyrl;language=dflt;+liga;+tlig;"!
Missing character: There is no е (U+0435) in font "name:TeX Gyre Termes:mode=no
de;script=cyrl;language=dflt;+liga;+tlig;"!
Missing character: There is no т (U+0442) in font "name:TeX Gyre Termes:mode=no
de;script=cyrl;language=dflt;+liga;+tlig;"!
Missing character: There is no о (U+043E) in font "name:TeX Gyre Termes:mode=no
de;script=cyrl;language=dflt;+liga;+tlig;"!
Missing character: There is no в (U+0432) in font "name:TeX Gyre Termes:mode=no
de;script=cyrl;language=dflt;+liga;+tlig;"!
Missing character: There is no м (U+043C) in font "name:TeX Gyre Termes:mode=no
de;script=cyrl;language=dflt;+liga;+tlig;"!
Missing character: There is no и (U+0438) in font "name:TeX Gyre Termes:mode=no
de;script=cyrl;language=dflt;+liga;+tlig;"!
Missing character: There is no н (U+043D) in font "name:TeX Gyre Termes:mode=no
de;script=cyrl;language=dflt;+liga;+tlig;"!
Missing character: There is no и (U+0438) in font "name:TeX Gyre Termes:mode=no
de;script=cyrl;language=dflt;+liga;+tlig;"!
Missing character: There is no м (U+043C) in font "name:TeX Gyre Termes:mode=no
de;script=cyrl;language=dflt;+liga;+tlig;"!
Missing character: There is no и (U+0438) in font "name:TeX Gyre Termes:mode=no
de;script=cyrl;language=dflt;+liga;+tlig;"!
Missing character: There is no з (U+0437) in font "name:TeX Gyre Termes:mode=no
de;script=cyrl;language=dflt;+liga;+tlig;"!
Missing character: There is no и (U+0438) in font "name:TeX Gyre Termes:mode=no
de;script=cyrl;language=dflt;+liga;+tlig;"!
Missing character: There is no р (U+0440) in font "name:TeX Gyre Termes:mode=no
de;script=cyrl;language=dflt;+liga;+tlig;"!
Missing character: There is no о (U+043E) in font "name:TeX Gyre Termes:mode=no
de;script=cyrl;language=dflt;+liga;+tlig;"!
Missing character: There is no в (U+0432) in font "name:TeX Gyre Termes:mode=no
de;script=cyrl;language=dflt;+liga;+tlig;"!
Missing character: There is no а (U+0430) in font "name:TeX Gyre Termes:mode=no
de;script=cyrl;language=dflt;+liga;+tlig;"!
Missing character: There is no л (U+043B) in font "name:TeX Gyre Termes:mode=no
de;script=cyrl;language=dflt;+liga;+tlig;"!
Missing character: There is no с (U+0441) in font "name:TeX Gyre Termes:mode=no
de;script=cyrl;language=dflt;+liga;+tlig;"!
Missing character: There is no б (U+0431) in font "name:TeX Gyre Termes:mode=no
de;script=cyrl;language=dflt;+liga;+tlig;"!
Missing character: There is no р (U+0440) in font "name:TeX Gyre Termes:mode=no
de;script=cyrl;language=dflt;+liga;+tlig;"!
Missing character: There is no о (U+043E) in font "name:TeX Gyre Termes:mode=no
de;script=cyrl;language=dflt;+liga;+tlig;"!
Missing character: There is no с (U+0441) in font "name:TeX Gyre Termes:mode=no
de;script=cyrl;language=dflt;+liga;+tlig;"!
Missing character: There is no ы (U+044B) in font "name:TeX Gyre Termes:mode=no
de;script=cyrl;language=dflt;+liga;+tlig;"!
Missing character: There is no п (U+043F) in font "name:TeX Gyre Termes:mode=no
de;script=cyrl;language=dflt;+liga;+tlig;"!
Missing character: There is no а (U+0430) in font "name:TeX Gyre Termes:mode=no
de;script=cyrl;language=dflt;+liga;+tlig;"!
Missing character: There is no к (U+043A) in font "name:TeX Gyre Termes:mode=no
de;script=cyrl;language=dflt;+liga;+tlig;"!
Missing character: There is no е (U+0435) in font "name:TeX Gyre Termes:mode=no
de;script=cyrl;language=dflt;+liga;+tlig;"!
Missing character: There is no т (U+0442) in font "name:TeX Gyre Termes:mode=no
de;script=cyrl;language=dflt;+liga;+tlig;"!
Missing character: There is no а (U+0430) in font "name:TeX Gyre Termes:mode=no
de;script=cyrl;language=dflt;+liga;+tlig;"!
Missing character: There is no н (U+043D) in font "name:TeX Gyre Termes:mode=no
de;script=cyrl;language=dflt;+liga;+tlig;"!
Missing character: There is no а (U+0430) in font "name:TeX Gyre Termes:mode=no
de;script=cyrl;language=dflt;+liga;+tlig;"!
Missing character: There is no м (U+043C) in font "name:TeX Gyre Termes:mode=no
de;script=cyrl;language=dflt;+liga;+tlig;"!
Missing character: There is no е (U+0435) in font "name:TeX Gyre Termes:mode=no
de;script=cyrl;language=dflt;+liga;+tlig;"!
Missing character: There is no н (U+043D) in font "name:TeX Gyre Termes:mode=no
de;script=cyrl;language=dflt;+liga;+tlig;"!
Missing character: There is no ь (U+044C) in font "name:TeX Gyre Termes:mode=no
de;script=cyrl;language=dflt;+liga;+tlig;"!
Missing character: There is no ш (U+0448) in font "name:TeX Gyre Termes:mode=no
de;script=cyrl;language=dflt;+liga;+tlig;"!
Missing character: There is no е (U+0435) in font "name:TeX Gyre Termes:mode=no
de;script=cyrl;language=dflt;+liga;+tlig;"!
Missing character: There is no н (U+043D) in font "name:TeX Gyre Termes:mode=no
de;script=cyrl;language=dflt;+liga;+tlig;"!
Missing character: There is no о (U+043E) in font "name:TeX Gyre Termes:mode=no
de;script=cyrl;language=dflt;+liga;+tlig;"!
Missing character: There is no п (U+043F) in font "name:TeX Gyre Termes:mode=no
de;script=cyrl;language=dflt;+liga;+tlig;"!
Missing character: There is no о (U+043E) in font "name:TeX Gyre Termes:mode=no
de;script=cyrl;language=dflt;+liga;+tlig;"!
Missing character: There is no р (U+0440) in font "name:TeX Gyre Termes:mode=no
de;script=cyrl;language=dflt;+liga;+tlig;"!
Missing character: There is no о (U+043E) in font "name:TeX Gyre Termes:mode=no
de;script=cyrl;language=dflt;+liga;+tlig;"!
Missing character: There is no д (U+0434) in font "name:TeX Gyre Termes:mode=no
de;script=cyrl;language=dflt;+liga;+tlig;"!
Missing character: There is no и (U+0438) in font "name:TeX Gyre Termes:mode=no
de;script=cyrl;language=dflt;+liga;+tlig;"!
Missing character: There is no л (U+043B) in font "name:TeX Gyre Termes:mode=no
de;script=cyrl;language=dflt;+liga;+tlig;"!
Missing character: There is no н (U+043D) in font "name:TeX Gyre Termes:mode=no
de;script=cyrl;language=dflt;+liga;+tlig;"!
Missing character: There is no а (U+0430) in font "name:TeX Gyre Termes:mode=no
de;script=cyrl;language=dflt;+liga;+tlig;"!
Missing character: There is no и (U+0438) in font "name:TeX Gyre Termes:mode=no
de;script=cyrl;language=dflt;+liga;+tlig;"!
Missing character: There is no б (U+0431) in font "name:TeX Gyre Termes:mode=no
de;script=cyrl;language=dflt;+liga;+tlig;"!
Missing character: There is no о (U+043E) in font "name:TeX Gyre Termes:mode=no
de;script=cyrl;language=dflt;+liga;+tlig;"!
Missing character: There is no л (U+043B) in font "name:TeX Gyre Termes:mode=no
de;script=cyrl;language=dflt;+liga;+tlig;"!
Missing character: There is no ь (U+044C) in font "name:TeX Gyre Termes:mode=no
de;script=cyrl;language=dflt;+liga;+tlig;"!
Missing character: There is no ш (U+0448) in font "name:TeX Gyre Termes:mode=no
de;script=cyrl;language=dflt;+liga;+tlig;"!
Missing character: There is no и (U+0438) in font "name:TeX Gyre Termes:mode=no
de;script=cyrl;language=dflt;+liga;+tlig;"!
Missing character: There is no е (U+0435) in font "name:TeX Gyre Termes:mode=no
de;script=cyrl;language=dflt;+liga;+tlig;"!
Missing character: There is no о (U+043E) in font "name:TeX Gyre Termes:mode=no
de;script=cyrl;language=dflt;+liga;+tlig;"!
Missing character: There is no с (U+0441) in font "name:TeX Gyre Termes:mode=no
de;script=cyrl;language=dflt;+liga;+tlig;"!
Missing character: There is no ц (U+0446) in font "name:TeX Gyre Termes:mode=no
de;script=cyrl;language=dflt;+liga;+tlig;"!
Missing character: There is no и (U+0438) in font "name:TeX Gyre Termes:mode=no
de;script=cyrl;language=dflt;+liga;+tlig;"!
Missing character: There is no л (U+043B) in font "name:TeX Gyre Termes:mode=no
de;script=cyrl;language=dflt;+liga;+tlig;"!
Missing character: There is no л (U+043B) in font "name:TeX Gyre Termes:mode=no
de;script=cyrl;language=dflt;+liga;+tlig;"!
Missing character: There is no я (U+044F) in font "name:TeX Gyre Termes:mode=no
de;script=cyrl;language=dflt;+liga;+tlig;"!
Missing character: There is no ц (U+0446) in font "name:TeX Gyre Termes:mode=no
de;script=cyrl;language=dflt;+liga;+tlig;"!
Missing character: There is no и (U+0438) in font "name:TeX Gyre Termes:mode=no
de;script=cyrl;language=dflt;+liga;+tlig;"!
Missing character: There is no и (U+0438) in font "name:TeX Gyre Termes:mode=no
de;script=cyrl;language=dflt;+liga;+tlig;"!
Missing character: There is no о (U+043E) in font "name:TeX Gyre Termes:mode=no
de;script=cyrl;language=dflt;+liga;+tlig;"!
Missing character: There is no ч (U+0447) in font "name:TeX Gyre Termes:mode=no
de;script=cyrl;language=dflt;+liga;+tlig;"!
Missing character: There is no е (U+0435) in font "name:TeX Gyre Termes:mode=no
de;script=cyrl;language=dflt;+liga;+tlig;"!
Missing character: There is no р (U+0440) in font "name:TeX Gyre Termes:mode=no
de;script=cyrl;language=dflt;+liga;+tlig;"!
Missing character: There is no е (U+0435) in font "name:TeX Gyre Termes:mode=no
de;script=cyrl;language=dflt;+liga;+tlig;"!
Missing character: There is no д (U+0434) in font "name:TeX Gyre Termes:mode=no
de;script=cyrl;language=dflt;+liga;+tlig;"!
Missing character: There is no и (U+0438) in font "name:TeX Gyre Termes:mode=no
de;script=cyrl;language=dflt;+liga;+tlig;"!
Missing character: There is no п (U+043F) in font "name:TeX Gyre Termes:mode=no
de;script=cyrl;language=dflt;+liga;+tlig;"!
Missing character: There is no а (U+0430) in font "name:TeX Gyre Termes:mode=no
de;script=cyrl;language=dflt;+liga;+tlig;"!
Missing character: There is no к (U+043A) in font "name:TeX Gyre Termes:mode=no
de;script=cyrl;language=dflt;+liga;+tlig;"!
Missing character: There is no е (U+0435) in font "name:TeX Gyre Termes:mode=no
de;script=cyrl;language=dflt;+liga;+tlig;"!
Missing character: There is no т (U+0442) in font "name:TeX Gyre Termes:mode=no
de;script=cyrl;language=dflt;+liga;+tlig;"!
Missing character: There is no о (U+043E) in font "name:TeX Gyre Termes:mode=no
de;script=cyrl;language=dflt;+liga;+tlig;"!
Missing character: There is no в (U+0432) in font "name:TeX Gyre Termes:mode=no
de;script=cyrl;language=dflt;+liga;+tlig;"!
Missing character: There is no д (U+0434) in font "name:TeX Gyre Termes:mode=no
de;script=cyrl;language=dflt;+liga;+tlig;"!
Missing character: There is no о (U+043E) in font "name:TeX Gyre Termes:mode=no
de;script=cyrl;language=dflt;+liga;+tlig;"!
Missing character: There is no с (U+0441) in font "name:TeX Gyre Termes:mode=no
de;script=cyrl;language=dflt;+liga;+tlig;"!
Missing character: There is no т (U+0442) in font "name:TeX Gyre Termes:mode=no
de;script=cyrl;language=dflt;+liga;+tlig;"!
Missing character: There is no и (U+0438) in font "name:TeX Gyre Termes:mode=no
de;script=cyrl;language=dflt;+liga;+tlig;"!
Missing character: There is no г (U+0433) in font "name:TeX Gyre Termes:mode=no
de;script=cyrl;language=dflt;+liga;+tlig;"!
Missing character: There is no н (U+043D) in font "name:TeX Gyre Termes:mode=no
de;script=cyrl;language=dflt;+liga;+tlig;"!
Missing character: There is no а (U+0430) in font "name:TeX Gyre Termes:mode=no
de;script=cyrl;language=dflt;+liga;+tlig;"!
Missing character: There is no и (U+0438) in font "name:TeX Gyre Termes:mode=no
de;script=cyrl;language=dflt;+liga;+tlig;"!
Missing character: There is no м (U+043C) in font "name:TeX Gyre Termes:mode=no
de;script=cyrl;language=dflt;+liga;+tlig;"!
Missing character: There is no е (U+0435) in font "name:TeX Gyre Termes:mode=no
de;script=cyrl;language=dflt;+liga;+tlig;"!
Missing character: There is no н (U+043D) in font "name:TeX Gyre Termes:mode=no
de;script=cyrl;language=dflt;+liga;+tlig;"!
Missing character: There is no ь (U+044C) in font "name:TeX Gyre Termes:mode=no
de;script=cyrl;language=dflt;+liga;+tlig;"!
Missing character: There is no ш (U+0448) in font "name:TeX Gyre Termes:mode=no
de;script=cyrl;language=dflt;+liga;+tlig;"!
Missing character: There is no е (U+0435) in font "name:TeX Gyre Termes:mode=no
de;script=cyrl;language=dflt;+liga;+tlig;"!
Missing character: There is no й (U+0439) in font "name:TeX Gyre Termes:mode=no
de;script=cyrl;language=dflt;+liga;+tlig;"!
Missing character: There is no с (U+0441) in font "name:TeX Gyre Termes:mode=no
de;script=cyrl;language=dflt;+liga;+tlig;"!
Missing character: There is no р (U+0440) in font "name:TeX Gyre Termes:mode=no
de;script=cyrl;language=dflt;+liga;+tlig;"!
Missing character: There is no е (U+0435) in font "name:TeX Gyre Termes:mode=no
de;script=cyrl;language=dflt;+liga;+tlig;"!
Missing character: There is no д (U+0434) in font "name:TeX Gyre Termes:mode=no
de;script=cyrl;language=dflt;+liga;+tlig;"!
Missing character: There is no н (U+043D) in font "name:TeX Gyre Termes:mode=no
de;script=cyrl;language=dflt;+liga;+tlig;"!
Missing character: There is no е (U+0435) in font "name:TeX Gyre Termes:mode=no
de;script=cyrl;language=dflt;+liga;+tlig;"!
Missing character: There is no й (U+0439) in font "name:TeX Gyre Termes:mode=no
de;script=cyrl;language=dflt;+liga;+tlig;"!
Missing character: There is no д (U+0434) in font "name:TeX Gyre Termes:mode=no
de;script=cyrl;language=dflt;+liga;+tlig;"!
Missing character: There is no л (U+043B) in font "name:TeX Gyre Termes:mode=no
de;script=cyrl;language=dflt;+liga;+tlig;"!
Missing character: There is no и (U+0438) in font "name:TeX Gyre Termes:mode=no
de;script=cyrl;language=dflt;+liga;+tlig;"!
Missing character: There is no н (U+043D) in font "name:TeX Gyre Termes:mode=no
de;script=cyrl;language=dflt;+liga;+tlig;"!
Missing character: There is no ы (U+044B) in font "name:TeX Gyre Termes:mode=no
de;script=cyrl;language=dflt;+liga;+tlig;"!
Missing character: There is no о (U+043E) in font "name:TeX Gyre Termes:mode=no
de;script=cyrl;language=dflt;+liga;+tlig;"!
Missing character: There is no ч (U+0447) in font "name:TeX Gyre Termes:mode=no
de;script=cyrl;language=dflt;+liga;+tlig;"!
Missing character: There is no е (U+0435) in font "name:TeX Gyre Termes:mode=no
de;script=cyrl;language=dflt;+liga;+tlig;"!
Missing character: There is no р (U+0440) in font "name:TeX Gyre Termes:mode=no
de;script=cyrl;language=dflt;+liga;+tlig;"!
Missing character: There is no е (U+0435) in font "name:TeX Gyre Termes:mode=no
de;script=cyrl;language=dflt;+liga;+tlig;"!
Missing character: There is no д (U+0434) in font "name:TeX Gyre Termes:mode=no
de;script=cyrl;language=dflt;+liga;+tlig;"!
Missing character: There is no и (U+0438) in font "name:TeX Gyre Termes:mode=no
de;script=cyrl;language=dflt;+liga;+tlig;"!
Missing character: There is no п (U+043F) in font "name:TeX Gyre Termes:mode=no
de;script=cyrl;language=dflt;+liga;+tlig;"!
Missing character: There is no а (U+0430) in font "name:TeX Gyre Termes:mode=no
de;script=cyrl;language=dflt;+liga;+tlig;"!
Missing character: There is no к (U+043A) in font "name:TeX Gyre Termes:mode=no
de;script=cyrl;language=dflt;+liga;+tlig;"!
Missing character: There is no е (U+0435) in font "name:TeX Gyre Termes:mode=no
de;script=cyrl;language=dflt;+liga;+tlig;"!
Missing character: There is no т (U+0442) in font "name:TeX Gyre Termes:mode=no
de;script=cyrl;language=dflt;+liga;+tlig;"!
Missing character: There is no а (U+0430) in font "name:TeX Gyre Termes:mode=no
de;script=cyrl;language=dflt;+liga;+tlig;"!
Missing character: There is no п (U+043F) in font "name:TeX Gyre Termes:mode=no
de;script=cyrl;language=dflt;+liga;+tlig;"!
Missing character: There is no р (U+0440) in font "name:TeX Gyre Termes:mode=no
de;script=cyrl;language=dflt;+liga;+tlig;"!
Missing character: There is no и (U+0438) in font "name:TeX Gyre Termes:mode=no
de;script=cyrl;language=dflt;+liga;+tlig;"!
Missing character: There is no н (U+043D) in font "name:TeX Gyre Termes:mode=no
de;script=cyrl;language=dflt;+liga;+tlig;"!
Missing character: There is no а (U+0430) in font "name:TeX Gyre Termes:mode=no
de;script=cyrl;language=dflt;+liga;+tlig;"!
Missing character: There is no и (U+0438) in font "name:TeX Gyre Termes:mode=no
de;script=cyrl;language=dflt;+liga;+tlig;"!
Missing character: There is no б (U+0431) in font "name:TeX Gyre Termes:mode=no
de;script=cyrl;language=dflt;+liga;+tlig;"!
Missing character: There is no о (U+043E) in font "name:TeX Gyre Termes:mode=no
de;script=cyrl;language=dflt;+liga;+tlig;"!
Missing character: There is no л (U+043B) in font "name:TeX Gyre Termes:mode=no
de;script=cyrl;language=dflt;+liga;+tlig;"!
Missing character: There is no ь (U+044C) in font "name:TeX Gyre Termes:mode=no
de;script=cyrl;language=dflt;+liga;+tlig;"!
Missing character: There is no ш (U+0448) in font "name:TeX Gyre Termes:mode=no
de;script=cyrl;language=dflt;+liga;+tlig;"!
Missing character: There is no е (U+0435) in font "name:TeX Gyre Termes:mode=no
de;script=cyrl;language=dflt;+liga;+tlig;"!
Missing character: There is no й (U+0439) in font "name:TeX Gyre Termes:mode=no
de;script=cyrl;language=dflt;+liga;+tlig;"!
Missing character: There is no в (U+0432) in font "name:TeX Gyre Termes:mode=no
de;script=cyrl;language=dflt;+liga;+tlig;"!
Missing character: There is no а (U+0430) in font "name:TeX Gyre Termes:mode=no
de;script=cyrl;language=dflt;+liga;+tlig;"!
Missing character: There is no р (U+0440) in font "name:TeX Gyre Termes:mode=no
de;script=cyrl;language=dflt;+liga;+tlig;"!
Missing character: There is no и (U+0438) in font "name:TeX Gyre Termes:mode=no
de;script=cyrl;language=dflt;+liga;+tlig;"!
Missing character: There is no а (U+0430) in font "name:TeX Gyre Termes:mode=no
de;script=cyrl;language=dflt;+liga;+tlig;"!
Missing character: There is no б (U+0431) in font "name:TeX Gyre Termes:mode=no
de;script=cyrl;language=dflt;+liga;+tlig;"!
Missing character: There is no е (U+0435) in font "name:TeX Gyre Termes:mode=no
de;script=cyrl;language=dflt;+liga;+tlig;"!
Missing character: There is no л (U+043B) in font "name:TeX Gyre Termes:mode=no
de;script=cyrl;language=dflt;+liga;+tlig;"!
Missing character: There is no ь (U+044C) in font "name:TeX Gyre Termes:mode=no
de;script=cyrl;language=dflt;+liga;+tlig;"!
Missing character: There is no н (U+043D) in font "name:TeX Gyre Termes:mode=no
de;script=cyrl;language=dflt;+liga;+tlig;"!
Missing character: There is no о (U+043E) in font "name:TeX Gyre Termes:mode=no
de;script=cyrl;language=dflt;+liga;+tlig;"!
Missing character: There is no с (U+0441) in font "name:TeX Gyre Termes:mode=no
de;script=cyrl;language=dflt;+liga;+tlig;"!
Missing character: There is no т (U+0442) in font "name:TeX Gyre Termes:mode=no
de;script=cyrl;language=dflt;+liga;+tlig;"!
Missing character: There is no и (U+0438) in font "name:TeX Gyre Termes:mode=no
de;script=cyrl;language=dflt;+liga;+tlig;"!
Missing character: There is no п (U+043F) in font "name:TeX Gyre Termes:mode=no
de;script=cyrl;language=dflt;+liga;+tlig;"!
Missing character: There is no р (U+0440) in font "name:TeX Gyre Termes:mode=no
de;script=cyrl;language=dflt;+liga;+tlig;"!
Missing character: There is no о (U+043E) in font "name:TeX Gyre Termes:mode=no
de;script=cyrl;language=dflt;+liga;+tlig;"!
Missing character: There is no п (U+043F) in font "name:TeX Gyre Termes:mode=no
de;script=cyrl;language=dflt;+liga;+tlig;"!
Missing character: There is no у (U+0443) in font "name:TeX Gyre Termes:mode=no
de;script=cyrl;language=dflt;+liga;+tlig;"!
Missing character: There is no с (U+0441) in font "name:TeX Gyre Termes:mode=no
de;script=cyrl;language=dflt;+liga;+tlig;"!
Missing character: There is no к (U+043A) in font "name:TeX Gyre Termes:mode=no
de;script=cyrl;language=dflt;+liga;+tlig;"!
Missing character: There is no н (U+043D) in font "name:TeX Gyre Termes:mode=no
de;script=cyrl;language=dflt;+liga;+tlig;"!
Missing character: There is no о (U+043E) in font "name:TeX Gyre Termes:mode=no
de;script=cyrl;language=dflt;+liga;+tlig;"!
Missing character: There is no й (U+0439) in font "name:TeX Gyre Termes:mode=no
de;script=cyrl;language=dflt;+liga;+tlig;"!
Missing character: There is no с (U+0441) in font "name:TeX Gyre Termes:mode=no
de;script=cyrl;language=dflt;+liga;+tlig;"!
Missing character: There is no п (U+043F) in font "name:TeX Gyre Termes:mode=no
de;script=cyrl;language=dflt;+liga;+tlig;"!
Missing character: There is no о (U+043E) in font "name:TeX Gyre Termes:mode=no
de;script=cyrl;language=dflt;+liga;+tlig;"!
Missing character: There is no с (U+0441) in font "name:TeX Gyre Termes:mode=no
de;script=cyrl;language=dflt;+liga;+tlig;"!
Missing character: There is no о (U+043E) in font "name:TeX Gyre Termes:mode=no
de;script=cyrl;language=dflt;+liga;+tlig;"!
Missing character: There is no б (U+0431) in font "name:TeX Gyre Termes:mode=no
de;script=cyrl;language=dflt;+liga;+tlig;"!
Missing character: There is no н (U+043D) in font "name:TeX Gyre Termes:mode=no
de;script=cyrl;language=dflt;+liga;+tlig;"!
Missing character: There is no о (U+043E) in font "name:TeX Gyre Termes:mode=no
de;script=cyrl;language=dflt;+liga;+tlig;"!
Missing character: There is no с (U+0441) in font "name:TeX Gyre Termes:mode=no
de;script=cyrl;language=dflt;+liga;+tlig;"!
Missing character: There is no т (U+0442) in font "name:TeX Gyre Termes:mode=no
de;script=cyrl;language=dflt;+liga;+tlig;"!
Missing character: There is no и (U+0438) in font "name:TeX Gyre Termes:mode=no
de;script=cyrl;language=dflt;+liga;+tlig;"!
Missing character: There is no к (U+043A) in font "name:TeX Gyre Termes:mode=no
de;script=cyrl;language=dflt;+liga;+tlig;"!
Missing character: There is no о (U+043E) in font "name:TeX Gyre Termes:mode=no
de;script=cyrl;language=dflt;+liga;+tlig;"!
Missing character: There is no э (U+044D) in font "name:TeX Gyre Termes:mode=no
de;script=cyrl;language=dflt;+liga;+tlig;"!
Missing character: There is no ф (U+0444) in font "name:TeX Gyre Termes:mode=no
de;script=cyrl;language=dflt;+liga;+tlig;"!
Missing character: There is no ф (U+0444) in font "name:TeX Gyre Termes:mode=no
de;script=cyrl;language=dflt;+liga;+tlig;"!
Missing character: There is no и (U+0438) in font "name:TeX Gyre Termes:mode=no
de;script=cyrl;language=dflt;+liga;+tlig;"!
Missing character: There is no ц (U+0446) in font "name:TeX Gyre Termes:mode=no
de;script=cyrl;language=dflt;+liga;+tlig;"!
Missing character: There is no и (U+0438) in font "name:TeX Gyre Termes:mode=no
de;script=cyrl;language=dflt;+liga;+tlig;"!
Missing character: There is no е (U+0435) in font "name:TeX Gyre Termes:mode=no
de;script=cyrl;language=dflt;+liga;+tlig;"!
Missing character: There is no н (U+043D) in font "name:TeX Gyre Termes:mode=no
de;script=cyrl;language=dflt;+liga;+tlig;"!
Missing character: There is no т (U+0442) in font "name:TeX Gyre Termes:mode=no
de;script=cyrl;language=dflt;+liga;+tlig;"!
Missing character: There is no в (U+0432) in font "name:TeX Gyre Termes:mode=no
de;script=cyrl;language=dflt;+liga;+tlig;"!
Missing character: There is no а (U+0430) in font "name:TeX Gyre Termes:mode=no
de;script=cyrl;language=dflt;+liga;+tlig;"!
Missing character: There is no р (U+0440) in font "name:TeX Gyre Termes:mode=no
de;script=cyrl;language=dflt;+liga;+tlig;"!
Missing character: There is no и (U+0438) in font "name:TeX Gyre Termes:mode=no
de;script=cyrl;language=dflt;+liga;+tlig;"!
Missing character: There is no а (U+0430) in font "name:TeX Gyre Termes:mode=no
de;script=cyrl;language=dflt;+liga;+tlig;"!
Missing character: There is no ц (U+0446) in font "name:TeX Gyre Termes:mode=no
de;script=cyrl;language=dflt;+liga;+tlig;"!
Missing character: There is no и (U+0438) in font "name:TeX Gyre Termes:mode=no
de;script=cyrl;language=dflt;+liga;+tlig;"!
Missing character: There is no и (U+0438) in font "name:TeX Gyre Termes:mode=no
de;script=cyrl;language=dflt;+liga;+tlig;"!
Missing character: There is no В (U+0412) in font "name:TeX Gyre Termes/B:mode=
node;script=cyrl;language=dflt;+liga;+tlig;"!
Missing character: There is no ы (U+044B) in font "name:TeX Gyre Termes/B:mode=
node;script=cyrl;language=dflt;+liga;+tlig;"!
Missing character: There is no в (U+0432) in font "name:TeX Gyre Termes/B:mode=
node;script=cyrl;language=dflt;+liga;+tlig;"!
Missing character: There is no о (U+043E) in font "name:TeX Gyre Termes/B:mode=
node;script=cyrl;language=dflt;+liga;+tlig;"!
Missing character: There is no д (U+0434) in font "name:TeX Gyre Termes/B:mode=
node;script=cyrl;language=dflt;+liga;+tlig;"!
Missing character: There is no ы (U+044B) in font "name:TeX Gyre Termes/B:mode=
node;script=cyrl;language=dflt;+liga;+tlig;"!
Missing character: There is no У (U+0423) in font "name:TeX Gyre Termes:mode=no
de;script=cyrl;language=dflt;+liga;+tlig;"!
Missing character: There is no н (U+043D) in font "name:TeX Gyre Termes:mode=no
de;script=cyrl;language=dflt;+liga;+tlig;"!
Missing character: There is no и (U+0438) in font "name:TeX Gyre Termes:mode=no
de;script=cyrl;language=dflt;+liga;+tlig;"!
Missing character: There is no в (U+0432) in font "name:TeX Gyre Termes:mode=no
de;script=cyrl;language=dflt;+liga;+tlig;"!
Missing character: There is no е (U+0435) in font "name:TeX Gyre Termes:mode=no
de;script=cyrl;language=dflt;+liga;+tlig;"!
Missing character: There is no р (U+0440) in font "name:TeX Gyre Termes:mode=no
de;script=cyrl;language=dflt;+liga;+tlig;"!
Missing character: There is no с (U+0441) in font "name:TeX Gyre Termes:mode=no
de;script=cyrl;language=dflt;+liga;+tlig;"!
Missing character: There is no а (U+0430) in font "name:TeX Gyre Termes:mode=no
de;script=cyrl;language=dflt;+liga;+tlig;"!
Missing character: There is no л (U+043B) in font "name:TeX Gyre Termes:mode=no
de;script=cyrl;language=dflt;+liga;+tlig;"!
Missing character: There is no ь (U+044C) in font "name:TeX Gyre Termes:mode=no
de;script=cyrl;language=dflt;+liga;+tlig;"!
Missing character: There is no н (U+043D) in font "name:TeX Gyre Termes:mode=no
de;script=cyrl;language=dflt;+liga;+tlig;"!
Missing character: There is no о (U+043E) in font "name:TeX Gyre Termes:mode=no
de;script=cyrl;language=dflt;+liga;+tlig;"!
Missing character: There is no о (U+043E) in font "name:TeX Gyre Termes:mode=no
de;script=cyrl;language=dflt;+liga;+tlig;"!
Missing character: There is no п (U+043F) in font "name:TeX Gyre Termes:mode=no
de;script=cyrl;language=dflt;+liga;+tlig;"!
Missing character: There is no т (U+0442) in font "name:TeX Gyre Termes:mode=no
de;script=cyrl;language=dflt;+liga;+tlig;"!
Missing character: There is no и (U+0438) in font "name:TeX Gyre Termes:mode=no
de;script=cyrl;language=dflt;+liga;+tlig;"!
Missing character: There is no м (U+043C) in font "name:TeX Gyre Termes:mode=no
de;script=cyrl;language=dflt;+liga;+tlig;"!
Missing character: There is no а (U+0430) in font "name:TeX Gyre Termes:mode=no
de;script=cyrl;language=dflt;+liga;+tlig;"!
Missing character: There is no л (U+043B) in font "name:TeX Gyre Termes:mode=no
de;script=cyrl;language=dflt;+liga;+tlig;"!
Missing character: There is no ь (U+044C) in font "name:TeX Gyre Termes:mode=no
de;script=cyrl;language=dflt;+liga;+tlig;"!
Missing character: There is no н (U+043D) in font "name:TeX Gyre Termes:mode=no
de;script=cyrl;language=dflt;+liga;+tlig;"!
Missing character: There is no о (U+043E) in font "name:TeX Gyre Termes:mode=no
de;script=cyrl;language=dflt;+liga;+tlig;"!
Missing character: There is no г (U+0433) in font "name:TeX Gyre Termes:mode=no
de;script=cyrl;language=dflt;+liga;+tlig;"!
Missing character: There is no о (U+043E) in font "name:TeX Gyre Termes:mode=no
de;script=cyrl;language=dflt;+liga;+tlig;"!
Missing character: There is no а (U+0430) in font "name:TeX Gyre Termes:mode=no
de;script=cyrl;language=dflt;+liga;+tlig;"!
Missing character: There is no л (U+043B) in font "name:TeX Gyre Termes:mode=no
de;script=cyrl;language=dflt;+liga;+tlig;"!
Missing character: There is no г (U+0433) in font "name:TeX Gyre Termes:mode=no
de;script=cyrl;language=dflt;+liga;+tlig;"!
Missing character: There is no о (U+043E) in font "name:TeX Gyre Termes:mode=no
de;script=cyrl;language=dflt;+liga;+tlig;"!
Missing character: There is no р (U+0440) in font "name:TeX Gyre Termes:mode=no
de;script=cyrl;language=dflt;+liga;+tlig;"!
Missing character: There is no и (U+0438) in font "name:TeX Gyre Termes:mode=no
de;script=cyrl;language=dflt;+liga;+tlig;"!
Missing character: There is no т (U+0442) in font "name:TeX Gyre Termes:mode=no
de;script=cyrl;language=dflt;+liga;+tlig;"!
Missing character: There is no м (U+043C) in font "name:TeX Gyre Termes:mode=no
de;script=cyrl;language=dflt;+liga;+tlig;"!
Missing character: There is no а (U+0430) in font "name:TeX Gyre Termes:mode=no
de;script=cyrl;language=dflt;+liga;+tlig;"!
Missing character: There is no н (U+043D) in font "name:TeX Gyre Termes:mode=no
de;script=cyrl;language=dflt;+liga;+tlig;"!
Missing character: There is no е (U+0435) in font "name:TeX Gyre Termes:mode=no
de;script=cyrl;language=dflt;+liga;+tlig;"!
Missing character: There is no с (U+0441) in font "name:TeX Gyre Termes:mode=no
de;script=cyrl;language=dflt;+liga;+tlig;"!
Missing character: There is no у (U+0443) in font "name:TeX Gyre Termes:mode=no
de;script=cyrl;language=dflt;+liga;+tlig;"!
Missing character: There is no щ (U+0449) in font "name:TeX Gyre Termes:mode=no
de;script=cyrl;language=dflt;+liga;+tlig;"!
Missing character: There is no е (U+0435) in font "name:TeX Gyre Termes:mode=no
de;script=cyrl;language=dflt;+liga;+tlig;"!
Missing character: There is no с (U+0441) in font "name:TeX Gyre Termes:mode=no
de;script=cyrl;language=dflt;+liga;+tlig;"!
Missing character: There is no т (U+0442) in font "name:TeX Gyre Termes:mode=no
de;script=cyrl;language=dflt;+liga;+tlig;"!
Missing character: There is no в (U+0432) in font "name:TeX Gyre Termes:mode=no
de;script=cyrl;language=dflt;+liga;+tlig;"!
Missing character: There is no у (U+0443) in font "name:TeX Gyre Termes:mode=no
de;script=cyrl;language=dflt;+liga;+tlig;"!
Missing character: There is no е (U+0435) in font "name:TeX Gyre Termes:mode=no
de;script=cyrl;language=dflt;+liga;+tlig;"!
Missing character: There is no т (U+0442) in font "name:TeX Gyre Termes:mode=no
de;script=cyrl;language=dflt;+liga;+tlig;"!
Missing character: There is no в (U+0432) in font "name:TeX Gyre Termes:mode=no
de;script=cyrl;language=dflt;+liga;+tlig;"!
Missing character: There is no ы (U+044B) in font "name:TeX Gyre Termes:mode=no
de;script=cyrl;language=dflt;+liga;+tlig;"!
Missing character: There is no б (U+0431) in font "name:TeX Gyre Termes:mode=no
de;script=cyrl;language=dflt;+liga;+tlig;"!
Missing character: There is no о (U+043E) in font "name:TeX Gyre Termes:mode=no
de;script=cyrl;language=dflt;+liga;+tlig;"!
Missing character: There is no р (U+0440) in font "name:TeX Gyre Termes:mode=no
de;script=cyrl;language=dflt;+liga;+tlig;"!
Missing character: There is no о (U+043E) in font "name:TeX Gyre Termes:mode=no
de;script=cyrl;language=dflt;+liga;+tlig;"!
Missing character: There is no п (U+043F) in font "name:TeX Gyre Termes:mode=no
de;script=cyrl;language=dflt;+liga;+tlig;"!
Missing character: There is no р (U+0440) in font "name:TeX Gyre Termes:mode=no
de;script=cyrl;language=dflt;+liga;+tlig;"!
Missing character: There is no е (U+0435) in font "name:TeX Gyre Termes:mode=no
de;script=cyrl;language=dflt;+liga;+tlig;"!
Missing character: There is no д (U+0434) in font "name:TeX Gyre Termes:mode=no
de;script=cyrl;language=dflt;+liga;+tlig;"!
Missing character: There is no е (U+0435) in font "name:TeX Gyre Termes:mode=no
de;script=cyrl;language=dflt;+liga;+tlig;"!
Missing character: There is no л (U+043B) in font "name:TeX Gyre Termes:mode=no
de;script=cyrl;language=dflt;+liga;+tlig;"!
Missing character: There is no я (U+044F) in font "name:TeX Gyre Termes:mode=no
de;script=cyrl;language=dflt;+liga;+tlig;"!
Missing character: There is no е (U+0435) in font "name:TeX Gyre Termes:mode=no
de;script=cyrl;language=dflt;+liga;+tlig;"!
Missing character: There is no т (U+0442) in font "name:TeX Gyre Termes:mode=no
de;script=cyrl;language=dflt;+liga;+tlig;"!
Missing character: There is no с (U+0441) in font "name:TeX Gyre Termes:mode=no
de;script=cyrl;language=dflt;+liga;+tlig;"!
Missing character: There is no я (U+044F) in font "name:TeX Gyre Termes:mode=no
de;script=cyrl;language=dflt;+liga;+tlig;"!
Missing character: There is no п (U+043F) in font "name:TeX Gyre Termes:mode=no
de;script=cyrl;language=dflt;+liga;+tlig;"!
Missing character: There is no р (U+0440) in font "name:TeX Gyre Termes:mode=no
de;script=cyrl;language=dflt;+liga;+tlig;"!
Missing character: There is no и (U+0438) in font "name:TeX Gyre Termes:mode=no
de;script=cyrl;language=dflt;+liga;+tlig;"!
Missing character: There is no о (U+043E) in font "name:TeX Gyre Termes:mode=no
de;script=cyrl;language=dflt;+liga;+tlig;"!
Missing character: There is no р (U+0440) in font "name:TeX Gyre Termes:mode=no
de;script=cyrl;language=dflt;+liga;+tlig;"!
Missing character: There is no и (U+0438) in font "name:TeX Gyre Termes:mode=no
de;script=cyrl;language=dflt;+liga;+tlig;"!
Missing character: There is no т (U+0442) in font "name:TeX Gyre Termes:mode=no
de;script=cyrl;language=dflt;+liga;+tlig;"!
Missing character: There is no е (U+0435) in font "name:TeX Gyre Termes:mode=no
de;script=cyrl;language=dflt;+liga;+tlig;"!
Missing character: There is no т (U+0442) in font "name:TeX Gyre Termes:mode=no
de;script=cyrl;language=dflt;+liga;+tlig;"!
Missing character: There is no а (U+0430) in font "name:TeX Gyre Termes:mode=no
de;script=cyrl;language=dflt;+liga;+tlig;"!
Missing character: There is no м (U+043C) in font "name:TeX Gyre Termes:mode=no
de;script=cyrl;language=dflt;+liga;+tlig;"!
Missing character: There is no и (U+0438) in font "name:TeX Gyre Termes:mode=no
de;script=cyrl;language=dflt;+liga;+tlig;"!
Missing character: There is no с (U+0441) in font "name:TeX Gyre Termes:mode=no
de;script=cyrl;language=dflt;+liga;+tlig;"!
Missing character: There is no ц (U+0446) in font "name:TeX Gyre Termes:mode=no
de;script=cyrl;language=dflt;+liga;+tlig;"!
Missing character: There is no е (U+0435) in font "name:TeX Gyre Termes:mode=no
de;script=cyrl;language=dflt;+liga;+tlig;"!
Missing character: There is no н (U+043D) in font "name:TeX Gyre Termes:mode=no
de;script=cyrl;language=dflt;+liga;+tlig;"!
Missing character: There is no а (U+0430) in font "name:TeX Gyre Termes:mode=no
de;script=cyrl;language=dflt;+liga;+tlig;"!
Missing character: There is no р (U+0440) in font "name:TeX Gyre Termes:mode=no
de;script=cyrl;language=dflt;+liga;+tlig;"!
Missing character: There is no и (U+0438) in font "name:TeX Gyre Termes:mode=no
de;script=cyrl;language=dflt;+liga;+tlig;"!
Missing character: There is no я (U+044F) in font "name:TeX Gyre Termes:mode=no
de;script=cyrl;language=dflt;+liga;+tlig;"!
Missing character: There is no д (U+0434) in font "name:TeX Gyre Termes:mode=no
de;script=cyrl;language=dflt;+liga;+tlig;"!
Missing character: There is no л (U+043B) in font "name:TeX Gyre Termes:mode=no
de;script=cyrl;language=dflt;+liga;+tlig;"!
Missing character: There is no я (U+044F) in font "name:TeX Gyre Termes:mode=no
de;script=cyrl;language=dflt;+liga;+tlig;"!
Missing character: There is no м (U+043C) in font "name:TeX Gyre Termes:mode=no
de;script=cyrl;language=dflt;+liga;+tlig;"!
Missing character: There is no и (U+0438) in font "name:TeX Gyre Termes:mode=no
de;script=cyrl;language=dflt;+liga;+tlig;"!
Missing character: There is no н (U+043D) in font "name:TeX Gyre Termes:mode=no
de;script=cyrl;language=dflt;+liga;+tlig;"!
Missing character: There is no и (U+0438) in font "name:TeX Gyre Termes:mode=no
de;script=cyrl;language=dflt;+liga;+tlig;"!
Missing character: There is no м (U+043C) in font "name:TeX Gyre Termes:mode=no
de;script=cyrl;language=dflt;+liga;+tlig;"!
Missing character: There is no а (U+0430) in font "name:TeX Gyre Termes:mode=no
de;script=cyrl;language=dflt;+liga;+tlig;"!
Missing character: There is no л (U+043B) in font "name:TeX Gyre Termes:mode=no
de;script=cyrl;language=dflt;+liga;+tlig;"!
Missing character: There is no ь (U+044C) in font "name:TeX Gyre Termes:mode=no
de;script=cyrl;language=dflt;+liga;+tlig;"!
Missing character: There is no н (U+043D) in font "name:TeX Gyre Termes:mode=no
de;script=cyrl;language=dflt;+liga;+tlig;"!
Missing character: There is no о (U+043E) in font "name:TeX Gyre Termes:mode=no
de;script=cyrl;language=dflt;+liga;+tlig;"!
Missing character: There is no й (U+0439) in font "name:TeX Gyre Termes:mode=no
de;script=cyrl;language=dflt;+liga;+tlig;"!
Missing character: There is no з (U+0437) in font "name:TeX Gyre Termes:mode=no
de;script=cyrl;language=dflt;+liga;+tlig;"!
Missing character: There is no а (U+0430) in font "name:TeX Gyre Termes:mode=no
de;script=cyrl;language=dflt;+liga;+tlig;"!
Missing character: There is no д (U+0434) in font "name:TeX Gyre Termes:mode=no
de;script=cyrl;language=dflt;+liga;+tlig;"!
Missing character: There is no е (U+0435) in font "name:TeX Gyre Termes:mode=no
de;script=cyrl;language=dflt;+liga;+tlig;"!
Missing character: There is no р (U+0440) in font "name:TeX Gyre Termes:mode=no
de;script=cyrl;language=dflt;+liga;+tlig;"!
Missing character: There is no ж (U+0436) in font "name:TeX Gyre Termes:mode=no
de;script=cyrl;language=dflt;+liga;+tlig;"!
Missing character: There is no к (U+043A) in font "name:TeX Gyre Termes:mode=no
de;script=cyrl;language=dflt;+liga;+tlig;"!
Missing character: There is no и (U+0438) in font "name:TeX Gyre Termes:mode=no
de;script=cyrl;language=dflt;+liga;+tlig;"!
Missing character: There is no д (U+0434) in font "name:TeX Gyre Termes:mode=no
de;script=cyrl;language=dflt;+liga;+tlig;"!
Missing character: There is no л (U+043B) in font "name:TeX Gyre Termes:mode=no
de;script=cyrl;language=dflt;+liga;+tlig;"!
Missing character: There is no я (U+044F) in font "name:TeX Gyre Termes:mode=no
de;script=cyrl;language=dflt;+liga;+tlig;"!
Missing character: There is no м (U+043C) in font "name:TeX Gyre Termes:mode=no
de;script=cyrl;language=dflt;+liga;+tlig;"!
Missing character: There is no и (U+0438) in font "name:TeX Gyre Termes:mode=no
de;script=cyrl;language=dflt;+liga;+tlig;"!
Missing character: There is no н (U+043D) in font "name:TeX Gyre Termes:mode=no
de;script=cyrl;language=dflt;+liga;+tlig;"!
Missing character: There is no и (U+0438) in font "name:TeX Gyre Termes:mode=no
de;script=cyrl;language=dflt;+liga;+tlig;"!
Missing character: There is no м (U+043C) in font "name:TeX Gyre Termes:mode=no
de;script=cyrl;language=dflt;+liga;+tlig;"!
Missing character: There is no а (U+0430) in font "name:TeX Gyre Termes:mode=no
de;script=cyrl;language=dflt;+liga;+tlig;"!
Missing character: There is no л (U+043B) in font "name:TeX Gyre Termes:mode=no
de;script=cyrl;language=dflt;+liga;+tlig;"!
Missing character: There is no ь (U+044C) in font "name:TeX Gyre Termes:mode=no
de;script=cyrl;language=dflt;+liga;+tlig;"!
Missing character: There is no н (U+043D) in font "name:TeX Gyre Termes:mode=no
de;script=cyrl;language=dflt;+liga;+tlig;"!
Missing character: There is no ы (U+044B) in font "name:TeX Gyre Termes:mode=no
de;script=cyrl;language=dflt;+liga;+tlig;"!
Missing character: There is no х (U+0445) in font "name:TeX Gyre Termes:mode=no
de;script=cyrl;language=dflt;+liga;+tlig;"!
Missing character: There is no п (U+043F) in font "name:TeX Gyre Termes:mode=no
de;script=cyrl;language=dflt;+liga;+tlig;"!
Missing character: There is no о (U+043E) in font "name:TeX Gyre Termes:mode=no
de;script=cyrl;language=dflt;+liga;+tlig;"!
Missing character: There is no т (U+0442) in font "name:TeX Gyre Termes:mode=no
de;script=cyrl;language=dflt;+liga;+tlig;"!
Missing character: There is no е (U+0435) in font "name:TeX Gyre Termes:mode=no
de;script=cyrl;language=dflt;+liga;+tlig;"!
Missing character: There is no р (U+0440) in font "name:TeX Gyre Termes:mode=no
de;script=cyrl;language=dflt;+liga;+tlig;"!
Missing character: There is no ь (U+044C) in font "name:TeX Gyre Termes:mode=no
de;script=cyrl;language=dflt;+liga;+tlig;"!
Missing character: There is no п (U+043F) in font "name:TeX Gyre Termes:mode=no
de;script=cyrl;language=dflt;+liga;+tlig;"!
Missing character: There is no а (U+0430) in font "name:TeX Gyre Termes:mode=no
de;script=cyrl;language=dflt;+liga;+tlig;"!
Missing character: There is no к (U+043A) in font "name:TeX Gyre Termes:mode=no
de;script=cyrl;language=dflt;+liga;+tlig;"!
Missing character: There is no е (U+0435) in font "name:TeX Gyre Termes:mode=no
de;script=cyrl;language=dflt;+liga;+tlig;"!
Missing character: There is no т (U+0442) in font "name:TeX Gyre Termes:mode=no
de;script=cyrl;language=dflt;+liga;+tlig;"!
Missing character: There is no о (U+043E) in font "name:TeX Gyre Termes:mode=no
de;script=cyrl;language=dflt;+liga;+tlig;"!
Missing character: There is no в (U+0432) in font "name:TeX Gyre Termes:mode=no
de;script=cyrl;language=dflt;+liga;+tlig;"!
Missing character: There is no д (U+0434) in font "name:TeX Gyre Termes:mode=no
de;script=cyrl;language=dflt;+liga;+tlig;"!
Missing character: There is no л (U+043B) in font "name:TeX Gyre Termes:mode=no
de;script=cyrl;language=dflt;+liga;+tlig;"!
Missing character: There is no я (U+044F) in font "name:TeX Gyre Termes:mode=no
de;script=cyrl;language=dflt;+liga;+tlig;"!
Missing character: There is no м (U+043C) in font "name:TeX Gyre Termes:mode=no
de;script=cyrl;language=dflt;+liga;+tlig;"!
Missing character: There is no а (U+0430) in font "name:TeX Gyre Termes:mode=no
de;script=cyrl;language=dflt;+liga;+tlig;"!
Missing character: There is no к (U+043A) in font "name:TeX Gyre Termes:mode=no
de;script=cyrl;language=dflt;+liga;+tlig;"!
Missing character: There is no с (U+0441) in font "name:TeX Gyre Termes:mode=no
de;script=cyrl;language=dflt;+liga;+tlig;"!
Missing character: There is no и (U+0438) in font "name:TeX Gyre Termes:mode=no
de;script=cyrl;language=dflt;+liga;+tlig;"!
Missing character: There is no м (U+043C) in font "name:TeX Gyre Termes:mode=no
de;script=cyrl;language=dflt;+liga;+tlig;"!
Missing character: There is no а (U+0430) in font "name:TeX Gyre Termes:mode=no
de;script=cyrl;language=dflt;+liga;+tlig;"!
Missing character: There is no л (U+043B) in font "name:TeX Gyre Termes:mode=no
de;script=cyrl;language=dflt;+liga;+tlig;"!
Missing character: There is no ь (U+044C) in font "name:TeX Gyre Termes:mode=no
de;script=cyrl;language=dflt;+liga;+tlig;"!
Missing character: There is no н (U+043D) in font "name:TeX Gyre Termes:mode=no
de;script=cyrl;language=dflt;+liga;+tlig;"!
Missing character: There is no о (U+043E) in font "name:TeX Gyre Termes:mode=no
de;script=cyrl;language=dflt;+liga;+tlig;"!
Missing character: There is no й (U+0439) in font "name:TeX Gyre Termes:mode=no
de;script=cyrl;language=dflt;+liga;+tlig;"!
Missing character: There is no п (U+043F) in font "name:TeX Gyre Termes:mode=no
de;script=cyrl;language=dflt;+liga;+tlig;"!
Missing character: There is no р (U+0440) in font "name:TeX Gyre Termes:mode=no
de;script=cyrl;language=dflt;+liga;+tlig;"!
Missing character: There is no е (U+0435) in font "name:TeX Gyre Termes:mode=no
de;script=cyrl;language=dflt;+liga;+tlig;"!
Missing character: There is no д (U+0434) in font "name:TeX Gyre Termes:mode=no
de;script=cyrl;language=dflt;+liga;+tlig;"!
Missing character: There is no с (U+0441) in font "name:TeX Gyre Termes:mode=no
de;script=cyrl;language=dflt;+liga;+tlig;"!
Missing character: There is no к (U+043A) in font "name:TeX Gyre Termes:mode=no
de;script=cyrl;language=dflt;+liga;+tlig;"!
Missing character: There is no а (U+0430) in font "name:TeX Gyre Termes:mode=no
de;script=cyrl;language=dflt;+liga;+tlig;"!
Missing character: There is no з (U+0437) in font "name:TeX Gyre Termes:mode=no
de;script=cyrl;language=dflt;+liga;+tlig;"!
Missing character: There is no у (U+0443) in font "name:TeX Gyre Termes:mode=no
de;script=cyrl;language=dflt;+liga;+tlig;"!
Missing character: There is no е (U+0435) in font "name:TeX Gyre Termes:mode=no
de;script=cyrl;language=dflt;+liga;+tlig;"!
Missing character: There is no м (U+043C) in font "name:TeX Gyre Termes:mode=no
de;script=cyrl;language=dflt;+liga;+tlig;"!
Missing character: There is no о (U+043E) in font "name:TeX Gyre Termes:mode=no
de;script=cyrl;language=dflt;+liga;+tlig;"!
Missing character: There is no с (U+0441) in font "name:TeX Gyre Termes:mode=no
de;script=cyrl;language=dflt;+liga;+tlig;"!
Missing character: There is no т (U+0442) in font "name:TeX Gyre Termes:mode=no
de;script=cyrl;language=dflt;+liga;+tlig;"!
Missing character: There is no и (U+0438) in font "name:TeX Gyre Termes:mode=no
de;script=cyrl;language=dflt;+liga;+tlig;"!
Missing character: There is no п (U+043F) in font "name:TeX Gyre Termes:mode=no
de;script=cyrl;language=dflt;+liga;+tlig;"!
Missing character: There is no р (U+0440) in font "name:TeX Gyre Termes:mode=no
de;script=cyrl;language=dflt;+liga;+tlig;"!
Missing character: There is no о (U+043E) in font "name:TeX Gyre Termes:mode=no
de;script=cyrl;language=dflt;+liga;+tlig;"!
Missing character: There is no п (U+043F) in font "name:TeX Gyre Termes:mode=no
de;script=cyrl;language=dflt;+liga;+tlig;"!
Missing character: There is no у (U+0443) in font "name:TeX Gyre Termes:mode=no
de;script=cyrl;language=dflt;+liga;+tlig;"!
Missing character: There is no с (U+0441) in font "name:TeX Gyre Termes:mode=no
de;script=cyrl;language=dflt;+liga;+tlig;"!
Missing character: There is no к (U+043A) in font "name:TeX Gyre Termes:mode=no
de;script=cyrl;language=dflt;+liga;+tlig;"!
Missing character: There is no н (U+043D) in font "name:TeX Gyre Termes:mode=no
de;script=cyrl;language=dflt;+liga;+tlig;"!
Missing character: There is no о (U+043E) in font "name:TeX Gyre Termes:mode=no
de;script=cyrl;language=dflt;+liga;+tlig;"!
Missing character: There is no й (U+0439) in font "name:TeX Gyre Termes:mode=no
de;script=cyrl;language=dflt;+liga;+tlig;"!
Missing character: There is no с (U+0441) in font "name:TeX Gyre Termes:mode=no
de;script=cyrl;language=dflt;+liga;+tlig;"!
Missing character: There is no п (U+043F) in font "name:TeX Gyre Termes:mode=no
de;script=cyrl;language=dflt;+liga;+tlig;"!
Missing character: There is no о (U+043E) in font "name:TeX Gyre Termes:mode=no
de;script=cyrl;language=dflt;+liga;+tlig;"!
Missing character: There is no с (U+0441) in font "name:TeX Gyre Termes:mode=no
de;script=cyrl;language=dflt;+liga;+tlig;"!
Missing character: There is no о (U+043E) in font "name:TeX Gyre Termes:mode=no
de;script=cyrl;language=dflt;+liga;+tlig;"!
Missing character: There is no б (U+0431) in font "name:TeX Gyre Termes:mode=no
de;script=cyrl;language=dflt;+liga;+tlig;"!
Missing character: There is no н (U+043D) in font "name:TeX Gyre Termes:mode=no
de;script=cyrl;language=dflt;+liga;+tlig;"!
Missing character: There is no о (U+043E) in font "name:TeX Gyre Termes:mode=no
de;script=cyrl;language=dflt;+liga;+tlig;"!
Missing character: There is no с (U+0441) in font "name:TeX Gyre Termes:mode=no
de;script=cyrl;language=dflt;+liga;+tlig;"!
Missing character: There is no т (U+0442) in font "name:TeX Gyre Termes:mode=no
de;script=cyrl;language=dflt;+liga;+tlig;"!
Missing character: There is no и (U+0438) in font "name:TeX Gyre Termes:mode=no
de;script=cyrl;language=dflt;+liga;+tlig;"!
<doclicense-CC-by-nc-88x31.pdf, id=8, 90.3375pt x 31.61812pt>
File: doclicense-CC-by-nc-88x31.pdf Graphic file (type pdf)
<use doclicense-CC-by-nc-88x31.pdf>
Package luatex.def Info: doclicense-CC-by-nc-88x31.pdf  used on input line 78.
(luatex.def)             Requested size: 45.97339pt x 16.09076pt.
LaTeX Font Info:    Font shape `TU/TeXGyreTermesMath(1)/m/n' will be
(Font)              scaled to size 7.66223pt on input line 78.
LaTeX Font Info:    Font shape `TU/TeXGyreTermesMath(1)/m/n' will be
(Font)              scaled to size 5.74667pt on input line 78.
LaTeX Font Info:    Font shape `TU/TeXGyreTermesMath(1)/m/n' will be
(Font)              scaled to size 4.7889pt on input line 78.
LaTeX Font Info:    Font shape `TU/TeXGyreTermesMath(2)/m/n' will be
(Font)              scaled to size 7.66223pt on input line 78.
LaTeX Font Info:    Font shape `TU/TeXGyreTermesMath(2)/m/n' will be
(Font)              scaled to size 5.74667pt on input line 78.
LaTeX Font Info:    Font shape `TU/TeXGyreTermesMath(2)/m/n' will be
(Font)              scaled to size 4.7889pt on input line 78.
LaTeX Font Info:    Font shape `TU/TeXGyreTermesMath(3)/m/n' will be
(Font)              scaled to size 7.66223pt on input line 78.
LaTeX Font Info:    Font shape `TU/TeXGyreTermesMath(3)/m/n' will be
(Font)              scaled to size 5.74667pt on input line 78.
LaTeX Font Info:    Font shape `TU/TeXGyreTermesMath(3)/m/n' will be
(Font)              scaled to size 4.7889pt on input line 78.
99999-1

Package hyperref Warning: Token not allowed in a PDF string (Unicode):
(hyperref)                removing `\\' on input line 78.


Package hyperref Warning: Token not allowed in a PDF string (Unicode):
(hyperref)                removing `\<let>-command' on input line 78.


Package hyperref Warning: Token not allowed in a PDF string (Unicode):
(hyperref)                removing `\\' on input line 78.


Package hyperref Warning: Token not allowed in a PDF string (Unicode):
(hyperref)                removing `\@centercr' on input line 78.


Package hyperref Warning: Token not allowed in a PDF string (Unicode):
(hyperref)                removing `\@rightskip' on input line 78.


Package hyperref Warning: Token not allowed in a PDF string (Unicode):
(hyperref)                removing `\@flushglue' on input line 78.


Package hyperref Warning: Token not allowed in a PDF string (Unicode):
(hyperref)                removing `\rightskip' on input line 78.


Package hyperref Warning: Token not allowed in a PDF string (Unicode):
(hyperref)                removing `\@rightskip' on input line 78.


Package hyperref Warning: Token not allowed in a PDF string (Unicode):
(hyperref)                removing `\finalhyphendemerits' on input line 78.


Package hyperref Warning: Token not allowed in a PDF string (Unicode):
(hyperref)                removing `\z@' on input line 78.


Package hyperref Warning: Token not allowed in a PDF string (Unicode):
(hyperref)                removing `\leftskip' on input line 78.


Package hyperref Warning: Token not allowed in a PDF string (Unicode):
(hyperref)                removing `\z@skip' on input line 78.


Package hyperref Warning: Token not allowed in a PDF string (Unicode):
(hyperref)                removing `\parindent' on input line 78.


Package hyperref Warning: Token not allowed in a PDF string (Unicode):
(hyperref)                removing `\z@' on input line 78.


Package hyperref Warning: Token not allowed in a PDF string (Unicode):
(hyperref)                removing `\leavevmode@ifvmode' on input line 78.


Package hyperref Warning: Token not allowed in a PDF string (Unicode):
(hyperref)                \kern 1.59663pt
(hyperref)                removed on input line 78.


Package hyperref Warning: Token not allowed in a PDF string (Unicode):
(hyperref)                removing `\unhbox' on input line 78.


Package hyperref Warning: Token not allowed in a PDF string (Unicode):
(hyperref)                removing `\voidb@x' on input line 78.


Package hyperref Warning: Token not allowed in a PDF string (Unicode):
(hyperref)                removing `\leavevmode@ifvmode' on input line 78.


Package hyperref Warning: Token not allowed in a PDF string (Unicode):
(hyperref)                \kern 1.59663pt
(hyperref)                removed on input line 78.


Package hyperref Warning: Token not allowed in a PDF string (Unicode):
(hyperref)                removing `\unskip' on input line 78.


Package hyperref Warning: Token not allowed in a PDF string (Unicode):
(hyperref)                removing `\<let>-command' on input line 78.


Package hyperref Warning: Token not allowed in a PDF string (Unicode):
(hyperref)                removing `\\' on input line 78.

LaTeX Font Info:    Font shape `TU/TeXGyreTermes(0)/m/it' will be
(Font)              scaled to size 9.9768pt on input line 78.

LaTeX Warning: Reference `1:endtitle' on page 1 undefined on input line 78.

LaTeX Font Info:    Font shape `TU/TeXGyreTermes(0)/b/n' will be
(Font)              scaled to size 7.47937pt on input line 78.
LaTeX Font Info:    Font shape `TU/TeXGyreTermes(0)/m/n' will be
(Font)              scaled to size 13.792pt on input line 78.
LaTeX Font Info:    Font shape `TU/TeXGyreHeros(0)/m/n' will be
(Font)              scaled to size 11.84435pt on input line 78.
LaTeX Font Info:    Font shape `TU/TeXGyreHeros(0)/b/n' will be
(Font)              scaled to size 11.49344pt on input line 78.
LaTeX Font Info:    Font shape `TU/TeXGyreTermes(0)/m/n' will be
(Font)              scaled to size 7.08755pt on input line 78.
LaTeX Font Info:    Font shape `TU/TeXGyreTermes(0)/m/n' will be
(Font)              scaled to size 5.26778pt on input line 78.
LaTeX Font Info:    Font shape `TU/TeXGyreTermes(0)/m/it' will be
(Font)              scaled to size 8.97913pt on input line 78.
LaTeX Font Info:    Font shape `TU/TeXGyreTermesMath(1)/m/n' will be
(Font)              scaled to size 8.62001pt on input line 78.
LaTeX Font Info:    Font shape `TU/TeXGyreTermes(0)/m/n' will be
(Font)              scaled to size 5.74667pt on input line 78.
LaTeX Font Info:    Font shape `TU/TeXGyreTermes(0)/m/n' will be
(Font)              scaled to size 4.7889pt on input line 78.
LaTeX Font Info:    Font shape `TU/TeXGyreTermesMath(2)/m/n' will be
(Font)              scaled to size 8.62001pt on input line 78.
LaTeX Font Info:    Font shape `TU/TeXGyreTermesMath(3)/m/n' will be
(Font)              scaled to size 8.62001pt on input line 78.
1-col
1-col
1-col
LaTeX Font Info:    Font shape `TU/TeXGyreTermes(0)/m/n' will be
(Font)              scaled to size 11.49335pt on input line 80.
LaTeX Font Info:    Font shape `TU/TeXGyreTermes(0)/b/n' will be
(Font)              scaled to size 11.21906pt on input line 80.
LaTeX Font Info:    Font shape `TU/TeXGyreHeros(0)/b/n' will be
(Font)              scaled to size 9.57788pt on input line 80.
<image/logo.pdf, id=21, 465.74pt x 395.4775pt>
File: image/logo.pdf Graphic file (type pdf)
<use image/logo.pdf>
Package luatex.def Info: image/logo.pdf  used on input line 87.
(luatex.def)             Requested size: 39.83629pt x 33.82332pt.
LaTeX Font Info:    Font shape `TU/TeXGyreTermes(0)/b/it' will be
(Font)              scaled to size 7.6792pt on input line 87.

LaTeX Warning: Reference `1:endtitle' on page 1 undefined on input line 87.


Package fancyhdr Warning: \headheight is too small (27.0pt): 
(fancyhdr)                Make it at least 33.82332pt, for example:
(fancyhdr)                \setlength{\headheight}{33.82332pt}.
(fancyhdr)                You might also make \topmargin smaller:
(fancyhdr)                \addtolength{\topmargin}{-6.82332pt}.


Package fancyhdr Warning: \footskip is too small (0.0pt): 
(fancyhdr)                Make it at least 3.60004pt, for example:
(fancyhdr)                \setlength{\footskip}{3.60004pt}.

[1{/usr/local/texlive/2026/texmf-var/fonts/map/pdftex/updmap/pdftex.map}

<./image/logo.pdf></usr/local/texlive/2026/texmf-dist/tex/latex/doclicense/image
s/doclicense-CC-by-nc-88x31.pdf>]
LaTeX Font Info:    Font shape `TU/TeXGyreHeros(0)/b/n' will be
(Font)              scaled to size 7.98157pt on input line 87.
LaTeX Font Info:    Font shape `TU/TeXGyreTermes(0)/b/n' will be
(Font)              scaled to size 9.34921pt on input line 105.
LaTeX Font Info:    Font shape `TU/TeXGyreTermes(0)/m/it' will be
(Font)              scaled to size 7.98145pt on input line 106.


LaTeX Warning: Reference `1:endtitle' on page 2 undefined on input line 106.


Package fancyhdr Warning: \footskip is too small (0.0pt): 
(fancyhdr)                Make it at least 3.60004pt, for example:
(fancyhdr)                \setlength{\footskip}{3.60004pt}.

[2]

Package fancyhdr Warning: \footskip is too small (0.0pt): 
(fancyhdr)                Make it at least 3.60004pt, for example:
(fancyhdr)                \setlength{\footskip}{3.60004pt}.

[3]

LaTeX Warning: Reference `1:endtitle' on page 4 undefined on input line 184.


Package fancyhdr Warning: \footskip is too small (0.0pt): 
(fancyhdr)                Make it at least 3.60004pt, for example:
(fancyhdr)                \setlength{\footskip}{3.60004pt}.

[4]
LaTeX Font Info:    Font shape `TU/TeXGyreCursor(0)/m/n' will be
(Font)              scaled to size 10.3357pt on input line 199.

Underfull \hbox (badness 2197) in paragraph at lines 200--201
[]\TU/TeXGyreCursor(0)/m/n/10 traffic-control\TU/TeXGyreTermes(0)/m/n/10 ---queu
e dis-ci-plines in-clud-ing \TU/TeXGyreCursor(0)/m/n/10 RedQueueDisc \TU/TeXGyr
eTermes(0)/m/n/10 (RED, ARED, Gen-
 []


Package fancyhdr Warning: \footskip is too small (0.0pt): 
(fancyhdr)                Make it at least 3.60004pt, for example:
(fancyhdr)                \setlength{\footskip}{3.60004pt}.

[5]
\g__cctab_tmpix_cctab=\catcodetable20


LaTeX Warning: Reference `1:endtitle' on page 6 undefined on input line 243.


Package fancyhdr Warning: \footskip is too small (0.0pt): 
(fancyhdr)                Make it at least 3.60004pt, for example:
(fancyhdr)                \setlength{\footskip}{3.60004pt}.

[6]
\pydata@fh@0=\write8

\openout8 = _C21F969B5F03D33D43E04F8F136E7682.data.minted
runsystem(latexminted config  --timestamp 20260614211439 C21F969B5F03D33D43E04F8
F136E7682)...executed.
 (./_C21F969B5F03D33D43E04F8F136E7682.config.minted)
runsystem(latexminted cleanconfig  --timestamp 20260614211439 C21F969B5F03D33D43
E04F8F136E7682)...executed.

(./_minted/default.style.minted)
(./_minted/CA85BCA17E05035D75CB15368F0E8B06.highlight.minted
LaTeX Font Info:    Font shape `TU/TeXGyreCursor(0)/m/n' will be
(Font)              scaled to size 9.30212pt on input line 1.
)
(./_minted/B404670A6DBE5643196D756507EDC4FF.highlight.minted

Package fancyhdr Warning: \footskip is too small (0.0pt): 
(fancyhdr)                Make it at least 3.60004pt, for example:
(fancyhdr)                \setlength{\footskip}{3.60004pt}.

[7]) (./_minted/E5FFB564A6FD3A47942EAF5BCBA37973.highlight.minted)

LaTeX Warning: Reference `1:endtitle' on page 8 undefined on input line 349.


Package fancyhdr Warning: \footskip is too small (0.0pt): 
(fancyhdr)                Make it at least 3.60004pt, for example:
(fancyhdr)                \setlength{\footskip}{3.60004pt}.

[8] (./_minted/F7FE360EAC29FCA65E81500DC9A3479B.highlight.minted)
(./_minted/7A9BA3656E1C051CDDC7CA489EE06192.highlight.minted)
(./_minted/95BD1BB19585D1A11D63AEAB39F93DB9.highlight.minted
LaTeX Font Info:    Font shape `TU/TeXGyreCursor(0)/m/n' will be
(Font)              scaled to size 5.16785pt on input line 2.
)
(./_minted/1A3D146887EC305AB56F930F63A3679B.highlight.minted)
(./_minted/3CE1B0362D9CF239E2A8DEA1C680882F.highlight.minted
LaTeX Font Info:    Font shape `TU/TeXGyreCursor(0)/m/it' will be
(Font)              scaled to size 9.30212pt on input line 2.
LaTeX Font Info:    Font shape `TU/TeXGyreCursor(0)/b/n' will be
(Font)              scaled to size 8.8764pt on input line 9.
)

Package fancyhdr Warning: \footskip is too small (0.0pt): 
(fancyhdr)                Make it at least 3.60004pt, for example:
(fancyhdr)                \setlength{\footskip}{3.60004pt}.

[9] (./_minted/E7E6024E5155B86704C3718CA5D846B4.highlight.minted)
Underfull \vbox (badness 10000) has occurred while \output is active []



LaTeX Warning: Reference `1:endtitle' on page 10 undefined on input line 460.


Package fancyhdr Warning: \footskip is too small (0.0pt): 
(fancyhdr)                Make it at least 3.60004pt, for example:
(fancyhdr)                \setlength{\footskip}{3.60004pt}.

[10] (./_minted/C67313B659D2F116F5A255439A2AD112.highlight.minted)
Underfull \vbox (badness 10000) has occurred while \output is active []



Package fancyhdr Warning: \footskip is too small (0.0pt): 
(fancyhdr)                Make it at least 3.60004pt, for example:
(fancyhdr)                \setlength{\footskip}{3.60004pt}.

[11]
Overfull \hbox (10.54074pt too wide) in paragraph at lines 524--525
 [][] 
 []


Underfull \vbox (badness 10000) has occurred while \output is active []



LaTeX Warning: Reference `1:endtitle' on page 12 undefined on input line 526.


Package fancyhdr Warning: \footskip is too small (0.0pt): 
(fancyhdr)                Make it at least 3.60004pt, for example:
(fancyhdr)                \setlength{\footskip}{3.60004pt}.

[12] (./image/queue.pgf)
Underfull \vbox (badness 10000) has occurred while \output is active []



Package fancyhdr Warning: \footskip is too small (0.0pt): 
(fancyhdr)                Make it at least 3.60004pt, for example:
(fancyhdr)                \setlength{\footskip}{3.60004pt}.

[13]
Underfull \vbox (badness 10000) has occurred while \output is active []



LaTeX Warning: Reference `1:endtitle' on page 14 undefined on input line 573.


Package fancyhdr Warning: \footskip is too small (0.0pt): 
(fancyhdr)                Make it at least 3.60004pt, for example:
(fancyhdr)                \setlength{\footskip}{3.60004pt}.

[14] (./image/throughput.pgf)
Underfull \vbox (badness 10000) has occurred while \output is active []



Package fancyhdr Warning: \footskip is too small (0.0pt): 
(fancyhdr)                Make it at least 3.60004pt, for example:
(fancyhdr)                \setlength{\footskip}{3.60004pt}.

[15] (./image/drops.pgf)
Underfull \vbox (badness 1990) has occurred while \output is active []



LaTeX Warning: Reference `1:endtitle' on page 16 undefined on input line 638.


Package fancyhdr Warning: \footskip is too small (0.0pt): 
(fancyhdr)                Make it at least 3.60004pt, for example:
(fancyhdr)                \setlength{\footskip}{3.60004pt}.

[16]
Underfull \vbox (badness 10000) has occurred while \output is active []



Package fancyhdr Warning: \footskip is too small (0.0pt): 
(fancyhdr)                Make it at least 3.60004pt, for example:
(fancyhdr)                \setlength{\footskip}{3.60004pt}.

[17]

LaTeX Warning: Reference `1:endtitle' on page 18 undefined on input line 706.


Package fancyhdr Warning: \footskip is too small (0.0pt): 
(fancyhdr)                Make it at least 3.60004pt, for example:
(fancyhdr)                \setlength{\footskip}{3.60004pt}.

[18]
LaTeX Font Info:    Font shape `TU/TeXGyreHeros(0)/m/n' will be
(Font)              scaled to size 6.5802pt on input line 723.
LaTeX Font Info:    Font shape `TU/TeXGyreHeros(0)/b/n' will be
(Font)              scaled to size 6.38525pt on input line 723.


Package fancyhdr Warning: \footskip is too small (0.0pt): 
(fancyhdr)                Make it at least 3.60004pt, for example:
(fancyhdr)                \setlength{\footskip}{3.60004pt}.

[19] [20


]

Class scrbook Warning: Redefinition of \@makeschapterhead detected.
(scrbook)              Note: KOMA-Script does use styles for commands like
(scrbook)              \chapter. Currently it internally still provides and
(scrbook)              uses \@makeschapterhead, but a completely different
(scrbook)              definition compared to the standard classes.
(scrbook)              So redefining or using internal \@makeschapterhead
(scrbook)              by users or package authors may already break
(scrbook)              KOMA-Script and will not work with a coming version,
(scrbook)              that will remove this deprecated code.

LaTeX Font Info:    Font shape `TU/TeXGyreTermes(0)/b/n' will be
(Font)              scaled to size 13.46286pt on input line 741.

Package fancyhdr Warning: \footskip is too small (0.0pt): 
(fancyhdr)                Make it at least 3.60004pt, for example:
(fancyhdr)                \setlength{\footskip}{3.60004pt}.

[21])
\tf@titlelist.tex=\write9

\openout9 = default.titlelist.tex

Package fontspec Info: 
(fontspec)             TeX Gyre Termes scale = 0.957775611410164.

LaTeX Font Info:    Font shape `TU/TeXGyreTermes(1)/m/n' will be
(Font)              scaled to size 7.66223pt on input line 23.
LaTeX Font Info:    Font shape `TU/TeXGyreTermes(1)/m/it' will be
(Font)              scaled to size 7.98145pt on input line 23.


LaTeX Warning: Reference `1:endtitle' on page 22 undefined on input line 23.


Package fontspec Info: 
(fontspec)             TeX Gyre Termes scale = 0.957775611410164.

LaTeX Font Info:    Font shape `TU/TeXGyreTermes(1)/b/n' will be
(Font)              scaled to size 7.47937pt on input line 23.

Package fancyhdr Warning: \footskip is too small (0.0pt): 
(fancyhdr)                Make it at least 3.60004pt, for example:
(fancyhdr)                \setlength{\footskip}{3.60004pt}.

(/usr/local/texlive/2026/texmf-dist/tex/generic/stringenc/se-pdfdoc.def
File: se-pdfdoc.def 2019/11/29 v1.12 stringenc: PDFDocEncoding
)
(/usr/local/texlive/2026/texmf-dist/tex/generic/stringenc/se-utf32be.def
File: se-utf32be.def 2019/11/29 v1.12 stringenc: UTF-32BE
)
[22] (./default.aux)
 ***********
LaTeX2e <2025-11-01>
L3 programming layer <2026-01-19>
 ***********


LaTeX Warning: There were undefined references.


LaTeX Warning: There were multiply-defined labels.

Package logreq Info: Writing requests to 'default.run.xml'.

\openout1 = default.run.xml
)

Here is how much of LuaTeX's memory you used:
 52236 strings out of 476076
 381505,3417909 words of node,token memory allocated
 29305 words of node memory still in use:
   18 hlist, 3 vlist, 2 rule, 357 disc, 1 local_par, 219 glue, 21 kern, 16 penal
ty, 3257 glyph, 36 attribute, 85 glue_spec, 36 attribute_list, 3 write, 6 pdf_ac
tion nodes
   avail lists: 1:10,2:44477,3:43130,4:634,5:1007,6:162,7:12738,8:52,9:2177,10:3
2,11:988
 73220 multiletter control sequences out of 65536+600000
 178 fonts using 45226747 bytes
 136i,17n,141p,11220b,6391s stack positions out of 10000i,1000n,20000p,200000b,200000s
</usr/local/texlive/2026/texmf-dist/fonts/opentype/public/tex-gyre/texgyrecursor
-bold.otf></usr/local/texlive/2026/texmf-dist/fonts/opentype/public/tex-gyre/tex
gyrecursor-italic.otf></usr/local/texlive/2026/texmf-dist/fonts/opentype/public/
tex-gyre-math/texgyretermes-math.otf></usr/local/texlive/2026/texmf-dist/fonts/o
pentype/public/tex-gyre/texgyrecursor-regular.otf></usr/local/texlive/2026/texmf
-dist/fonts/opentype/public/tex-gyre-math/texgyretermes-math.otf></usr/local/tex
live/2026/texmf-dist/fonts/opentype/public/tex-gyre-math/texgyretermes-math.otf>
</usr/local/texlive/2026/texmf-dist/fonts/opentype/public/tex-gyre/texgyreheros-
bold.otf></usr/local/texlive/2026/texmf-dist/fonts/opentype/public/tex-gyre/texg
yretermes-italic.otf></usr/local/texlive/2026/texmf-dist/fonts/opentype/public/t
ex-gyre/texgyretermes-regular.otf></usr/local/texlive/2026/texmf-dist/fonts/open
type/public/tex-gyre/texgyretermes-bolditalic.otf></usr/local/texlive/2026/texmf
-dist/fonts/opentype/public/tex-gyre/texgyretermes-bold.otf>
Output written on default.pdf (22 pages, 707284 bytes).

PDF statistics: 399 PDF objects out of 1000 (max. 8388607)
 315 compressed objects within 4 object streams
 99 named destinations out of 1000 (max. 1048576)
 29 words of extra memory for PDF output out of 10000 (max. 100000000)

